[{"model": "meal.ingredient", "pk": 1, "fields": {"name": "Onion", "description": null, "ingredient_group": "veggies_and_fruits"}}, {"model": "meal.ingredient", "pk": 2, "fields": {"name": "Pepper", "description": null, "ingredient_group": "spices"}}, {"model": "meal.ingredient", "pk": 3, "fields": {"name": "Ground porc", "description": null, "ingredient_group": "meat"}}, {"model": "meal.ingredient", "pk": 4, "fields": {"name": "Ground beef", "description": null, "ingredient_group": "meat"}}, {"model": "meal.ingredient", "pk": 5, "fields": {"name": "Chicken thighs", "description": null, "ingredient_group": "meat"}}, {"model": "meal.ingredient", "pk": 6, "fields": {"name": "Turkey thighs", "description": null, "ingredient_group": "meat"}}, {"model": "meal.ingredient", "pk": 7, "fields": {"name": "Porc toulouse sausage", "description": null, "ingredient_group": "meat"}}, {"model": "meal.ingredient", "pk": 8, "fields": {"name": "Beef cubes", "description": null, "ingredient_group": "meat"}}, {"model": "meal.ingredient", "pk": 9, "fields": {"name": "Lamb cubes", "description": null, "ingredient_group": "meat"}}, {"model": "meal.ingredient", "pk": 10, "fields": {"name": "Ham", "description": null, "ingredient_group": "meat"}}, {"model": "meal.ingredient", "pk": 11, "fields": {"name": "Pork cubes", "description": null, "ingredient_group": "meat"}}, {"model": "meal.ingredient", "pk": 12, "fields": {"name": "Cheese : Feta", "description": null, "ingredient_group": "dairy"}}, {"model": "meal.ingredient", "pk": 13, "fields": {"name": "Cheese : Cheddar", "description": null, "ingredient_group": "dairy"}}, {"model": "meal.ingredient", "pk": 14, "fields": {"name": "Cheese : Parmesan", "description": null, "ingredient_group": "dairy"}}, {"model": "meal.ingredient", "pk": 15, "fields": {"name": "Cheese : Blue cheese", "description": null, "ingredient_group": "dairy"}}, {"model": "meal.ingredient", "pk": 16, "fields": {"name": "Cheese : Mozzarella", "description": null, "ingredient_group": "dairy"}}, {"model": "meal.ingredient", "pk": 17, "fields": {"name": "Cheese : Bocconcini", "description": null, "ingredient_group": "dairy"}}, {"model": "meal.ingredient", "pk": 18, "fields": {"name": "Cheese : Ricotta", "description": null, "ingredient_group": "dairy"}}, {"model": "meal.ingredient", "pk": 19, "fields": {"name": "Cheese : Cottage cheese", "description": null, "ingredient_group": "dairy"}}, {"model": "meal.ingredient", "pk": 20, "fields": {"name": "Milk", "description": null, "ingredient_group": "dairy"}}, {"model": "meal.ingredient", "pk": 21, "fields": {"name": "Lactose-free milk", "description": null, "ingredient_group": "dairy"}}, {"model": "meal.ingredient", "pk": 22, "fields": {"name": "Butter", "description": null, "ingredient_group": "dairy"}}, {"model": "meal.ingredient", "pk": 23, "fields": {"name": "soy sauce", "description": null, "ingredient_group": "oils_and_sauces"}}, {"model": "meal.ingredient", "pk": 24, "fields": {"name": "green peppers", "description": null, "ingredient_group": "veggies_and_fruits"}}, {"model": "meal.ingredient", "pk": 25, "fields": {"name": "sesame seeds", "description": null, "ingredient_group": "dry_and_canned_goods"}}, {"model": "meal.ingredient", "pk": 26, "fields": {"name": "celery", "description": null, "ingredient_group": "veggies_and_fruits"}}, {"model": "meal.component", "pk": 1, "fields": {"name": "Coq au vin", "description": null, "component_group": "main_dish"}}, {"model": "meal.component", "pk": 2, "fields": {"name": "Meat pie", "description": null, "component_group": "main_dish"}}, {"model": "meal.component", "pk": 3, "fields": {"name": "Vegetable fried rice", "description": null, "component_group": "main_dish"}}, {"model": "meal.component", "pk": 4, "fields": {"name": "Sausage cassoulet", "description": null, "component_group": "main_dish"}}, {"model": "meal.component", "pk": 5, "fields": {"name": "Fish chowder", "description": null, "component_group": "main_dish"}}, {"model": "meal.component", "pk": 6, "fields": {"name": "Ginger pork", "description": null, "component_group": "main_dish"}}, {"model": "meal.component", "pk": 7, "fields": {"name": "Beef Meatloaf", "description": null, "component_group": "main_dish"}}, {"model": "meal.component", "pk": 8, "fields": {"name": "Day s Dessert", "description": null, "component_group": "dessert"}}, {"model": "meal.component", "pk": 9, "fields": {"name": "Day s Diabetic Dessert", "description": null, "component_group": "diabetic"}}, {"model": "meal.component", "pk": 10, "fields": {"name": "Fruit Salad", "description": null, "component_group": "fruit_salad"}}, {"model": "meal.component", "pk": 11, "fields": {"name": "Green Salad", "description": null, "component_group": "green_salad"}}, {"model": "meal.component", "pk": 12, "fields": {"name": "Day s Pudding", "description": null, "component_group": "pudding"}}, {"model": "meal.component", "pk": 13, "fields": {"name": "Day s Compote", "description": null, "component_group": "compote"}}, {"model": "meal.component_ingredient", "pk": 1, "fields": {"component": 6, "ingredient": 3, "date": null}}, {"model": "meal.component_ingredient", "pk": 2, "fields": {"component": 6, "ingredient": 23, "date": null}}, {"model": "meal.component_ingredient", "pk": 3, "fields": {"component": 6, "ingredient": 24, "date": null}}, {"model": "meal.component_ingredient", "pk": 4, "fields": {"component": 6, "ingredient": 25, "date": null}}, {"model": "meal.component_ingredient", "pk": 5, "fields": {"component": 6, "ingredient": 1, "date": null}}, {"model": "meal.component_ingredient", "pk": 6, "fields": {"component": 6, "ingredient": 3, "date": "2016-05-21"}}, {"model": "meal.component_ingredient", "pk": 7, "fields": {"component": 6, "ingredient": 23, "date": "2016-05-21"}}, {"model": "meal.component_ingredient", "pk": 8, "fields": {"component": 6, "ingredient": 26, "date": "2016-05-21"}}, {"model": "meal.component_ingredient", "pk": 9, "fields": {"component": 6, "ingredient": 25, "date": "2016-05-21"}}, {"model": "meal.component_ingredient", "pk": 10, "fields": {"component": 6, "ingredient": 1, "date": "2016-05-21"}}, {"model": "meal.restricted_item", "pk": 1, "fields": {"name": "onion", "description": "", "restricted_item_group": "vegetables"}}, {"model": "meal.restricted_item", "pk": 2, "fields": {"name": "pork", "description": "", "restricted_item_group": "veggies and fruits"}}, {"model": "meal.restricted_item", "pk": 3, "fields": {"name": "soya", "description": "", "restricted_item_group": "other"}}, {"model": "meal.restricted_item", "pk": 4, "fields": {"name": "soy sauce", "description": "gluten, salt", "restricted_item_group": "other"}}, {"model": "meal.restricted_item", "pk": 5, "fields": {"name": "seeds", "description": "text", "restricted_item_group": "veggies and fruits"}}, {"model": "meal.restricted_item", "pk": 6, "fields": {"name": "sesame", "description": "text", "restricted_item_group": "veggies and fruits"}}, {"model": "meal.restricted_item", "pk": 7, "fields": {"name": "green veggies", "description": "text", "restricted_item_group": "veggies and fruits"}}, {"model": "meal.restricted_item", "pk": 8, "fields": {"name": "brussel sprouts", "description": "text", "restricted_item_group": "veggies and fruits"}}, {"model": "meal.incompatibility", "pk": 1, "fields": {"restricted_item": 1, "ingredient": 1}}, {"model": "meal.incompatibility", "pk": 2, "fields": {"restricted_item": 2, "ingredient": 3}}, {"model": "meal.incompatibility", "pk": 3, "fields": {"restricted_item": 3, "ingredient": 23}}, {"model": "meal.incompatibility", "pk": 4, "fields": {"restricted_item": 4, "ingredient": 23}}, {"model": "meal.incompatibility", "pk": 5, "fields": {"restricted_item": 5, "ingredient": 25}}, {"model": "meal.incompatibility", "pk": 6, "fields": {"restricted_item": 6, "ingredient": 25}}]