[
{
    "model": "member.member",
    "pk": 861,
    "fields": {
        "firstname": "John",
        "lastname": "Doe",
        "address": 508,
        "created_at": "2016-08-12T12:04:20.783Z",
        "updated_at": "2016-08-12T12:04:20.783Z"
    }
},
{
    "model": "member.member",
    "pk": 862,
    "fields": {
        "firstname": "Louise",
        "lastname": "Dallaire",
        "address": 509,
        "created_at": "2016-08-12T12:04:20.799Z",
        "updated_at": "2016-08-12T12:04:20.799Z"
    }
},
{
    "model": "member.member",
    "pk": 863,
    "fields": {
        "firstname": "Paul",
        "lastname": "Taylor",
        "address": 511,
        "created_at": "2016-08-12T12:04:20.799Z",
        "updated_at": "2016-08-12T12:04:20.799Z"
    }
},
{
    "model": "member.member",
    "pk": 864,
    "fields": {
        "firstname": "Peter",
        "lastname": "Murray",
        "address": 510,
        "created_at": "2016-08-12T12:04:20.815Z",
        "updated_at": "2016-08-12T12:04:20.815Z"
    }
},
{
    "model": "member.member",
    "pk": 865,
    "fields": {
        "firstname": "Dr. Lucie",
        "lastname": "Tremblay",
        "address": null,
        "created_at": "2016-08-12T12:04:20.815Z",
        "updated_at": "2016-08-12T12:04:20.815Z"
    }
},
{
    "model": "member.member",
    "pk": 866,
    "fields": {
        "firstname": "Dr. Mary",
        "lastname": "Johnson",
        "address": null,
        "created_at": "2016-08-12T12:04:20.830Z",
        "updated_at": "2016-08-12T12:04:20.830Z"
    }
},
{
    "model": "member.member",
    "pk": 867,
    "fields": {
        "firstname": "Bob",
        "lastname": "Brown",
        "address": 510,
        "created_at": "2016-08-12T12:04:20.830Z",
        "updated_at": "2016-08-12T12:04:20.830Z"
    }
},
{
    "model": "member.member",
    "pk": 868,
    "fields": {
        "firstname": "Kevin",
        "lastname": "Tracy",
        "address": 511,
        "created_at": "2016-08-12T12:04:20.846Z",
        "updated_at": "2016-08-12T12:04:20.846Z"
    }
},
{
    "model": "member.member",
    "pk": 869,
    "fields": {
        "firstname": "Roger",
        "lastname": "Blondin",
        "address": 509,
        "created_at": "2016-08-12T12:04:20.846Z",
        "updated_at": "2016-08-12T12:04:20.846Z"
    }
},
{
    "model": "member.member",
    "pk": 870,
    "fields": {
        "firstname": "Mario",
        "lastname": "Rossi",
        "address": 512,
        "created_at": "2016-08-31T12:06:06.250Z",
        "updated_at": "2016-08-31T12:06:06.277Z"
    }
},
{
    "model": "member.address",
    "pk": 508,
    "fields": {
        "number": 2444,
        "street": "Des Perdrix",
        "apartment": "407",
        "floor": 10,
        "city": "Montreal",
        "postal_code": "H1A2B3",
        "longitude": null,
        "latitude": null,
        "distance": null
    }
},
{
    "model": "member.address",
    "pk": 509,
    "fields": {
        "number": 1244,
        "street": "Des Hirondelles",
        "apartment": "4",
        "floor": null,
        "city": "Montreal",
        "postal_code": "H3D4G6",
        "longitude": null,
        "latitude": null,
        "distance": null
    }
},
{
    "model": "member.address",
    "pk": 510,
    "fields": {
        "number": 543,
        "street": "Des \u00c9perviers",
        "apartment": "",
        "floor": null,
        "city": "Montreal",
        "postal_code": "H4E3WS",
        "longitude": null,
        "latitude": null,
        "distance": null
    }
},
{
    "model": "member.address",
    "pk": 511,
    "fields": {
        "number": 4218,
        "street": "4218 Avenue Madison",
        "apartment": "1",
        "floor": null,
        "city": "Montreal",
        "postal_code": "H4B2T9",
        "longitude": "-73.634610",
        "latitude": "45.469894",
        "distance": "6.957810"
    }
},
{
    "model": "member.address",
    "pk": 512,
    "fields": {
        "number": 4194,
        "street": "4194 Avenue Kensington",
        "apartment": "",
        "floor": null,
        "city": "Montreal",
        "postal_code": "H4B 2W",
        "longitude": "-73.628281",
        "latitude": "45.468036",
        "distance": "6.802049"
    }
},
{
    "model": "member.contact",
    "pk": 383,
    "fields": {
        "type": "Home phone",
        "value": "514-345-6789",
        "member": 861
    }
},
{
    "model": "member.contact",
    "pk": 384,
    "fields": {
        "type": "Cell phone",
        "value": "438-234-4567",
        "member": 862
    }
},
{
    "model": "member.contact",
    "pk": 385,
    "fields": {
        "type": "Home phone",
        "value": "514-654-1289",
        "member": 864
    }
},
{
    "model": "member.contact",
    "pk": 386,
    "fields": {
        "type": "Home phone",
        "value": "514-653-1225",
        "member": 870
    }
},
{
    "model": "member.contact",
    "pk": 387,
    "fields": {
        "type": "Home phone",
        "value": "514-987-5443",
        "member": 861
    }
},
{
    "model": "member.route",
    "pk": 4,
    "fields": {
        "name": "ndg",
        "description": "",
        "client_id_sequence": "{\n  \"2\": [\n    870,\n    612,\n    611,\n    610,\n    609,\n    608,\n    607,\n    606\n  ],\n  \"3\": [\n    609,\n    608,\n    606,\n    612,\n    611,\n    610,\n    607\n  ],\n  \"4\": [\n    606,\n    607,\n    608,\n    609,\n    610,\n    611,\n    612\n  ]\n}"
    }
},
{
    "model": "member.route",
    "pk": 5,
    "fields": {
        "name": "mile_end",
        "description": "",
        "client_id_sequence": "{\n  \"2\": []\n}"
    }
},
{
    "model": "member.client",
    "pk": 606,
    "fields": {
        "billing_member": 862,
        "billing_payment_type": "check",
        "rate_type": "default",
        "member": 861,
        "emergency_contact": 863,
        "emergency_contact_relationship": "Nephew",
        "status": "A",
        "language": "en",
        "alert": "",
        "delivery_type": "O",
        "gender": "M",
        "birthdate": "1940-02-23",
        "route": 4,
        "meal_default_week": "{\n  \"compote_friday_quantity\": 0,\n  \"compote_monday_quantity\": 0,\n  \"compote_saturday_quantity\": 0,\n  \"compote_sunday_quantity\": 0,\n  \"compote_thursday_quantity\": 0,\n  \"compote_tuesday_quantity\": 0,\n  \"compote_wednesday_quantity\": 0,\n  \"dessert_friday_quantity\": 1,\n  \"dessert_monday_quantity\": 1,\n  \"dessert_saturday_quantity\": 1,\n  \"dessert_sunday_quantity\": 1,\n  \"dessert_thursday_quantity\": 1,\n  \"dessert_tuesday_quantity\": 1,\n  \"dessert_wednesday_quantity\": 1,\n  \"diabetic_dessert_friday_quantity\": 0,\n  \"diabetic_dessert_monday_quantity\": 0,\n  \"diabetic_dessert_saturday_quantity\": 0,\n  \"diabetic_dessert_sunday_quantity\": 0,\n  \"diabetic_dessert_thursday_quantity\": 0,\n  \"diabetic_dessert_tuesday_quantity\": 0,\n  \"diabetic_dessert_wednesday_quantity\": 0,\n  \"fruit_salad_friday_quantity\": 0,\n  \"fruit_salad_monday_quantity\": 0,\n  \"fruit_salad_saturday_quantity\": 0,\n  \"fruit_salad_sunday_quantity\": 0,\n  \"fruit_salad_thursday_quantity\": 0,\n  \"fruit_salad_tuesday_quantity\": 0,\n  \"fruit_salad_wednesday_quantity\": 0,\n  \"green_salad_friday_quantity\": 1,\n  \"green_salad_monday_quantity\": 1,\n  \"green_salad_saturday_quantity\": 1,\n  \"green_salad_sunday_quantity\": 1,\n  \"green_salad_thursday_quantity\": 1,\n  \"green_salad_tuesday_quantity\": 1,\n  \"green_salad_wednesday_quantity\": 1,\n  \"main_dish_friday_quantity\": 2,\n  \"main_dish_monday_quantity\": 2,\n  \"main_dish_saturday_quantity\": 2,\n  \"main_dish_sunday_quantity\": 2,\n  \"main_dish_thursday_quantity\": 2,\n  \"main_dish_tuesday_quantity\": 2,\n  \"main_dish_wednesday_quantity\": 2,\n  \"pudding_friday_quantity\": 1,\n  \"pudding_monday_quantity\": 1,\n  \"pudding_saturday_quantity\": 1,\n  \"pudding_sunday_quantity\": 1,\n  \"pudding_thursday_quantity\": 1,\n  \"pudding_tuesday_quantity\": 1,\n  \"pudding_wednesday_quantity\": 1,\n  \"size_friday\": \"L\",\n  \"size_monday\": \"L\",\n  \"size_saturday\": \"L\",\n  \"size_sunday\": \"L\",\n  \"size_thursday\": \"L\",\n  \"size_tuesday\": \"L\",\n  \"size_wednesday\": \"L\"\n}",
        "delivery_note": ""
    }
},
{
    "model": "member.client",
    "pk": 607,
    "fields": {
        "billing_member": 864,
        "billing_payment_type": "check",
        "rate_type": "default",
        "member": 864,
        "emergency_contact": 861,
        "emergency_contact_relationship": "Friend",
        "status": "A",
        "language": "en",
        "alert": "",
        "delivery_type": "O",
        "gender": "M",
        "birthdate": "1945-12-13",
        "route": 4,
        "meal_default_week": "{\n  \"compote_friday_quantity\": 0,\n  \"compote_monday_quantity\": 0,\n  \"compote_saturday_quantity\": 0,\n  \"compote_sunday_quantity\": 0,\n  \"compote_thursday_quantity\": 0,\n  \"compote_tuesday_quantity\": 0,\n  \"compote_wednesday_quantity\": 0,\n  \"dessert_friday_quantity\": 1,\n  \"dessert_monday_quantity\": 1,\n  \"dessert_saturday_quantity\": 1,\n  \"dessert_sunday_quantity\": 1,\n  \"dessert_thursday_quantity\": 1,\n  \"dessert_tuesday_quantity\": 1,\n  \"dessert_wednesday_quantity\": 1,\n  \"diabetic_dessert_friday_quantity\": 0,\n  \"diabetic_dessert_monday_quantity\": 0,\n  \"diabetic_dessert_saturday_quantity\": 0,\n  \"diabetic_dessert_sunday_quantity\": 0,\n  \"diabetic_dessert_thursday_quantity\": 0,\n  \"diabetic_dessert_tuesday_quantity\": 0,\n  \"diabetic_dessert_wednesday_quantity\": 0,\n  \"fruit_salad_friday_quantity\": 0,\n  \"fruit_salad_monday_quantity\": 0,\n  \"fruit_salad_saturday_quantity\": 0,\n  \"fruit_salad_sunday_quantity\": 0,\n  \"fruit_salad_thursday_quantity\": 0,\n  \"fruit_salad_tuesday_quantity\": 0,\n  \"fruit_salad_wednesday_quantity\": 0,\n  \"green_salad_friday_quantity\": 0,\n  \"green_salad_monday_quantity\": 0,\n  \"green_salad_saturday_quantity\": 0,\n  \"green_salad_sunday_quantity\": 0,\n  \"green_salad_thursday_quantity\": 0,\n  \"green_salad_tuesday_quantity\": 0,\n  \"green_salad_wednesday_quantity\": 0,\n  \"main_dish_friday_quantity\": 1,\n  \"main_dish_monday_quantity\": 1,\n  \"main_dish_saturday_quantity\": 1,\n  \"main_dish_sunday_quantity\": 1,\n  \"main_dish_thursday_quantity\": 1,\n  \"main_dish_tuesday_quantity\": 1,\n  \"main_dish_wednesday_quantity\": 1,\n  \"pudding_friday_quantity\": 0,\n  \"pudding_monday_quantity\": 0,\n  \"pudding_saturday_quantity\": 0,\n  \"pudding_sunday_quantity\": 0,\n  \"pudding_thursday_quantity\": 0,\n  \"pudding_tuesday_quantity\": 0,\n  \"pudding_wednesday_quantity\": 0,\n  \"size_friday\": \"R\",\n  \"size_monday\": \"R\",\n  \"size_saturday\": \"R\",\n  \"size_sunday\": \"R\",\n  \"size_thursday\": \"R\",\n  \"size_tuesday\": \"R\",\n  \"size_wednesday\": \"R\"\n}",
        "delivery_note": ""
    }
},
{
    "model": "member.client",
    "pk": 608,
    "fields": {
        "billing_member": 862,
        "billing_payment_type": "check",
        "rate_type": "default",
        "member": 862,
        "emergency_contact": 864,
        "emergency_contact_relationship": "Friend",
        "status": "A",
        "language": "en",
        "alert": "",
        "delivery_type": "O",
        "gender": "M",
        "birthdate": "1943-12-13",
        "route": 4,
        "meal_default_week": "{\n  \"compote_friday_quantity\": 0,\n  \"compote_monday_quantity\": 0,\n  \"compote_saturday_quantity\": 0,\n  \"compote_sunday_quantity\": 0,\n  \"compote_thursday_quantity\": 0,\n  \"compote_tuesday_quantity\": 0,\n  \"compote_wednesday_quantity\": 0,\n  \"dessert_friday_quantity\": 0,\n  \"dessert_monday_quantity\": 0,\n  \"dessert_saturday_quantity\": 0,\n  \"dessert_sunday_quantity\": 0,\n  \"dessert_thursday_quantity\": 0,\n  \"dessert_tuesday_quantity\": 0,\n  \"dessert_wednesday_quantity\": 0,\n  \"diabetic_dessert_friday_quantity\": 0,\n  \"diabetic_dessert_monday_quantity\": 0,\n  \"diabetic_dessert_saturday_quantity\": 0,\n  \"diabetic_dessert_sunday_quantity\": 0,\n  \"diabetic_dessert_thursday_quantity\": 0,\n  \"diabetic_dessert_tuesday_quantity\": 0,\n  \"diabetic_dessert_wednesday_quantity\": 0,\n  \"fruit_salad_friday_quantity\": 0,\n  \"fruit_salad_monday_quantity\": 0,\n  \"fruit_salad_saturday_quantity\": 0,\n  \"fruit_salad_sunday_quantity\": 0,\n  \"fruit_salad_thursday_quantity\": 0,\n  \"fruit_salad_tuesday_quantity\": 0,\n  \"fruit_salad_wednesday_quantity\": 0,\n  \"green_salad_friday_quantity\": 2,\n  \"green_salad_monday_quantity\": 2,\n  \"green_salad_saturday_quantity\": 2,\n  \"green_salad_sunday_quantity\": 2,\n  \"green_salad_thursday_quantity\": 2,\n  \"green_salad_tuesday_quantity\": 2,\n  \"green_salad_wednesday_quantity\": 2,\n  \"main_dish_friday_quantity\": 2,\n  \"main_dish_monday_quantity\": 2,\n  \"main_dish_saturday_quantity\": 2,\n  \"main_dish_sunday_quantity\": 2,\n  \"main_dish_thursday_quantity\": 2,\n  \"main_dish_tuesday_quantity\": 2,\n  \"main_dish_wednesday_quantity\": 2,\n  \"pudding_friday_quantity\": 0,\n  \"pudding_monday_quantity\": 0,\n  \"pudding_saturday_quantity\": 0,\n  \"pudding_sunday_quantity\": 0,\n  \"pudding_thursday_quantity\": 0,\n  \"pudding_tuesday_quantity\": 0,\n  \"pudding_wednesday_quantity\": 0,\n  \"size_friday\": \"R\",\n  \"size_monday\": \"R\",\n  \"size_saturday\": \"R\",\n  \"size_sunday\": \"R\",\n  \"size_thursday\": \"R\",\n  \"size_tuesday\": \"R\",\n  \"size_wednesday\": \"R\"\n}",
        "delivery_note": ""
    }
},
{
    "model": "member.client",
    "pk": 609,
    "fields": {
        "billing_member": 863,
        "billing_payment_type": "check",
        "rate_type": "default",
        "member": 863,
        "emergency_contact": 862,
        "emergency_contact_relationship": "Friend",
        "status": "A",
        "language": "en",
        "alert": "",
        "delivery_type": "O",
        "gender": "M",
        "birthdate": "1943-12-13",
        "route": 4,
        "meal_default_week": "{\n  \"compote_friday_quantity\": 1,\n  \"compote_monday_quantity\": 1,\n  \"compote_saturday_quantity\": 1,\n  \"compote_sunday_quantity\": 1,\n  \"compote_thursday_quantity\": 1,\n  \"compote_tuesday_quantity\": 1,\n  \"compote_wednesday_quantity\": 1,\n  \"dessert_friday_quantity\": 0,\n  \"dessert_monday_quantity\": 0,\n  \"dessert_saturday_quantity\": 0,\n  \"dessert_sunday_quantity\": 0,\n  \"dessert_thursday_quantity\": 0,\n  \"dessert_tuesday_quantity\": 0,\n  \"dessert_wednesday_quantity\": 0,\n  \"diabetic_dessert_friday_quantity\": 0,\n  \"diabetic_dessert_monday_quantity\": 0,\n  \"diabetic_dessert_saturday_quantity\": 0,\n  \"diabetic_dessert_sunday_quantity\": 0,\n  \"diabetic_dessert_thursday_quantity\": 0,\n  \"diabetic_dessert_tuesday_quantity\": 0,\n  \"diabetic_dessert_wednesday_quantity\": 0,\n  \"fruit_salad_friday_quantity\": 0,\n  \"fruit_salad_monday_quantity\": 0,\n  \"fruit_salad_saturday_quantity\": 0,\n  \"fruit_salad_sunday_quantity\": 0,\n  \"fruit_salad_thursday_quantity\": 0,\n  \"fruit_salad_tuesday_quantity\": 0,\n  \"fruit_salad_wednesday_quantity\": 0,\n  \"green_salad_friday_quantity\": 0,\n  \"green_salad_monday_quantity\": 0,\n  \"green_salad_saturday_quantity\": 0,\n  \"green_salad_sunday_quantity\": 0,\n  \"green_salad_thursday_quantity\": 0,\n  \"green_salad_tuesday_quantity\": 0,\n  \"green_salad_wednesday_quantity\": 0,\n  \"main_dish_friday_quantity\": 1,\n  \"main_dish_monday_quantity\": 1,\n  \"main_dish_saturday_quantity\": 1,\n  \"main_dish_sunday_quantity\": 1,\n  \"main_dish_thursday_quantity\": 1,\n  \"main_dish_tuesday_quantity\": 1,\n  \"main_dish_wednesday_quantity\": 1,\n  \"pudding_friday_quantity\": 0,\n  \"pudding_monday_quantity\": 0,\n  \"pudding_saturday_quantity\": 0,\n  \"pudding_sunday_quantity\": 0,\n  \"pudding_thursday_quantity\": 0,\n  \"pudding_tuesday_quantity\": 0,\n  \"pudding_wednesday_quantity\": 0,\n  \"size_friday\": \"L\",\n  \"size_monday\": \"L\",\n  \"size_saturday\": \"L\",\n  \"size_sunday\": \"L\",\n  \"size_thursday\": \"L\",\n  \"size_tuesday\": \"L\",\n  \"size_wednesday\": \"L\"\n}",
        "delivery_note": "The door key is hidden under the pink geranium planter."
    }
},
{
    "model": "member.client",
    "pk": 610,
    "fields": {
        "billing_member": 867,
        "billing_payment_type": "check",
        "rate_type": "default",
        "member": 867,
        "emergency_contact": 868,
        "emergency_contact_relationship": "Friend",
        "status": "A",
        "language": "en",
        "alert": "",
        "delivery_type": "O",
        "gender": "M",
        "birthdate": "1943-12-13",
        "route": 4,
        "meal_default_week": "{\n  \"compote_friday_quantity\": 1,\n  \"compote_monday_quantity\": 1,\n  \"compote_saturday_quantity\": 1,\n  \"compote_sunday_quantity\": 1,\n  \"compote_thursday_quantity\": 1,\n  \"compote_tuesday_quantity\": 1,\n  \"compote_wednesday_quantity\": 1,\n  \"dessert_friday_quantity\": 0,\n  \"dessert_monday_quantity\": 0,\n  \"dessert_saturday_quantity\": 0,\n  \"dessert_sunday_quantity\": 0,\n  \"dessert_thursday_quantity\": 0,\n  \"dessert_tuesday_quantity\": 0,\n  \"dessert_wednesday_quantity\": 0,\n  \"diabetic_dessert_friday_quantity\": 0,\n  \"diabetic_dessert_monday_quantity\": 0,\n  \"diabetic_dessert_saturday_quantity\": 0,\n  \"diabetic_dessert_sunday_quantity\": 0,\n  \"diabetic_dessert_thursday_quantity\": 0,\n  \"diabetic_dessert_tuesday_quantity\": 0,\n  \"diabetic_dessert_wednesday_quantity\": 0,\n  \"fruit_salad_friday_quantity\": 0,\n  \"fruit_salad_monday_quantity\": 0,\n  \"fruit_salad_saturday_quantity\": 0,\n  \"fruit_salad_sunday_quantity\": 0,\n  \"fruit_salad_thursday_quantity\": 0,\n  \"fruit_salad_tuesday_quantity\": 0,\n  \"fruit_salad_wednesday_quantity\": 0,\n  \"green_salad_friday_quantity\": 0,\n  \"green_salad_monday_quantity\": 0,\n  \"green_salad_saturday_quantity\": 0,\n  \"green_salad_sunday_quantity\": 0,\n  \"green_salad_thursday_quantity\": 0,\n  \"green_salad_tuesday_quantity\": 0,\n  \"green_salad_wednesday_quantity\": 0,\n  \"main_dish_friday_quantity\": 1,\n  \"main_dish_monday_quantity\": 1,\n  \"main_dish_saturday_quantity\": 1,\n  \"main_dish_sunday_quantity\": 1,\n  \"main_dish_thursday_quantity\": 1,\n  \"main_dish_tuesday_quantity\": 1,\n  \"main_dish_wednesday_quantity\": 1,\n  \"pudding_friday_quantity\": 0,\n  \"pudding_monday_quantity\": 0,\n  \"pudding_saturday_quantity\": 0,\n  \"pudding_sunday_quantity\": 0,\n  \"pudding_thursday_quantity\": 0,\n  \"pudding_tuesday_quantity\": 0,\n  \"pudding_wednesday_quantity\": 0,\n  \"size_friday\": \"L\",\n  \"size_monday\": \"L\",\n  \"size_saturday\": \"L\",\n  \"size_sunday\": \"L\",\n  \"size_thursday\": \"L\",\n  \"size_tuesday\": \"L\",\n  \"size_wednesday\": \"L\"\n}",
        "delivery_note": ""
    }
},
{
    "model": "member.client",
    "pk": 611,
    "fields": {
        "billing_member": 868,
        "billing_payment_type": "check",
        "rate_type": "default",
        "member": 868,
        "emergency_contact": 867,
        "emergency_contact_relationship": "Friend",
        "status": "A",
        "language": "en",
        "alert": "",
        "delivery_type": "O",
        "gender": "M",
        "birthdate": "1943-12-13",
        "route": 4,
        "meal_default_week": "{\n  \"compote_friday_quantity\": 1,\n  \"compote_monday_quantity\": 1,\n  \"compote_saturday_quantity\": 1,\n  \"compote_sunday_quantity\": 1,\n  \"compote_thursday_quantity\": 1,\n  \"compote_tuesday_quantity\": 1,\n  \"compote_wednesday_quantity\": 1,\n  \"dessert_friday_quantity\": 0,\n  \"dessert_monday_quantity\": 0,\n  \"dessert_saturday_quantity\": 0,\n  \"dessert_sunday_quantity\": 0,\n  \"dessert_thursday_quantity\": 0,\n  \"dessert_tuesday_quantity\": 0,\n  \"dessert_wednesday_quantity\": 0,\n  \"diabetic_dessert_friday_quantity\": 0,\n  \"diabetic_dessert_monday_quantity\": 0,\n  \"diabetic_dessert_saturday_quantity\": 0,\n  \"diabetic_dessert_sunday_quantity\": 0,\n  \"diabetic_dessert_thursday_quantity\": 0,\n  \"diabetic_dessert_tuesday_quantity\": 0,\n  \"diabetic_dessert_wednesday_quantity\": 0,\n  \"fruit_salad_friday_quantity\": 0,\n  \"fruit_salad_monday_quantity\": 0,\n  \"fruit_salad_saturday_quantity\": 0,\n  \"fruit_salad_sunday_quantity\": 0,\n  \"fruit_salad_thursday_quantity\": 0,\n  \"fruit_salad_tuesday_quantity\": 0,\n  \"fruit_salad_wednesday_quantity\": 0,\n  \"green_salad_friday_quantity\": 0,\n  \"green_salad_monday_quantity\": 0,\n  \"green_salad_saturday_quantity\": 0,\n  \"green_salad_sunday_quantity\": 0,\n  \"green_salad_thursday_quantity\": 0,\n  \"green_salad_tuesday_quantity\": 0,\n  \"green_salad_wednesday_quantity\": 0,\n  \"main_dish_friday_quantity\": 1,\n  \"main_dish_monday_quantity\": 1,\n  \"main_dish_saturday_quantity\": 1,\n  \"main_dish_sunday_quantity\": 1,\n  \"main_dish_thursday_quantity\": 1,\n  \"main_dish_tuesday_quantity\": 1,\n  \"main_dish_wednesday_quantity\": 1,\n  \"pudding_friday_quantity\": 0,\n  \"pudding_monday_quantity\": 0,\n  \"pudding_saturday_quantity\": 0,\n  \"pudding_sunday_quantity\": 0,\n  \"pudding_thursday_quantity\": 0,\n  \"pudding_tuesday_quantity\": 0,\n  \"pudding_wednesday_quantity\": 0,\n  \"size_friday\": \"R\",\n  \"size_monday\": \"R\",\n  \"size_saturday\": \"R\",\n  \"size_sunday\": \"R\",\n  \"size_thursday\": \"R\",\n  \"size_tuesday\": \"R\",\n  \"size_wednesday\": \"R\"\n}",
        "delivery_note": ""
    }
},
{
    "model": "member.client",
    "pk": 612,
    "fields": {
        "billing_member": 869,
        "billing_payment_type": "check",
        "rate_type": "default",
        "member": 869,
        "emergency_contact": 868,
        "emergency_contact_relationship": "Friend",
        "status": "A",
        "language": "en",
        "alert": "",
        "delivery_type": "O",
        "gender": "M",
        "birthdate": "1943-12-13",
        "route": 4,
        "meal_default_week": "{\n  \"compote_friday_quantity\": 1,\n  \"compote_monday_quantity\": 1,\n  \"compote_saturday_quantity\": 1,\n  \"compote_sunday_quantity\": 1,\n  \"compote_thursday_quantity\": 1,\n  \"compote_tuesday_quantity\": 1,\n  \"compote_wednesday_quantity\": 1,\n  \"dessert_friday_quantity\": 0,\n  \"dessert_monday_quantity\": 0,\n  \"dessert_saturday_quantity\": 0,\n  \"dessert_sunday_quantity\": 0,\n  \"dessert_thursday_quantity\": 0,\n  \"dessert_tuesday_quantity\": 0,\n  \"dessert_wednesday_quantity\": 0,\n  \"diabetic_dessert_friday_quantity\": 0,\n  \"diabetic_dessert_monday_quantity\": 0,\n  \"diabetic_dessert_saturday_quantity\": 0,\n  \"diabetic_dessert_sunday_quantity\": 0,\n  \"diabetic_dessert_thursday_quantity\": 0,\n  \"diabetic_dessert_tuesday_quantity\": 0,\n  \"diabetic_dessert_wednesday_quantity\": 0,\n  \"fruit_salad_friday_quantity\": 0,\n  \"fruit_salad_monday_quantity\": 0,\n  \"fruit_salad_saturday_quantity\": 0,\n  \"fruit_salad_sunday_quantity\": 0,\n  \"fruit_salad_thursday_quantity\": 0,\n  \"fruit_salad_tuesday_quantity\": 0,\n  \"fruit_salad_wednesday_quantity\": 0,\n  \"green_salad_friday_quantity\": 0,\n  \"green_salad_monday_quantity\": 0,\n  \"green_salad_saturday_quantity\": 0,\n  \"green_salad_sunday_quantity\": 0,\n  \"green_salad_thursday_quantity\": 0,\n  \"green_salad_tuesday_quantity\": 0,\n  \"green_salad_wednesday_quantity\": 0,\n  \"main_dish_friday_quantity\": 1,\n  \"main_dish_monday_quantity\": 1,\n  \"main_dish_saturday_quantity\": 1,\n  \"main_dish_sunday_quantity\": 1,\n  \"main_dish_thursday_quantity\": 1,\n  \"main_dish_tuesday_quantity\": 1,\n  \"main_dish_wednesday_quantity\": 1,\n  \"pudding_friday_quantity\": 0,\n  \"pudding_monday_quantity\": 0,\n  \"pudding_saturday_quantity\": 0,\n  \"pudding_sunday_quantity\": 0,\n  \"pudding_thursday_quantity\": 0,\n  \"pudding_tuesday_quantity\": 0,\n  \"pudding_wednesday_quantity\": 0,\n  \"size_friday\": \"R\",\n  \"size_monday\": \"R\",\n  \"size_saturday\": \"R\",\n  \"size_sunday\": \"R\",\n  \"size_thursday\": \"R\",\n  \"size_tuesday\": \"R\",\n  \"size_wednesday\": \"R\"\n}",
        "delivery_note": ""
    }
},
{
    "model": "member.client",
    "pk": 870,
    "fields": {
        "billing_member": 870,
        "billing_payment_type": "check",
        "rate_type": "default",
        "member": 870,
        "emergency_contact": 861,
        "emergency_contact_relationship": null,
        "status": "A",
        "language": "en",
        "alert": "",
        "delivery_type": "O",
        "gender": "M",
        "birthdate": "1940-03-12",
        "route": 4,
        "meal_default_week": "{\n  \"compote_friday_quantity\": null,\n  \"compote_monday_quantity\": null,\n  \"compote_saturday_quantity\": null,\n  \"compote_sunday_quantity\": null,\n  \"compote_thursday_quantity\": null,\n  \"compote_tuesday_quantity\": null,\n  \"compote_wednesday_quantity\": null,\n  \"dessert_friday_quantity\": null,\n  \"dessert_monday_quantity\": null,\n  \"dessert_saturday_quantity\": null,\n  \"dessert_sunday_quantity\": null,\n  \"dessert_thursday_quantity\": null,\n  \"dessert_tuesday_quantity\": null,\n  \"dessert_wednesday_quantity\": null,\n  \"diabetic_friday_quantity\": null,\n  \"diabetic_monday_quantity\": null,\n  \"diabetic_saturday_quantity\": null,\n  \"diabetic_sunday_quantity\": null,\n  \"diabetic_thursday_quantity\": null,\n  \"diabetic_tuesday_quantity\": null,\n  \"diabetic_wednesday_quantity\": null,\n  \"fruit_salad_friday_quantity\": null,\n  \"fruit_salad_monday_quantity\": null,\n  \"fruit_salad_saturday_quantity\": null,\n  \"fruit_salad_sunday_quantity\": null,\n  \"fruit_salad_thursday_quantity\": null,\n  \"fruit_salad_tuesday_quantity\": null,\n  \"fruit_salad_wednesday_quantity\": null,\n  \"green_salad_friday_quantity\": null,\n  \"green_salad_monday_quantity\": null,\n  \"green_salad_saturday_quantity\": null,\n  \"green_salad_sunday_quantity\": null,\n  \"green_salad_thursday_quantity\": null,\n  \"green_salad_tuesday_quantity\": null,\n  \"green_salad_wednesday_quantity\": null,\n  \"main_dish_friday_quantity\": null,\n  \"main_dish_monday_quantity\": 1,\n  \"main_dish_saturday_quantity\": null,\n  \"main_dish_sunday_quantity\": null,\n  \"main_dish_thursday_quantity\": null,\n  \"main_dish_tuesday_quantity\": 1,\n  \"main_dish_wednesday_quantity\": 1,\n  \"pudding_friday_quantity\": null,\n  \"pudding_monday_quantity\": null,\n  \"pudding_saturday_quantity\": null,\n  \"pudding_sunday_quantity\": null,\n  \"pudding_thursday_quantity\": null,\n  \"pudding_tuesday_quantity\": null,\n  \"pudding_wednesday_quantity\": null,\n  \"size_friday\": null,\n  \"size_monday\": \"R\",\n  \"size_saturday\": null,\n  \"size_sunday\": null,\n  \"size_thursday\": null,\n  \"size_tuesday\": null,\n  \"size_wednesday\": \"R\"\n}",
        "delivery_note": "Ring door bell many times."
    }
},
{
    "model": "member.clientscheduledstatus",
    "pk": 1,
    "fields": {
        "client": 870,
        "linked_scheduled_status": null,
        "status_from": "D",
        "status_to": "A",
        "reason": "He deserves it.",
        "change_date": "2016-08-31",
        "change_state": "START",
        "operation_status": "PRO"
    }
},
{
    "model": "member.referencing",
    "pk": 255,
    "fields": {
        "referent": 865,
        "client": 606,
        "referral_reason": "Can hardly walk.",
        "work_information": "CHUM H\u00f4tel-Dieu",
        "date": "2015-11-02"
    }
},
{
    "model": "member.referencing",
    "pk": 256,
    "fields": {
        "referent": 866,
        "client": 607,
        "referral_reason": "Had an operation.",
        "work_information": "CUSM",
        "date": "2014-01-12"
    }
},
{
    "model": "member.referencing",
    "pk": 257,
    "fields": {
        "referent": 865,
        "client": 609,
        "referral_reason": "Needs help.",
        "work_information": "",
        "date": "2016-05-04"
    }
},
{
    "model": "member.referencing",
    "pk": 258,
    "fields": {
        "referent": 870,
        "client": 870,
        "referral_reason": "Needs help.",
        "work_information": "CHUM",
        "date": "2016-06-07"
    }
},
{
    "model": "member.option",
    "pk": 883,
    "fields": {
        "name": "Fruit Salad",
        "description": "",
        "option_group": "side dish"
    }
},
{
    "model": "member.option",
    "pk": 884,
    "fields": {
        "name": "Green Salad",
        "description": "",
        "option_group": "side dish"
    }
},
{
    "model": "member.option",
    "pk": 885,
    "fields": {
        "name": "Dessert",
        "description": "",
        "option_group": "side dish"
    }
},
{
    "model": "member.option",
    "pk": 886,
    "fields": {
        "name": "Pudding",
        "description": "",
        "option_group": "side dish"
    }
},
{
    "model": "member.option",
    "pk": 887,
    "fields": {
        "name": "Diabetic dessert",
        "description": "",
        "option_group": "side dish"
    }
},
{
    "model": "member.option",
    "pk": 888,
    "fields": {
        "name": "Puree all",
        "description": "",
        "option_group": "preparation"
    }
},
{
    "model": "member.option",
    "pk": 889,
    "fields": {
        "name": "Cut up meat",
        "description": "",
        "option_group": "preparation"
    }
},
{
    "model": "member.client_option",
    "pk": 507,
    "fields": {
        "client": 606,
        "option": 886,
        "value": null
    }
},
{
    "model": "member.client_option",
    "pk": 508,
    "fields": {
        "client": 607,
        "option": 885,
        "value": null
    }
},
{
    "model": "member.client_option",
    "pk": 509,
    "fields": {
        "client": 608,
        "option": 889,
        "value": null
    }
},
{
    "model": "member.restriction",
    "pk": 412,
    "fields": {
        "client": 606,
        "restricted_item": 1012
    }
},
{
    "model": "member.restriction",
    "pk": 413,
    "fields": {
        "client": 606,
        "restricted_item": 1010
    }
},
{
    "model": "member.restriction",
    "pk": 415,
    "fields": {
        "client": 611,
        "restricted_item": 1015
    }
},
{
    "model": "member.client_avoid_ingredient",
    "pk": 410,
    "fields": {
        "client": 609,
        "ingredient": 3237
    }
},
{
    "model": "member.client_avoid_ingredient",
    "pk": 411,
    "fields": {
        "client": 609,
        "ingredient": 3246
    }
},
{
    "model": "member.client_avoid_ingredient",
    "pk": 412,
    "fields": {
        "client": 609,
        "ingredient": 3239
    }
},
{
    "model": "member.client_avoid_ingredient",
    "pk": 413,
    "fields": {
        "client": 612,
        "ingredient": 3239
    }
},
{
    "model": "member.client_avoid_ingredient",
    "pk": 414,
    "fields": {
        "client": 612,
        "ingredient": 3237
    }
},
{
    "model": "member.client_avoid_component",
    "pk": 382,
    "fields": {
        "client": 609,
        "component": 1571
    }
},
{
    "model": "member.client_avoid_component",
    "pk": 383,
    "fields": {
        "client": 609,
        "component": 1577
    }
},
{
    "model": "member.client_avoid_component",
    "pk": 384,
    "fields": {
        "client": 609,
        "component": 1573
    }
},
{
    "model": "member.client_avoid_component",
    "pk": 385,
    "fields": {
        "client": 610,
        "component": 1576
    }
},
{
    "model": "meal.ingredient",
    "pk": 3237,
    "fields": {
        "name": "Onion",
        "description": null,
        "ingredient_group": "veggies_and_fruits"
    }
},
{
    "model": "meal.ingredient",
    "pk": 3238,
    "fields": {
        "name": "Pepper",
        "description": null,
        "ingredient_group": "spices"
    }
},
{
    "model": "meal.ingredient",
    "pk": 3239,
    "fields": {
        "name": "Ground porc",
        "description": null,
        "ingredient_group": "meat"
    }
},
{
    "model": "meal.ingredient",
    "pk": 3240,
    "fields": {
        "name": "Ground beef",
        "description": null,
        "ingredient_group": "meat"
    }
},
{
    "model": "meal.ingredient",
    "pk": 3241,
    "fields": {
        "name": "Chicken thighs",
        "description": null,
        "ingredient_group": "meat"
    }
},
{
    "model": "meal.ingredient",
    "pk": 3242,
    "fields": {
        "name": "Turkey thighs",
        "description": null,
        "ingredient_group": "meat"
    }
},
{
    "model": "meal.ingredient",
    "pk": 3243,
    "fields": {
        "name": "Porc toulouse sausage",
        "description": null,
        "ingredient_group": "meat"
    }
},
{
    "model": "meal.ingredient",
    "pk": 3244,
    "fields": {
        "name": "Beef cubes",
        "description": null,
        "ingredient_group": "meat"
    }
},
{
    "model": "meal.ingredient",
    "pk": 3245,
    "fields": {
        "name": "Lamb cubes",
        "description": null,
        "ingredient_group": "meat"
    }
},
{
    "model": "meal.ingredient",
    "pk": 3246,
    "fields": {
        "name": "Ham",
        "description": null,
        "ingredient_group": "meat"
    }
},
{
    "model": "meal.ingredient",
    "pk": 3247,
    "fields": {
        "name": "Pork cubes",
        "description": null,
        "ingredient_group": "meat"
    }
},
{
    "model": "meal.ingredient",
    "pk": 3248,
    "fields": {
        "name": "Cheese : Feta",
        "description": null,
        "ingredient_group": "dairy"
    }
},
{
    "model": "meal.ingredient",
    "pk": 3249,
    "fields": {
        "name": "Cheese : Cheddar",
        "description": null,
        "ingredient_group": "dairy"
    }
},
{
    "model": "meal.ingredient",
    "pk": 3250,
    "fields": {
        "name": "Cheese : Parmesan",
        "description": null,
        "ingredient_group": "dairy"
    }
},
{
    "model": "meal.ingredient",
    "pk": 3251,
    "fields": {
        "name": "Cheese : Blue cheese",
        "description": null,
        "ingredient_group": "dairy"
    }
},
{
    "model": "meal.ingredient",
    "pk": 3252,
    "fields": {
        "name": "Cheese : Mozzarella",
        "description": null,
        "ingredient_group": "dairy"
    }
},
{
    "model": "meal.ingredient",
    "pk": 3253,
    "fields": {
        "name": "Cheese : Bocconcini",
        "description": null,
        "ingredient_group": "dairy"
    }
},
{
    "model": "meal.ingredient",
    "pk": 3254,
    "fields": {
        "name": "Cheese : Ricotta",
        "description": null,
        "ingredient_group": "dairy"
    }
},
{
    "model": "meal.ingredient",
    "pk": 3255,
    "fields": {
        "name": "Cheese : Cottage cheese",
        "description": null,
        "ingredient_group": "dairy"
    }
},
{
    "model": "meal.ingredient",
    "pk": 3256,
    "fields": {
        "name": "Milk",
        "description": null,
        "ingredient_group": "dairy"
    }
},
{
    "model": "meal.ingredient",
    "pk": 3257,
    "fields": {
        "name": "Lactose-free milk",
        "description": null,
        "ingredient_group": "dairy"
    }
},
{
    "model": "meal.ingredient",
    "pk": 3258,
    "fields": {
        "name": "Butter",
        "description": null,
        "ingredient_group": "dairy"
    }
},
{
    "model": "meal.ingredient",
    "pk": 3259,
    "fields": {
        "name": "soy sauce",
        "description": null,
        "ingredient_group": "oils_and_sauces"
    }
},
{
    "model": "meal.ingredient",
    "pk": 3260,
    "fields": {
        "name": "green peppers",
        "description": null,
        "ingredient_group": "veggies_and_fruits"
    }
},
{
    "model": "meal.ingredient",
    "pk": 3261,
    "fields": {
        "name": "sesame seeds",
        "description": null,
        "ingredient_group": "dry_and_canned_goods"
    }
},
{
    "model": "meal.ingredient",
    "pk": 3262,
    "fields": {
        "name": "celery",
        "description": null,
        "ingredient_group": "veggies_and_fruits"
    }
},
{
    "model": "meal.component",
    "pk": 1571,
    "fields": {
        "name": "Coq au vin",
        "description": null,
        "component_group": "main_dish"
    }
},
{
    "model": "meal.component",
    "pk": 1572,
    "fields": {
        "name": "Meat pie",
        "description": null,
        "component_group": "main_dish"
    }
},
{
    "model": "meal.component",
    "pk": 1573,
    "fields": {
        "name": "Vegetable fried rice",
        "description": null,
        "component_group": "main_dish"
    }
},
{
    "model": "meal.component",
    "pk": 1574,
    "fields": {
        "name": "Sausage cassoulet",
        "description": null,
        "component_group": "main_dish"
    }
},
{
    "model": "meal.component",
    "pk": 1575,
    "fields": {
        "name": "Fish chowder",
        "description": null,
        "component_group": "main_dish"
    }
},
{
    "model": "meal.component",
    "pk": 1576,
    "fields": {
        "name": "Ginger pork",
        "description": null,
        "component_group": "main_dish"
    }
},
{
    "model": "meal.component",
    "pk": 1577,
    "fields": {
        "name": "Beef Meatloaf",
        "description": null,
        "component_group": "main_dish"
    }
},
{
    "model": "meal.component",
    "pk": 1578,
    "fields": {
        "name": "Day s Dessert",
        "description": null,
        "component_group": "dessert"
    }
},
{
    "model": "meal.component",
    "pk": 1579,
    "fields": {
        "name": "Day s Diabetic Dessert",
        "description": null,
        "component_group": "diabetic"
    }
},
{
    "model": "meal.component",
    "pk": 1580,
    "fields": {
        "name": "Fruit Salad",
        "description": null,
        "component_group": "fruit_salad"
    }
},
{
    "model": "meal.component",
    "pk": 1581,
    "fields": {
        "name": "Green Salad",
        "description": null,
        "component_group": "green_salad"
    }
},
{
    "model": "meal.component",
    "pk": 1582,
    "fields": {
        "name": "Day s Pudding",
        "description": null,
        "component_group": "pudding"
    }
},
{
    "model": "meal.component",
    "pk": 1583,
    "fields": {
        "name": "Day s Compote",
        "description": null,
        "component_group": "compote"
    }
},
{
    "model": "meal.component_ingredient",
    "pk": 1748,
    "fields": {
        "component": 1576,
        "ingredient": 3239,
        "date": null
    }
},
{
    "model": "meal.component_ingredient",
    "pk": 1749,
    "fields": {
        "component": 1576,
        "ingredient": 3259,
        "date": null
    }
},
{
    "model": "meal.component_ingredient",
    "pk": 1750,
    "fields": {
        "component": 1576,
        "ingredient": 3260,
        "date": null
    }
},
{
    "model": "meal.component_ingredient",
    "pk": 1751,
    "fields": {
        "component": 1576,
        "ingredient": 3261,
        "date": null
    }
},
{
    "model": "meal.component_ingredient",
    "pk": 1752,
    "fields": {
        "component": 1576,
        "ingredient": 3237,
        "date": null
    }
},
{
    "model": "meal.component_ingredient",
    "pk": 1753,
    "fields": {
        "component": 1576,
        "ingredient": 3239,
        "date": "2016-05-21"
    }
},
{
    "model": "meal.component_ingredient",
    "pk": 1754,
    "fields": {
        "component": 1576,
        "ingredient": 3259,
        "date": "2016-05-21"
    }
},
{
    "model": "meal.component_ingredient",
    "pk": 1755,
    "fields": {
        "component": 1576,
        "ingredient": 3262,
        "date": "2016-05-21"
    }
},
{
    "model": "meal.component_ingredient",
    "pk": 1756,
    "fields": {
        "component": 1576,
        "ingredient": 3261,
        "date": "2016-05-21"
    }
},
{
    "model": "meal.component_ingredient",
    "pk": 1757,
    "fields": {
        "component": 1576,
        "ingredient": 3237,
        "date": "2016-05-21"
    }
},
{
    "model": "meal.component_ingredient",
    "pk": 1905,
    "fields": {
        "component": 1576,
        "ingredient": 3239,
        "date": "2016-08-12"
    }
},
{
    "model": "meal.component_ingredient",
    "pk": 1906,
    "fields": {
        "component": 1576,
        "ingredient": 3259,
        "date": "2016-08-12"
    }
},
{
    "model": "meal.component_ingredient",
    "pk": 1907,
    "fields": {
        "component": 1576,
        "ingredient": 3260,
        "date": "2016-08-12"
    }
},
{
    "model": "meal.component_ingredient",
    "pk": 1908,
    "fields": {
        "component": 1576,
        "ingredient": 3261,
        "date": "2016-08-12"
    }
},
{
    "model": "meal.component_ingredient",
    "pk": 1909,
    "fields": {
        "component": 1576,
        "ingredient": 3237,
        "date": "2016-08-12"
    }
},
{
    "model": "meal.component_ingredient",
    "pk": 1925,
    "fields": {
        "component": 1576,
        "ingredient": 3260,
        "date": "2016-08-13"
    }
},
{
    "model": "meal.component_ingredient",
    "pk": 1926,
    "fields": {
        "component": 1576,
        "ingredient": 3239,
        "date": "2016-08-13"
    }
},
{
    "model": "meal.component_ingredient",
    "pk": 1927,
    "fields": {
        "component": 1576,
        "ingredient": 3237,
        "date": "2016-08-13"
    }
},
{
    "model": "meal.component_ingredient",
    "pk": 1928,
    "fields": {
        "component": 1576,
        "ingredient": 3261,
        "date": "2016-08-13"
    }
},
{
    "model": "meal.component_ingredient",
    "pk": 1929,
    "fields": {
        "component": 1576,
        "ingredient": 3259,
        "date": "2016-08-13"
    }
},
{
    "model": "meal.component_ingredient",
    "pk": 2037,
    "fields": {
        "component": 1576,
        "ingredient": 3260,
        "date": "2016-08-14"
    }
},
{
    "model": "meal.component_ingredient",
    "pk": 2038,
    "fields": {
        "component": 1576,
        "ingredient": 3239,
        "date": "2016-08-14"
    }
},
{
    "model": "meal.component_ingredient",
    "pk": 2039,
    "fields": {
        "component": 1576,
        "ingredient": 3246,
        "date": "2016-08-14"
    }
},
{
    "model": "meal.component_ingredient",
    "pk": 2040,
    "fields": {
        "component": 1576,
        "ingredient": 3237,
        "date": "2016-08-14"
    }
},
{
    "model": "meal.component_ingredient",
    "pk": 2041,
    "fields": {
        "component": 1576,
        "ingredient": 3261,
        "date": "2016-08-14"
    }
},
{
    "model": "meal.component_ingredient",
    "pk": 2042,
    "fields": {
        "component": 1576,
        "ingredient": 3259,
        "date": "2016-08-14"
    }
},
{
    "model": "meal.component_ingredient",
    "pk": 2078,
    "fields": {
        "component": 1576,
        "ingredient": 3239,
        "date": "2016-08-16"
    }
},
{
    "model": "meal.component_ingredient",
    "pk": 2079,
    "fields": {
        "component": 1576,
        "ingredient": 3259,
        "date": "2016-08-16"
    }
},
{
    "model": "meal.component_ingredient",
    "pk": 2080,
    "fields": {
        "component": 1576,
        "ingredient": 3260,
        "date": "2016-08-16"
    }
},
{
    "model": "meal.component_ingredient",
    "pk": 2081,
    "fields": {
        "component": 1576,
        "ingredient": 3261,
        "date": "2016-08-16"
    }
},
{
    "model": "meal.component_ingredient",
    "pk": 2082,
    "fields": {
        "component": 1576,
        "ingredient": 3237,
        "date": "2016-08-16"
    }
},
{
    "model": "meal.component_ingredient",
    "pk": 2088,
    "fields": {
        "component": 1576,
        "ingredient": 3260,
        "date": "2016-08-17"
    }
},
{
    "model": "meal.component_ingredient",
    "pk": 2089,
    "fields": {
        "component": 1576,
        "ingredient": 3239,
        "date": "2016-08-17"
    }
},
{
    "model": "meal.component_ingredient",
    "pk": 2090,
    "fields": {
        "component": 1576,
        "ingredient": 3237,
        "date": "2016-08-17"
    }
},
{
    "model": "meal.component_ingredient",
    "pk": 2091,
    "fields": {
        "component": 1576,
        "ingredient": 3261,
        "date": "2016-08-17"
    }
},
{
    "model": "meal.component_ingredient",
    "pk": 2092,
    "fields": {
        "component": 1576,
        "ingredient": 3259,
        "date": "2016-08-17"
    }
},
{
    "model": "meal.component_ingredient",
    "pk": 2098,
    "fields": {
        "component": 1576,
        "ingredient": 3260,
        "date": "2016-08-18"
    }
},
{
    "model": "meal.component_ingredient",
    "pk": 2099,
    "fields": {
        "component": 1576,
        "ingredient": 3239,
        "date": "2016-08-18"
    }
},
{
    "model": "meal.component_ingredient",
    "pk": 2100,
    "fields": {
        "component": 1576,
        "ingredient": 3237,
        "date": "2016-08-18"
    }
},
{
    "model": "meal.component_ingredient",
    "pk": 2101,
    "fields": {
        "component": 1576,
        "ingredient": 3261,
        "date": "2016-08-18"
    }
},
{
    "model": "meal.component_ingredient",
    "pk": 2102,
    "fields": {
        "component": 1576,
        "ingredient": 3259,
        "date": "2016-08-18"
    }
},
{
    "model": "meal.component_ingredient",
    "pk": 2168,
    "fields": {
        "component": 1576,
        "ingredient": 3239,
        "date": "2016-08-19"
    }
},
{
    "model": "meal.component_ingredient",
    "pk": 2169,
    "fields": {
        "component": 1576,
        "ingredient": 3259,
        "date": "2016-08-19"
    }
},
{
    "model": "meal.component_ingredient",
    "pk": 2170,
    "fields": {
        "component": 1576,
        "ingredient": 3260,
        "date": "2016-08-19"
    }
},
{
    "model": "meal.component_ingredient",
    "pk": 2171,
    "fields": {
        "component": 1576,
        "ingredient": 3261,
        "date": "2016-08-19"
    }
},
{
    "model": "meal.component_ingredient",
    "pk": 2172,
    "fields": {
        "component": 1576,
        "ingredient": 3237,
        "date": "2016-08-19"
    }
},
{
    "model": "meal.component_ingredient",
    "pk": 2188,
    "fields": {
        "component": 1576,
        "ingredient": 3260,
        "date": "2016-08-22"
    }
},
{
    "model": "meal.component_ingredient",
    "pk": 2189,
    "fields": {
        "component": 1576,
        "ingredient": 3239,
        "date": "2016-08-22"
    }
},
{
    "model": "meal.component_ingredient",
    "pk": 2190,
    "fields": {
        "component": 1576,
        "ingredient": 3237,
        "date": "2016-08-22"
    }
},
{
    "model": "meal.component_ingredient",
    "pk": 2191,
    "fields": {
        "component": 1576,
        "ingredient": 3261,
        "date": "2016-08-22"
    }
},
{
    "model": "meal.component_ingredient",
    "pk": 2192,
    "fields": {
        "component": 1576,
        "ingredient": 3259,
        "date": "2016-08-22"
    }
},
{
    "model": "meal.component_ingredient",
    "pk": 2288,
    "fields": {
        "component": 1576,
        "ingredient": 3239,
        "date": "2016-08-24"
    }
},
{
    "model": "meal.component_ingredient",
    "pk": 2289,
    "fields": {
        "component": 1576,
        "ingredient": 3259,
        "date": "2016-08-24"
    }
},
{
    "model": "meal.component_ingredient",
    "pk": 2290,
    "fields": {
        "component": 1576,
        "ingredient": 3260,
        "date": "2016-08-24"
    }
},
{
    "model": "meal.component_ingredient",
    "pk": 2291,
    "fields": {
        "component": 1576,
        "ingredient": 3261,
        "date": "2016-08-24"
    }
},
{
    "model": "meal.component_ingredient",
    "pk": 2292,
    "fields": {
        "component": 1576,
        "ingredient": 3237,
        "date": "2016-08-24"
    }
},
{
    "model": "meal.component_ingredient",
    "pk": 2548,
    "fields": {
        "component": 1576,
        "ingredient": 3239,
        "date": "2016-08-25"
    }
},
{
    "model": "meal.component_ingredient",
    "pk": 2549,
    "fields": {
        "component": 1576,
        "ingredient": 3259,
        "date": "2016-08-25"
    }
},
{
    "model": "meal.component_ingredient",
    "pk": 2550,
    "fields": {
        "component": 1576,
        "ingredient": 3260,
        "date": "2016-08-25"
    }
},
{
    "model": "meal.component_ingredient",
    "pk": 2551,
    "fields": {
        "component": 1576,
        "ingredient": 3261,
        "date": "2016-08-25"
    }
},
{
    "model": "meal.component_ingredient",
    "pk": 2552,
    "fields": {
        "component": 1576,
        "ingredient": 3237,
        "date": "2016-08-25"
    }
},
{
    "model": "meal.component_ingredient",
    "pk": 2553,
    "fields": {
        "component": 1576,
        "ingredient": 3260,
        "date": "2016-08-27"
    }
},
{
    "model": "meal.component_ingredient",
    "pk": 2554,
    "fields": {
        "component": 1576,
        "ingredient": 3239,
        "date": "2016-08-27"
    }
},
{
    "model": "meal.component_ingredient",
    "pk": 2555,
    "fields": {
        "component": 1576,
        "ingredient": 3237,
        "date": "2016-08-27"
    }
},
{
    "model": "meal.component_ingredient",
    "pk": 2556,
    "fields": {
        "component": 1576,
        "ingredient": 3261,
        "date": "2016-08-27"
    }
},
{
    "model": "meal.component_ingredient",
    "pk": 2557,
    "fields": {
        "component": 1576,
        "ingredient": 3259,
        "date": "2016-08-27"
    }
},
{
    "model": "meal.component_ingredient",
    "pk": 2573,
    "fields": {
        "component": 1576,
        "ingredient": 3260,
        "date": "2016-08-28"
    }
},
{
    "model": "meal.component_ingredient",
    "pk": 2574,
    "fields": {
        "component": 1576,
        "ingredient": 3239,
        "date": "2016-08-28"
    }
},
{
    "model": "meal.component_ingredient",
    "pk": 2575,
    "fields": {
        "component": 1576,
        "ingredient": 3237,
        "date": "2016-08-28"
    }
},
{
    "model": "meal.component_ingredient",
    "pk": 2576,
    "fields": {
        "component": 1576,
        "ingredient": 3261,
        "date": "2016-08-28"
    }
},
{
    "model": "meal.component_ingredient",
    "pk": 2577,
    "fields": {
        "component": 1576,
        "ingredient": 3259,
        "date": "2016-08-28"
    }
},
{
    "model": "meal.component_ingredient",
    "pk": 2583,
    "fields": {
        "component": 1576,
        "ingredient": 3260,
        "date": "2016-08-29"
    }
},
{
    "model": "meal.component_ingredient",
    "pk": 2584,
    "fields": {
        "component": 1576,
        "ingredient": 3239,
        "date": "2016-08-29"
    }
},
{
    "model": "meal.component_ingredient",
    "pk": 2585,
    "fields": {
        "component": 1576,
        "ingredient": 3237,
        "date": "2016-08-29"
    }
},
{
    "model": "meal.component_ingredient",
    "pk": 2586,
    "fields": {
        "component": 1576,
        "ingredient": 3261,
        "date": "2016-08-29"
    }
},
{
    "model": "meal.component_ingredient",
    "pk": 2587,
    "fields": {
        "component": 1576,
        "ingredient": 3259,
        "date": "2016-08-29"
    }
},
{
    "model": "meal.component_ingredient",
    "pk": 2598,
    "fields": {
        "component": 1576,
        "ingredient": 3260,
        "date": "2016-08-30"
    }
},
{
    "model": "meal.component_ingredient",
    "pk": 2599,
    "fields": {
        "component": 1576,
        "ingredient": 3239,
        "date": "2016-08-30"
    }
},
{
    "model": "meal.component_ingredient",
    "pk": 2600,
    "fields": {
        "component": 1576,
        "ingredient": 3237,
        "date": "2016-08-30"
    }
},
{
    "model": "meal.component_ingredient",
    "pk": 2601,
    "fields": {
        "component": 1576,
        "ingredient": 3261,
        "date": "2016-08-30"
    }
},
{
    "model": "meal.component_ingredient",
    "pk": 2602,
    "fields": {
        "component": 1576,
        "ingredient": 3259,
        "date": "2016-08-30"
    }
},
{
    "model": "meal.component_ingredient",
    "pk": 2628,
    "fields": {
        "component": 1576,
        "ingredient": 3260,
        "date": "2016-08-31"
    }
},
{
    "model": "meal.component_ingredient",
    "pk": 2629,
    "fields": {
        "component": 1576,
        "ingredient": 3239,
        "date": "2016-08-31"
    }
},
{
    "model": "meal.component_ingredient",
    "pk": 2630,
    "fields": {
        "component": 1576,
        "ingredient": 3237,
        "date": "2016-08-31"
    }
},
{
    "model": "meal.component_ingredient",
    "pk": 2631,
    "fields": {
        "component": 1576,
        "ingredient": 3261,
        "date": "2016-08-31"
    }
},
{
    "model": "meal.component_ingredient",
    "pk": 2632,
    "fields": {
        "component": 1576,
        "ingredient": 3259,
        "date": "2016-08-31"
    }
},
{
    "model": "meal.component_ingredient",
    "pk": 2638,
    "fields": {
        "component": 1576,
        "ingredient": 3260,
        "date": "2016-09-01"
    }
},
{
    "model": "meal.component_ingredient",
    "pk": 2639,
    "fields": {
        "component": 1576,
        "ingredient": 3239,
        "date": "2016-09-01"
    }
},
{
    "model": "meal.component_ingredient",
    "pk": 2640,
    "fields": {
        "component": 1576,
        "ingredient": 3237,
        "date": "2016-09-01"
    }
},
{
    "model": "meal.component_ingredient",
    "pk": 2641,
    "fields": {
        "component": 1576,
        "ingredient": 3261,
        "date": "2016-09-01"
    }
},
{
    "model": "meal.component_ingredient",
    "pk": 2642,
    "fields": {
        "component": 1576,
        "ingredient": 3259,
        "date": "2016-09-01"
    }
},
{
    "model": "meal.component_ingredient",
    "pk": 2653,
    "fields": {
        "component": 1576,
        "ingredient": 3260,
        "date": "2016-09-02"
    }
},
{
    "model": "meal.component_ingredient",
    "pk": 2654,
    "fields": {
        "component": 1576,
        "ingredient": 3239,
        "date": "2016-09-02"
    }
},
{
    "model": "meal.component_ingredient",
    "pk": 2655,
    "fields": {
        "component": 1576,
        "ingredient": 3237,
        "date": "2016-09-02"
    }
},
{
    "model": "meal.component_ingredient",
    "pk": 2656,
    "fields": {
        "component": 1576,
        "ingredient": 3261,
        "date": "2016-09-02"
    }
},
{
    "model": "meal.component_ingredient",
    "pk": 2657,
    "fields": {
        "component": 1576,
        "ingredient": 3259,
        "date": "2016-09-02"
    }
},
{
    "model": "meal.restricted_item",
    "pk": 1009,
    "fields": {
        "name": "onion",
        "description": "",
        "restricted_item_group": "vegetables"
    }
},
{
    "model": "meal.restricted_item",
    "pk": 1010,
    "fields": {
        "name": "pork",
        "description": "",
        "restricted_item_group": "veggies and fruits"
    }
},
{
    "model": "meal.restricted_item",
    "pk": 1011,
    "fields": {
        "name": "soya",
        "description": "",
        "restricted_item_group": "other"
    }
},
{
    "model": "meal.restricted_item",
    "pk": 1012,
    "fields": {
        "name": "soy sauce",
        "description": "gluten, salt",
        "restricted_item_group": "other"
    }
},
{
    "model": "meal.restricted_item",
    "pk": 1013,
    "fields": {
        "name": "seeds",
        "description": "text",
        "restricted_item_group": "veggies and fruits"
    }
},
{
    "model": "meal.restricted_item",
    "pk": 1014,
    "fields": {
        "name": "sesame",
        "description": "text",
        "restricted_item_group": "veggies and fruits"
    }
},
{
    "model": "meal.restricted_item",
    "pk": 1015,
    "fields": {
        "name": "green veggies",
        "description": "text",
        "restricted_item_group": "veggies and fruits"
    }
},
{
    "model": "meal.restricted_item",
    "pk": 1016,
    "fields": {
        "name": "brussel sprouts",
        "description": "text",
        "restricted_item_group": "veggies and fruits"
    }
},
{
    "model": "meal.incompatibility",
    "pk": 757,
    "fields": {
        "restricted_item": 1009,
        "ingredient": 3237
    }
},
{
    "model": "meal.incompatibility",
    "pk": 758,
    "fields": {
        "restricted_item": 1010,
        "ingredient": 3239
    }
},
{
    "model": "meal.incompatibility",
    "pk": 759,
    "fields": {
        "restricted_item": 1011,
        "ingredient": 3259
    }
},
{
    "model": "meal.incompatibility",
    "pk": 760,
    "fields": {
        "restricted_item": 1012,
        "ingredient": 3259
    }
},
{
    "model": "meal.incompatibility",
    "pk": 761,
    "fields": {
        "restricted_item": 1013,
        "ingredient": 3261
    }
},
{
    "model": "meal.incompatibility",
    "pk": 762,
    "fields": {
        "restricted_item": 1014,
        "ingredient": 3261
    }
},
{
    "model": "meal.menu",
    "pk": 451,
    "fields": {
        "date": "2016-08-12"
    }
},
{
    "model": "meal.menu",
    "pk": 452,
    "fields": {
        "date": "2016-08-13"
    }
},
{
    "model": "meal.menu",
    "pk": 453,
    "fields": {
        "date": "2016-08-13"
    }
},
{
    "model": "meal.menu",
    "pk": 454,
    "fields": {
        "date": "2016-08-14"
    }
},
{
    "model": "meal.menu",
    "pk": 455,
    "fields": {
        "date": "2016-08-16"
    }
},
{
    "model": "meal.menu",
    "pk": 456,
    "fields": {
        "date": "2016-08-17"
    }
},
{
    "model": "meal.menu",
    "pk": 457,
    "fields": {
        "date": "2016-08-18"
    }
},
{
    "model": "meal.menu",
    "pk": 458,
    "fields": {
        "date": "2016-08-19"
    }
},
{
    "model": "meal.menu",
    "pk": 459,
    "fields": {
        "date": "2016-08-22"
    }
},
{
    "model": "meal.menu",
    "pk": 460,
    "fields": {
        "date": "2016-08-24"
    }
},
{
    "model": "meal.menu",
    "pk": 461,
    "fields": {
        "date": "2016-08-25"
    }
},
{
    "model": "meal.menu",
    "pk": 462,
    "fields": {
        "date": "2016-08-27"
    }
},
{
    "model": "meal.menu",
    "pk": 463,
    "fields": {
        "date": "2016-08-28"
    }
},
{
    "model": "meal.menu",
    "pk": 464,
    "fields": {
        "date": "2016-08-29"
    }
},
{
    "model": "meal.menu",
    "pk": 465,
    "fields": {
        "date": "2016-08-30"
    }
},
{
    "model": "meal.menu",
    "pk": 466,
    "fields": {
        "date": "2016-08-31"
    }
},
{
    "model": "meal.menu",
    "pk": 467,
    "fields": {
        "date": "2016-09-01"
    }
},
{
    "model": "meal.menu",
    "pk": 468,
    "fields": {
        "date": "2016-09-02"
    }
},
{
    "model": "meal.menu_component",
    "pk": 2562,
    "fields": {
        "menu": 451,
        "component": 1576
    }
},
{
    "model": "meal.menu_component",
    "pk": 2563,
    "fields": {
        "menu": 451,
        "component": 1581
    }
},
{
    "model": "meal.menu_component",
    "pk": 2564,
    "fields": {
        "menu": 451,
        "component": 1580
    }
},
{
    "model": "meal.menu_component",
    "pk": 2565,
    "fields": {
        "menu": 451,
        "component": 1578
    }
},
{
    "model": "meal.menu_component",
    "pk": 2566,
    "fields": {
        "menu": 451,
        "component": 1579
    }
},
{
    "model": "meal.menu_component",
    "pk": 2567,
    "fields": {
        "menu": 451,
        "component": 1582
    }
},
{
    "model": "meal.menu_component",
    "pk": 2568,
    "fields": {
        "menu": 451,
        "component": 1583
    }
},
{
    "model": "meal.menu_component",
    "pk": 2591,
    "fields": {
        "menu": 452,
        "component": 1576
    }
},
{
    "model": "meal.menu_component",
    "pk": 2592,
    "fields": {
        "menu": 452,
        "component": 1578
    }
},
{
    "model": "meal.menu_component",
    "pk": 2593,
    "fields": {
        "menu": 452,
        "component": 1579
    }
},
{
    "model": "meal.menu_component",
    "pk": 2594,
    "fields": {
        "menu": 452,
        "component": 1580
    }
},
{
    "model": "meal.menu_component",
    "pk": 2595,
    "fields": {
        "menu": 452,
        "component": 1581
    }
},
{
    "model": "meal.menu_component",
    "pk": 2597,
    "fields": {
        "menu": 452,
        "component": 1583
    }
},
{
    "model": "meal.menu_component",
    "pk": 2760,
    "fields": {
        "menu": 454,
        "component": 1571
    }
},
{
    "model": "meal.menu_component",
    "pk": 2761,
    "fields": {
        "menu": 454,
        "component": 1578
    }
},
{
    "model": "meal.menu_component",
    "pk": 2762,
    "fields": {
        "menu": 454,
        "component": 1579
    }
},
{
    "model": "meal.menu_component",
    "pk": 2763,
    "fields": {
        "menu": 454,
        "component": 1580
    }
},
{
    "model": "meal.menu_component",
    "pk": 2764,
    "fields": {
        "menu": 454,
        "component": 1581
    }
},
{
    "model": "meal.menu_component",
    "pk": 2765,
    "fields": {
        "menu": 454,
        "component": 1582
    }
},
{
    "model": "meal.menu_component",
    "pk": 2766,
    "fields": {
        "menu": 454,
        "component": 1583
    }
},
{
    "model": "meal.menu_component",
    "pk": 2817,
    "fields": {
        "menu": 455,
        "component": 1576
    }
},
{
    "model": "meal.menu_component",
    "pk": 2818,
    "fields": {
        "menu": 455,
        "component": 1581
    }
},
{
    "model": "meal.menu_component",
    "pk": 2819,
    "fields": {
        "menu": 455,
        "component": 1580
    }
},
{
    "model": "meal.menu_component",
    "pk": 2820,
    "fields": {
        "menu": 455,
        "component": 1578
    }
},
{
    "model": "meal.menu_component",
    "pk": 2821,
    "fields": {
        "menu": 455,
        "component": 1579
    }
},
{
    "model": "meal.menu_component",
    "pk": 2822,
    "fields": {
        "menu": 455,
        "component": 1582
    }
},
{
    "model": "meal.menu_component",
    "pk": 2823,
    "fields": {
        "menu": 455,
        "component": 1583
    }
},
{
    "model": "meal.menu_component",
    "pk": 2832,
    "fields": {
        "menu": 456,
        "component": 1576
    }
},
{
    "model": "meal.menu_component",
    "pk": 2833,
    "fields": {
        "menu": 456,
        "component": 1578
    }
},
{
    "model": "meal.menu_component",
    "pk": 2834,
    "fields": {
        "menu": 456,
        "component": 1579
    }
},
{
    "model": "meal.menu_component",
    "pk": 2835,
    "fields": {
        "menu": 456,
        "component": 1580
    }
},
{
    "model": "meal.menu_component",
    "pk": 2836,
    "fields": {
        "menu": 456,
        "component": 1581
    }
},
{
    "model": "meal.menu_component",
    "pk": 2837,
    "fields": {
        "menu": 456,
        "component": 1582
    }
},
{
    "model": "meal.menu_component",
    "pk": 2838,
    "fields": {
        "menu": 456,
        "component": 1583
    }
},
{
    "model": "meal.menu_component",
    "pk": 2854,
    "fields": {
        "menu": 457,
        "component": 1576
    }
},
{
    "model": "meal.menu_component",
    "pk": 2855,
    "fields": {
        "menu": 457,
        "component": 1578
    }
},
{
    "model": "meal.menu_component",
    "pk": 2856,
    "fields": {
        "menu": 457,
        "component": 1579
    }
},
{
    "model": "meal.menu_component",
    "pk": 2857,
    "fields": {
        "menu": 457,
        "component": 1580
    }
},
{
    "model": "meal.menu_component",
    "pk": 2858,
    "fields": {
        "menu": 457,
        "component": 1581
    }
},
{
    "model": "meal.menu_component",
    "pk": 2859,
    "fields": {
        "menu": 457,
        "component": 1582
    }
},
{
    "model": "meal.menu_component",
    "pk": 2860,
    "fields": {
        "menu": 457,
        "component": 1583
    }
},
{
    "model": "meal.menu_component",
    "pk": 2952,
    "fields": {
        "menu": 458,
        "component": 1576
    }
},
{
    "model": "meal.menu_component",
    "pk": 2953,
    "fields": {
        "menu": 458,
        "component": 1581
    }
},
{
    "model": "meal.menu_component",
    "pk": 2954,
    "fields": {
        "menu": 458,
        "component": 1580
    }
},
{
    "model": "meal.menu_component",
    "pk": 2955,
    "fields": {
        "menu": 458,
        "component": 1578
    }
},
{
    "model": "meal.menu_component",
    "pk": 2956,
    "fields": {
        "menu": 458,
        "component": 1579
    }
},
{
    "model": "meal.menu_component",
    "pk": 2957,
    "fields": {
        "menu": 458,
        "component": 1582
    }
},
{
    "model": "meal.menu_component",
    "pk": 2958,
    "fields": {
        "menu": 458,
        "component": 1583
    }
},
{
    "model": "meal.menu_component",
    "pk": 2980,
    "fields": {
        "menu": 459,
        "component": 1576
    }
},
{
    "model": "meal.menu_component",
    "pk": 2981,
    "fields": {
        "menu": 459,
        "component": 1578
    }
},
{
    "model": "meal.menu_component",
    "pk": 2982,
    "fields": {
        "menu": 459,
        "component": 1579
    }
},
{
    "model": "meal.menu_component",
    "pk": 2983,
    "fields": {
        "menu": 459,
        "component": 1580
    }
},
{
    "model": "meal.menu_component",
    "pk": 2984,
    "fields": {
        "menu": 459,
        "component": 1581
    }
},
{
    "model": "meal.menu_component",
    "pk": 2985,
    "fields": {
        "menu": 459,
        "component": 1582
    }
},
{
    "model": "meal.menu_component",
    "pk": 2986,
    "fields": {
        "menu": 459,
        "component": 1583
    }
},
{
    "model": "meal.menu_component",
    "pk": 3120,
    "fields": {
        "menu": 460,
        "component": 1576
    }
},
{
    "model": "meal.menu_component",
    "pk": 3121,
    "fields": {
        "menu": 460,
        "component": 1581
    }
},
{
    "model": "meal.menu_component",
    "pk": 3122,
    "fields": {
        "menu": 460,
        "component": 1580
    }
},
{
    "model": "meal.menu_component",
    "pk": 3123,
    "fields": {
        "menu": 460,
        "component": 1578
    }
},
{
    "model": "meal.menu_component",
    "pk": 3124,
    "fields": {
        "menu": 460,
        "component": 1579
    }
},
{
    "model": "meal.menu_component",
    "pk": 3125,
    "fields": {
        "menu": 460,
        "component": 1582
    }
},
{
    "model": "meal.menu_component",
    "pk": 3126,
    "fields": {
        "menu": 460,
        "component": 1583
    }
},
{
    "model": "meal.menu_component",
    "pk": 3484,
    "fields": {
        "menu": 461,
        "component": 1576
    }
},
{
    "model": "meal.menu_component",
    "pk": 3485,
    "fields": {
        "menu": 461,
        "component": 1581
    }
},
{
    "model": "meal.menu_component",
    "pk": 3486,
    "fields": {
        "menu": 461,
        "component": 1580
    }
},
{
    "model": "meal.menu_component",
    "pk": 3487,
    "fields": {
        "menu": 461,
        "component": 1578
    }
},
{
    "model": "meal.menu_component",
    "pk": 3488,
    "fields": {
        "menu": 461,
        "component": 1579
    }
},
{
    "model": "meal.menu_component",
    "pk": 3489,
    "fields": {
        "menu": 461,
        "component": 1582
    }
},
{
    "model": "meal.menu_component",
    "pk": 3490,
    "fields": {
        "menu": 461,
        "component": 1583
    }
},
{
    "model": "meal.menu_component",
    "pk": 3491,
    "fields": {
        "menu": 462,
        "component": 1576
    }
},
{
    "model": "meal.menu_component",
    "pk": 3492,
    "fields": {
        "menu": 462,
        "component": 1578
    }
},
{
    "model": "meal.menu_component",
    "pk": 3493,
    "fields": {
        "menu": 462,
        "component": 1579
    }
},
{
    "model": "meal.menu_component",
    "pk": 3494,
    "fields": {
        "menu": 462,
        "component": 1580
    }
},
{
    "model": "meal.menu_component",
    "pk": 3495,
    "fields": {
        "menu": 462,
        "component": 1581
    }
},
{
    "model": "meal.menu_component",
    "pk": 3496,
    "fields": {
        "menu": 462,
        "component": 1582
    }
},
{
    "model": "meal.menu_component",
    "pk": 3497,
    "fields": {
        "menu": 462,
        "component": 1583
    }
},
{
    "model": "meal.menu_component",
    "pk": 3519,
    "fields": {
        "menu": 463,
        "component": 1576
    }
},
{
    "model": "meal.menu_component",
    "pk": 3520,
    "fields": {
        "menu": 463,
        "component": 1578
    }
},
{
    "model": "meal.menu_component",
    "pk": 3521,
    "fields": {
        "menu": 463,
        "component": 1579
    }
},
{
    "model": "meal.menu_component",
    "pk": 3522,
    "fields": {
        "menu": 463,
        "component": 1580
    }
},
{
    "model": "meal.menu_component",
    "pk": 3523,
    "fields": {
        "menu": 463,
        "component": 1581
    }
},
{
    "model": "meal.menu_component",
    "pk": 3524,
    "fields": {
        "menu": 463,
        "component": 1582
    }
},
{
    "model": "meal.menu_component",
    "pk": 3525,
    "fields": {
        "menu": 463,
        "component": 1583
    }
},
{
    "model": "meal.menu_component",
    "pk": 3533,
    "fields": {
        "menu": 464,
        "component": 1576
    }
},
{
    "model": "meal.menu_component",
    "pk": 3534,
    "fields": {
        "menu": 464,
        "component": 1578
    }
},
{
    "model": "meal.menu_component",
    "pk": 3535,
    "fields": {
        "menu": 464,
        "component": 1579
    }
},
{
    "model": "meal.menu_component",
    "pk": 3536,
    "fields": {
        "menu": 464,
        "component": 1580
    }
},
{
    "model": "meal.menu_component",
    "pk": 3537,
    "fields": {
        "menu": 464,
        "component": 1581
    }
},
{
    "model": "meal.menu_component",
    "pk": 3538,
    "fields": {
        "menu": 464,
        "component": 1582
    }
},
{
    "model": "meal.menu_component",
    "pk": 3539,
    "fields": {
        "menu": 464,
        "component": 1583
    }
},
{
    "model": "meal.menu_component",
    "pk": 3554,
    "fields": {
        "menu": 465,
        "component": 1576
    }
},
{
    "model": "meal.menu_component",
    "pk": 3555,
    "fields": {
        "menu": 465,
        "component": 1578
    }
},
{
    "model": "meal.menu_component",
    "pk": 3556,
    "fields": {
        "menu": 465,
        "component": 1579
    }
},
{
    "model": "meal.menu_component",
    "pk": 3557,
    "fields": {
        "menu": 465,
        "component": 1580
    }
},
{
    "model": "meal.menu_component",
    "pk": 3558,
    "fields": {
        "menu": 465,
        "component": 1581
    }
},
{
    "model": "meal.menu_component",
    "pk": 3559,
    "fields": {
        "menu": 465,
        "component": 1582
    }
},
{
    "model": "meal.menu_component",
    "pk": 3560,
    "fields": {
        "menu": 465,
        "component": 1583
    }
},
{
    "model": "meal.menu_component",
    "pk": 3596,
    "fields": {
        "menu": 466,
        "component": 1576
    }
},
{
    "model": "meal.menu_component",
    "pk": 3597,
    "fields": {
        "menu": 466,
        "component": 1578
    }
},
{
    "model": "meal.menu_component",
    "pk": 3598,
    "fields": {
        "menu": 466,
        "component": 1579
    }
},
{
    "model": "meal.menu_component",
    "pk": 3599,
    "fields": {
        "menu": 466,
        "component": 1580
    }
},
{
    "model": "meal.menu_component",
    "pk": 3600,
    "fields": {
        "menu": 466,
        "component": 1581
    }
},
{
    "model": "meal.menu_component",
    "pk": 3601,
    "fields": {
        "menu": 466,
        "component": 1582
    }
},
{
    "model": "meal.menu_component",
    "pk": 3602,
    "fields": {
        "menu": 466,
        "component": 1583
    }
},
{
    "model": "meal.menu_component",
    "pk": 3610,
    "fields": {
        "menu": 467,
        "component": 1576
    }
},
{
    "model": "meal.menu_component",
    "pk": 3611,
    "fields": {
        "menu": 467,
        "component": 1578
    }
},
{
    "model": "meal.menu_component",
    "pk": 3612,
    "fields": {
        "menu": 467,
        "component": 1579
    }
},
{
    "model": "meal.menu_component",
    "pk": 3613,
    "fields": {
        "menu": 467,
        "component": 1580
    }
},
{
    "model": "meal.menu_component",
    "pk": 3614,
    "fields": {
        "menu": 467,
        "component": 1581
    }
},
{
    "model": "meal.menu_component",
    "pk": 3615,
    "fields": {
        "menu": 467,
        "component": 1582
    }
},
{
    "model": "meal.menu_component",
    "pk": 3616,
    "fields": {
        "menu": 467,
        "component": 1583
    }
},
{
    "model": "meal.menu_component",
    "pk": 3631,
    "fields": {
        "menu": 468,
        "component": 1576
    }
},
{
    "model": "meal.menu_component",
    "pk": 3632,
    "fields": {
        "menu": 468,
        "component": 1578
    }
},
{
    "model": "meal.menu_component",
    "pk": 3633,
    "fields": {
        "menu": 468,
        "component": 1579
    }
},
{
    "model": "meal.menu_component",
    "pk": 3634,
    "fields": {
        "menu": 468,
        "component": 1580
    }
},
{
    "model": "meal.menu_component",
    "pk": 3635,
    "fields": {
        "menu": 468,
        "component": 1581
    }
},
{
    "model": "meal.menu_component",
    "pk": 3636,
    "fields": {
        "menu": 468,
        "component": 1582
    }
},
{
    "model": "meal.menu_component",
    "pk": 3637,
    "fields": {
        "menu": 468,
        "component": 1583
    }
},
{
    "model": "order.order",
    "pk": 784,
    "fields": {
        "creation_date": "2016-05-20",
        "delivery_date": "2016-05-21",
        "status": "O",
        "client": 606
    }
},
{
    "model": "order.order",
    "pk": 785,
    "fields": {
        "creation_date": "2016-05-20",
        "delivery_date": "2016-05-21",
        "status": "O",
        "client": 607
    }
},
{
    "model": "order.order",
    "pk": 786,
    "fields": {
        "creation_date": "2016-05-20",
        "delivery_date": "2016-05-21",
        "status": "O",
        "client": 608
    }
},
{
    "model": "order.order",
    "pk": 787,
    "fields": {
        "creation_date": "2016-05-20",
        "delivery_date": "2016-05-21",
        "status": "O",
        "client": 609
    }
},
{
    "model": "order.order",
    "pk": 788,
    "fields": {
        "creation_date": "2016-05-20",
        "delivery_date": "2016-05-21",
        "status": "O",
        "client": 610
    }
},
{
    "model": "order.order",
    "pk": 789,
    "fields": {
        "creation_date": "2016-05-20",
        "delivery_date": "2016-05-21",
        "status": "O",
        "client": 611
    }
},
{
    "model": "order.order",
    "pk": 790,
    "fields": {
        "creation_date": "2016-05-20",
        "delivery_date": "2016-05-21",
        "status": "O",
        "client": 612
    }
},
{
    "model": "order.order",
    "pk": 791,
    "fields": {
        "creation_date": "2016-08-12",
        "delivery_date": "2016-08-12",
        "status": "O",
        "client": 606
    }
},
{
    "model": "order.order",
    "pk": 792,
    "fields": {
        "creation_date": "2016-08-12",
        "delivery_date": "2016-08-12",
        "status": "O",
        "client": 607
    }
},
{
    "model": "order.order",
    "pk": 793,
    "fields": {
        "creation_date": "2016-08-12",
        "delivery_date": "2016-08-12",
        "status": "O",
        "client": 608
    }
},
{
    "model": "order.order",
    "pk": 794,
    "fields": {
        "creation_date": "2016-08-12",
        "delivery_date": "2016-08-12",
        "status": "O",
        "client": 609
    }
},
{
    "model": "order.order",
    "pk": 795,
    "fields": {
        "creation_date": "2016-08-12",
        "delivery_date": "2016-08-12",
        "status": "O",
        "client": 610
    }
},
{
    "model": "order.order",
    "pk": 796,
    "fields": {
        "creation_date": "2016-08-12",
        "delivery_date": "2016-08-12",
        "status": "O",
        "client": 611
    }
},
{
    "model": "order.order",
    "pk": 797,
    "fields": {
        "creation_date": "2016-08-12",
        "delivery_date": "2016-08-12",
        "status": "O",
        "client": 612
    }
},
{
    "model": "order.order",
    "pk": 812,
    "fields": {
        "creation_date": "2016-08-13",
        "delivery_date": "2016-08-13",
        "status": "O",
        "client": 606
    }
},
{
    "model": "order.order",
    "pk": 813,
    "fields": {
        "creation_date": "2016-08-13",
        "delivery_date": "2016-08-13",
        "status": "O",
        "client": 607
    }
},
{
    "model": "order.order",
    "pk": 814,
    "fields": {
        "creation_date": "2016-08-13",
        "delivery_date": "2016-08-13",
        "status": "O",
        "client": 608
    }
},
{
    "model": "order.order",
    "pk": 815,
    "fields": {
        "creation_date": "2016-08-13",
        "delivery_date": "2016-08-13",
        "status": "O",
        "client": 609
    }
},
{
    "model": "order.order",
    "pk": 816,
    "fields": {
        "creation_date": "2016-08-13",
        "delivery_date": "2016-08-13",
        "status": "O",
        "client": 610
    }
},
{
    "model": "order.order",
    "pk": 817,
    "fields": {
        "creation_date": "2016-08-13",
        "delivery_date": "2016-08-13",
        "status": "O",
        "client": 611
    }
},
{
    "model": "order.order",
    "pk": 818,
    "fields": {
        "creation_date": "2016-08-13",
        "delivery_date": "2016-08-13",
        "status": "O",
        "client": 612
    }
},
{
    "model": "order.order",
    "pk": 819,
    "fields": {
        "creation_date": "2016-08-14",
        "delivery_date": "2016-08-14",
        "status": "O",
        "client": 606
    }
},
{
    "model": "order.order",
    "pk": 820,
    "fields": {
        "creation_date": "2016-08-14",
        "delivery_date": "2016-08-14",
        "status": "O",
        "client": 607
    }
},
{
    "model": "order.order",
    "pk": 821,
    "fields": {
        "creation_date": "2016-08-14",
        "delivery_date": "2016-08-14",
        "status": "O",
        "client": 608
    }
},
{
    "model": "order.order",
    "pk": 822,
    "fields": {
        "creation_date": "2016-08-14",
        "delivery_date": "2016-08-14",
        "status": "O",
        "client": 609
    }
},
{
    "model": "order.order",
    "pk": 823,
    "fields": {
        "creation_date": "2016-08-14",
        "delivery_date": "2016-08-14",
        "status": "O",
        "client": 610
    }
},
{
    "model": "order.order",
    "pk": 824,
    "fields": {
        "creation_date": "2016-08-14",
        "delivery_date": "2016-08-14",
        "status": "O",
        "client": 611
    }
},
{
    "model": "order.order",
    "pk": 825,
    "fields": {
        "creation_date": "2016-08-14",
        "delivery_date": "2016-08-14",
        "status": "O",
        "client": 612
    }
},
{
    "model": "order.order",
    "pk": 826,
    "fields": {
        "creation_date": "2016-08-16",
        "delivery_date": "2016-08-16",
        "status": "O",
        "client": 606
    }
},
{
    "model": "order.order",
    "pk": 827,
    "fields": {
        "creation_date": "2016-08-16",
        "delivery_date": "2016-08-16",
        "status": "O",
        "client": 607
    }
},
{
    "model": "order.order",
    "pk": 828,
    "fields": {
        "creation_date": "2016-08-16",
        "delivery_date": "2016-08-16",
        "status": "O",
        "client": 608
    }
},
{
    "model": "order.order",
    "pk": 829,
    "fields": {
        "creation_date": "2016-08-16",
        "delivery_date": "2016-08-16",
        "status": "O",
        "client": 609
    }
},
{
    "model": "order.order",
    "pk": 830,
    "fields": {
        "creation_date": "2016-08-16",
        "delivery_date": "2016-08-16",
        "status": "O",
        "client": 610
    }
},
{
    "model": "order.order",
    "pk": 831,
    "fields": {
        "creation_date": "2016-08-16",
        "delivery_date": "2016-08-16",
        "status": "O",
        "client": 611
    }
},
{
    "model": "order.order",
    "pk": 832,
    "fields": {
        "creation_date": "2016-08-16",
        "delivery_date": "2016-08-16",
        "status": "O",
        "client": 612
    }
},
{
    "model": "order.order",
    "pk": 833,
    "fields": {
        "creation_date": "2016-08-17",
        "delivery_date": "2016-08-17",
        "status": "O",
        "client": 606
    }
},
{
    "model": "order.order",
    "pk": 834,
    "fields": {
        "creation_date": "2016-08-17",
        "delivery_date": "2016-08-17",
        "status": "O",
        "client": 607
    }
},
{
    "model": "order.order",
    "pk": 835,
    "fields": {
        "creation_date": "2016-08-17",
        "delivery_date": "2016-08-17",
        "status": "O",
        "client": 608
    }
},
{
    "model": "order.order",
    "pk": 836,
    "fields": {
        "creation_date": "2016-08-17",
        "delivery_date": "2016-08-17",
        "status": "O",
        "client": 609
    }
},
{
    "model": "order.order",
    "pk": 837,
    "fields": {
        "creation_date": "2016-08-17",
        "delivery_date": "2016-08-17",
        "status": "O",
        "client": 610
    }
},
{
    "model": "order.order",
    "pk": 838,
    "fields": {
        "creation_date": "2016-08-17",
        "delivery_date": "2016-08-17",
        "status": "O",
        "client": 611
    }
},
{
    "model": "order.order",
    "pk": 839,
    "fields": {
        "creation_date": "2016-08-17",
        "delivery_date": "2016-08-17",
        "status": "O",
        "client": 612
    }
},
{
    "model": "order.order",
    "pk": 840,
    "fields": {
        "creation_date": "2016-08-18",
        "delivery_date": "2016-08-18",
        "status": "O",
        "client": 606
    }
},
{
    "model": "order.order",
    "pk": 841,
    "fields": {
        "creation_date": "2016-08-18",
        "delivery_date": "2016-08-18",
        "status": "O",
        "client": 607
    }
},
{
    "model": "order.order",
    "pk": 842,
    "fields": {
        "creation_date": "2016-08-18",
        "delivery_date": "2016-08-18",
        "status": "O",
        "client": 608
    }
},
{
    "model": "order.order",
    "pk": 843,
    "fields": {
        "creation_date": "2016-08-18",
        "delivery_date": "2016-08-18",
        "status": "O",
        "client": 609
    }
},
{
    "model": "order.order",
    "pk": 844,
    "fields": {
        "creation_date": "2016-08-18",
        "delivery_date": "2016-08-18",
        "status": "O",
        "client": 610
    }
},
{
    "model": "order.order",
    "pk": 845,
    "fields": {
        "creation_date": "2016-08-18",
        "delivery_date": "2016-08-18",
        "status": "O",
        "client": 611
    }
},
{
    "model": "order.order",
    "pk": 846,
    "fields": {
        "creation_date": "2016-08-18",
        "delivery_date": "2016-08-18",
        "status": "O",
        "client": 612
    }
},
{
    "model": "order.order",
    "pk": 854,
    "fields": {
        "creation_date": "2016-08-22",
        "delivery_date": "2016-08-22",
        "status": "O",
        "client": 606
    }
},
{
    "model": "order.order",
    "pk": 855,
    "fields": {
        "creation_date": "2016-08-22",
        "delivery_date": "2016-08-22",
        "status": "O",
        "client": 607
    }
},
{
    "model": "order.order",
    "pk": 856,
    "fields": {
        "creation_date": "2016-08-22",
        "delivery_date": "2016-08-22",
        "status": "O",
        "client": 608
    }
},
{
    "model": "order.order",
    "pk": 857,
    "fields": {
        "creation_date": "2016-08-22",
        "delivery_date": "2016-08-22",
        "status": "O",
        "client": 609
    }
},
{
    "model": "order.order",
    "pk": 858,
    "fields": {
        "creation_date": "2016-08-22",
        "delivery_date": "2016-08-22",
        "status": "O",
        "client": 610
    }
},
{
    "model": "order.order",
    "pk": 859,
    "fields": {
        "creation_date": "2016-08-22",
        "delivery_date": "2016-08-22",
        "status": "O",
        "client": 611
    }
},
{
    "model": "order.order",
    "pk": 860,
    "fields": {
        "creation_date": "2016-08-22",
        "delivery_date": "2016-08-22",
        "status": "O",
        "client": 612
    }
},
{
    "model": "order.order",
    "pk": 861,
    "fields": {
        "creation_date": "2016-08-24",
        "delivery_date": "2016-08-24",
        "status": "O",
        "client": 606
    }
},
{
    "model": "order.order",
    "pk": 862,
    "fields": {
        "creation_date": "2016-08-24",
        "delivery_date": "2016-08-24",
        "status": "O",
        "client": 607
    }
},
{
    "model": "order.order",
    "pk": 863,
    "fields": {
        "creation_date": "2016-08-24",
        "delivery_date": "2016-08-24",
        "status": "O",
        "client": 608
    }
},
{
    "model": "order.order",
    "pk": 864,
    "fields": {
        "creation_date": "2016-08-24",
        "delivery_date": "2016-08-24",
        "status": "O",
        "client": 609
    }
},
{
    "model": "order.order",
    "pk": 865,
    "fields": {
        "creation_date": "2016-08-24",
        "delivery_date": "2016-08-24",
        "status": "O",
        "client": 610
    }
},
{
    "model": "order.order",
    "pk": 866,
    "fields": {
        "creation_date": "2016-08-24",
        "delivery_date": "2016-08-24",
        "status": "O",
        "client": 611
    }
},
{
    "model": "order.order",
    "pk": 867,
    "fields": {
        "creation_date": "2016-08-24",
        "delivery_date": "2016-08-24",
        "status": "O",
        "client": 612
    }
},
{
    "model": "order.order",
    "pk": 868,
    "fields": {
        "creation_date": "2016-08-25",
        "delivery_date": "2016-08-25",
        "status": "O",
        "client": 606
    }
},
{
    "model": "order.order",
    "pk": 869,
    "fields": {
        "creation_date": "2016-08-25",
        "delivery_date": "2016-08-25",
        "status": "O",
        "client": 607
    }
},
{
    "model": "order.order",
    "pk": 870,
    "fields": {
        "creation_date": "2016-08-25",
        "delivery_date": "2016-08-25",
        "status": "O",
        "client": 608
    }
},
{
    "model": "order.order",
    "pk": 871,
    "fields": {
        "creation_date": "2016-08-25",
        "delivery_date": "2016-08-25",
        "status": "O",
        "client": 609
    }
},
{
    "model": "order.order",
    "pk": 872,
    "fields": {
        "creation_date": "2016-08-25",
        "delivery_date": "2016-08-25",
        "status": "O",
        "client": 610
    }
},
{
    "model": "order.order",
    "pk": 873,
    "fields": {
        "creation_date": "2016-08-25",
        "delivery_date": "2016-08-25",
        "status": "O",
        "client": 611
    }
},
{
    "model": "order.order",
    "pk": 874,
    "fields": {
        "creation_date": "2016-08-25",
        "delivery_date": "2016-08-25",
        "status": "O",
        "client": 612
    }
},
{
    "model": "order.order",
    "pk": 875,
    "fields": {
        "creation_date": "2016-08-26",
        "delivery_date": "2016-08-26",
        "status": "O",
        "client": 606
    }
},
{
    "model": "order.order",
    "pk": 876,
    "fields": {
        "creation_date": "2016-08-26",
        "delivery_date": "2016-08-26",
        "status": "O",
        "client": 607
    }
},
{
    "model": "order.order",
    "pk": 877,
    "fields": {
        "creation_date": "2016-08-26",
        "delivery_date": "2016-08-26",
        "status": "O",
        "client": 608
    }
},
{
    "model": "order.order",
    "pk": 878,
    "fields": {
        "creation_date": "2016-08-26",
        "delivery_date": "2016-08-26",
        "status": "O",
        "client": 609
    }
},
{
    "model": "order.order",
    "pk": 879,
    "fields": {
        "creation_date": "2016-08-26",
        "delivery_date": "2016-08-26",
        "status": "O",
        "client": 610
    }
},
{
    "model": "order.order",
    "pk": 880,
    "fields": {
        "creation_date": "2016-08-26",
        "delivery_date": "2016-08-26",
        "status": "O",
        "client": 611
    }
},
{
    "model": "order.order",
    "pk": 881,
    "fields": {
        "creation_date": "2016-08-26",
        "delivery_date": "2016-08-26",
        "status": "O",
        "client": 612
    }
},
{
    "model": "order.order",
    "pk": 882,
    "fields": {
        "creation_date": "2016-08-27",
        "delivery_date": "2016-08-27",
        "status": "O",
        "client": 606
    }
},
{
    "model": "order.order",
    "pk": 883,
    "fields": {
        "creation_date": "2016-08-27",
        "delivery_date": "2016-08-27",
        "status": "O",
        "client": 607
    }
},
{
    "model": "order.order",
    "pk": 884,
    "fields": {
        "creation_date": "2016-08-27",
        "delivery_date": "2016-08-27",
        "status": "O",
        "client": 608
    }
},
{
    "model": "order.order",
    "pk": 885,
    "fields": {
        "creation_date": "2016-08-27",
        "delivery_date": "2016-08-27",
        "status": "O",
        "client": 609
    }
},
{
    "model": "order.order",
    "pk": 886,
    "fields": {
        "creation_date": "2016-08-27",
        "delivery_date": "2016-08-27",
        "status": "O",
        "client": 610
    }
},
{
    "model": "order.order",
    "pk": 887,
    "fields": {
        "creation_date": "2016-08-27",
        "delivery_date": "2016-08-27",
        "status": "O",
        "client": 611
    }
},
{
    "model": "order.order",
    "pk": 888,
    "fields": {
        "creation_date": "2016-08-27",
        "delivery_date": "2016-08-27",
        "status": "O",
        "client": 612
    }
},
{
    "model": "order.order",
    "pk": 889,
    "fields": {
        "creation_date": "2016-08-28",
        "delivery_date": "2016-08-28",
        "status": "O",
        "client": 606
    }
},
{
    "model": "order.order",
    "pk": 890,
    "fields": {
        "creation_date": "2016-08-28",
        "delivery_date": "2016-08-28",
        "status": "O",
        "client": 607
    }
},
{
    "model": "order.order",
    "pk": 891,
    "fields": {
        "creation_date": "2016-08-28",
        "delivery_date": "2016-08-28",
        "status": "O",
        "client": 608
    }
},
{
    "model": "order.order",
    "pk": 892,
    "fields": {
        "creation_date": "2016-08-28",
        "delivery_date": "2016-08-28",
        "status": "O",
        "client": 609
    }
},
{
    "model": "order.order",
    "pk": 893,
    "fields": {
        "creation_date": "2016-08-28",
        "delivery_date": "2016-08-28",
        "status": "O",
        "client": 610
    }
},
{
    "model": "order.order",
    "pk": 894,
    "fields": {
        "creation_date": "2016-08-28",
        "delivery_date": "2016-08-28",
        "status": "O",
        "client": 611
    }
},
{
    "model": "order.order",
    "pk": 895,
    "fields": {
        "creation_date": "2016-08-28",
        "delivery_date": "2016-08-28",
        "status": "O",
        "client": 612
    }
},
{
    "model": "order.order",
    "pk": 896,
    "fields": {
        "creation_date": "2016-08-29",
        "delivery_date": "2016-08-29",
        "status": "O",
        "client": 606
    }
},
{
    "model": "order.order",
    "pk": 897,
    "fields": {
        "creation_date": "2016-08-29",
        "delivery_date": "2016-08-29",
        "status": "O",
        "client": 607
    }
},
{
    "model": "order.order",
    "pk": 898,
    "fields": {
        "creation_date": "2016-08-29",
        "delivery_date": "2016-08-29",
        "status": "O",
        "client": 608
    }
},
{
    "model": "order.order",
    "pk": 899,
    "fields": {
        "creation_date": "2016-08-29",
        "delivery_date": "2016-08-29",
        "status": "O",
        "client": 609
    }
},
{
    "model": "order.order",
    "pk": 900,
    "fields": {
        "creation_date": "2016-08-29",
        "delivery_date": "2016-08-29",
        "status": "O",
        "client": 610
    }
},
{
    "model": "order.order",
    "pk": 901,
    "fields": {
        "creation_date": "2016-08-29",
        "delivery_date": "2016-08-29",
        "status": "O",
        "client": 611
    }
},
{
    "model": "order.order",
    "pk": 902,
    "fields": {
        "creation_date": "2016-08-29",
        "delivery_date": "2016-08-29",
        "status": "O",
        "client": 612
    }
},
{
    "model": "order.order",
    "pk": 903,
    "fields": {
        "creation_date": "2016-08-30",
        "delivery_date": "2016-08-30",
        "status": "O",
        "client": 606
    }
},
{
    "model": "order.order",
    "pk": 904,
    "fields": {
        "creation_date": "2016-08-30",
        "delivery_date": "2016-08-30",
        "status": "O",
        "client": 607
    }
},
{
    "model": "order.order",
    "pk": 905,
    "fields": {
        "creation_date": "2016-08-30",
        "delivery_date": "2016-08-30",
        "status": "O",
        "client": 608
    }
},
{
    "model": "order.order",
    "pk": 906,
    "fields": {
        "creation_date": "2016-08-30",
        "delivery_date": "2016-08-30",
        "status": "O",
        "client": 609
    }
},
{
    "model": "order.order",
    "pk": 907,
    "fields": {
        "creation_date": "2016-08-30",
        "delivery_date": "2016-08-30",
        "status": "O",
        "client": 610
    }
},
{
    "model": "order.order",
    "pk": 908,
    "fields": {
        "creation_date": "2016-08-30",
        "delivery_date": "2016-08-30",
        "status": "O",
        "client": 611
    }
},
{
    "model": "order.order",
    "pk": 909,
    "fields": {
        "creation_date": "2016-08-30",
        "delivery_date": "2016-08-30",
        "status": "O",
        "client": 612
    }
},
{
    "model": "order.order",
    "pk": 917,
    "fields": {
        "creation_date": "2016-08-31",
        "delivery_date": "2016-08-31",
        "status": "O",
        "client": 606
    }
},
{
    "model": "order.order",
    "pk": 918,
    "fields": {
        "creation_date": "2016-08-31",
        "delivery_date": "2016-08-31",
        "status": "O",
        "client": 607
    }
},
{
    "model": "order.order",
    "pk": 919,
    "fields": {
        "creation_date": "2016-08-31",
        "delivery_date": "2016-08-31",
        "status": "O",
        "client": 608
    }
},
{
    "model": "order.order",
    "pk": 920,
    "fields": {
        "creation_date": "2016-08-31",
        "delivery_date": "2016-08-31",
        "status": "O",
        "client": 609
    }
},
{
    "model": "order.order",
    "pk": 921,
    "fields": {
        "creation_date": "2016-08-31",
        "delivery_date": "2016-08-31",
        "status": "O",
        "client": 610
    }
},
{
    "model": "order.order",
    "pk": 922,
    "fields": {
        "creation_date": "2016-08-31",
        "delivery_date": "2016-08-31",
        "status": "O",
        "client": 611
    }
},
{
    "model": "order.order",
    "pk": 923,
    "fields": {
        "creation_date": "2016-08-31",
        "delivery_date": "2016-08-31",
        "status": "O",
        "client": 612
    }
},
{
    "model": "order.order",
    "pk": 924,
    "fields": {
        "creation_date": "2016-08-31",
        "delivery_date": "2016-08-31",
        "status": "O",
        "client": 870
    }
},
{
    "model": "order.order",
    "pk": 925,
    "fields": {
        "creation_date": "2016-09-01",
        "delivery_date": "2016-09-01",
        "status": "O",
        "client": 606
    }
},
{
    "model": "order.order",
    "pk": 926,
    "fields": {
        "creation_date": "2016-09-01",
        "delivery_date": "2016-09-01",
        "status": "O",
        "client": 607
    }
},
{
    "model": "order.order",
    "pk": 927,
    "fields": {
        "creation_date": "2016-09-01",
        "delivery_date": "2016-09-01",
        "status": "O",
        "client": 608
    }
},
{
    "model": "order.order",
    "pk": 928,
    "fields": {
        "creation_date": "2016-09-01",
        "delivery_date": "2016-09-01",
        "status": "O",
        "client": 609
    }
},
{
    "model": "order.order",
    "pk": 929,
    "fields": {
        "creation_date": "2016-09-01",
        "delivery_date": "2016-09-01",
        "status": "O",
        "client": 610
    }
},
{
    "model": "order.order",
    "pk": 930,
    "fields": {
        "creation_date": "2016-09-01",
        "delivery_date": "2016-09-01",
        "status": "O",
        "client": 611
    }
},
{
    "model": "order.order",
    "pk": 931,
    "fields": {
        "creation_date": "2016-09-01",
        "delivery_date": "2016-09-01",
        "status": "O",
        "client": 612
    }
},
{
    "model": "order.order",
    "pk": 932,
    "fields": {
        "creation_date": "2016-09-02",
        "delivery_date": "2016-09-02",
        "status": "O",
        "client": 606
    }
},
{
    "model": "order.order",
    "pk": 933,
    "fields": {
        "creation_date": "2016-09-02",
        "delivery_date": "2016-09-02",
        "status": "O",
        "client": 607
    }
},
{
    "model": "order.order",
    "pk": 934,
    "fields": {
        "creation_date": "2016-09-02",
        "delivery_date": "2016-09-02",
        "status": "O",
        "client": 608
    }
},
{
    "model": "order.order",
    "pk": 935,
    "fields": {
        "creation_date": "2016-09-02",
        "delivery_date": "2016-09-02",
        "status": "O",
        "client": 609
    }
},
{
    "model": "order.order",
    "pk": 936,
    "fields": {
        "creation_date": "2016-09-02",
        "delivery_date": "2016-09-02",
        "status": "O",
        "client": 610
    }
},
{
    "model": "order.order",
    "pk": 937,
    "fields": {
        "creation_date": "2016-09-02",
        "delivery_date": "2016-09-02",
        "status": "O",
        "client": 611
    }
},
{
    "model": "order.order",
    "pk": 938,
    "fields": {
        "creation_date": "2016-09-02",
        "delivery_date": "2016-09-02",
        "status": "O",
        "client": 612
    }
},
{
    "model": "order.order_item",
    "pk": 2350,
    "fields": {
        "order": 784,
        "price": "7.00",
        "billable_flag": true,
        "size": "R",
        "order_item_type": "B component",
        "remark": "Chat with him !",
        "total_quantity": 1,
        "free_quantity": null,
        "component_group": "main_dish"
    }
},
{
    "model": "order.order_item",
    "pk": 2351,
    "fields": {
        "order": 784,
        "price": "7.00",
        "billable_flag": true,
        "size": "L",
        "order_item_type": "B component",
        "remark": "",
        "total_quantity": 1,
        "free_quantity": null,
        "component_group": "pudding"
    }
},
{
    "model": "order.order_item",
    "pk": 2352,
    "fields": {
        "order": 785,
        "price": "7.00",
        "billable_flag": true,
        "size": "L",
        "order_item_type": "B component",
        "remark": "",
        "total_quantity": 2,
        "free_quantity": null,
        "component_group": "main_dish"
    }
},
{
    "model": "order.order_item",
    "pk": 2353,
    "fields": {
        "order": 785,
        "price": "7.00",
        "billable_flag": true,
        "size": "L",
        "order_item_type": "B component",
        "remark": "",
        "total_quantity": 2,
        "free_quantity": null,
        "component_group": "dessert"
    }
},
{
    "model": "order.order_item",
    "pk": 2354,
    "fields": {
        "order": 784,
        "price": "7.00",
        "billable_flag": true,
        "size": "L",
        "order_item_type": "B component",
        "remark": "",
        "total_quantity": 1,
        "free_quantity": null,
        "component_group": "green_salad"
    }
},
{
    "model": "order.order_item",
    "pk": 2355,
    "fields": {
        "order": 786,
        "price": "7.00",
        "billable_flag": true,
        "size": "L",
        "order_item_type": "B component",
        "remark": "",
        "total_quantity": 1,
        "free_quantity": null,
        "component_group": "main_dish"
    }
},
{
    "model": "order.order_item",
    "pk": 2356,
    "fields": {
        "order": 786,
        "price": "7.00",
        "billable_flag": true,
        "size": "L",
        "order_item_type": "B component",
        "remark": "",
        "total_quantity": 1,
        "free_quantity": null,
        "component_group": "fruit_salad"
    }
},
{
    "model": "order.order_item",
    "pk": 2357,
    "fields": {
        "order": 787,
        "price": "7.00",
        "billable_flag": true,
        "size": "L",
        "order_item_type": "B component",
        "remark": "",
        "total_quantity": 1,
        "free_quantity": null,
        "component_group": "main_dish"
    }
},
{
    "model": "order.order_item",
    "pk": 2358,
    "fields": {
        "order": 787,
        "price": "7.00",
        "billable_flag": true,
        "size": "L",
        "order_item_type": "B component",
        "remark": "Check out his garden",
        "total_quantity": 1,
        "free_quantity": null,
        "component_group": "diabetic"
    }
},
{
    "model": "order.order_item",
    "pk": 2359,
    "fields": {
        "order": 788,
        "price": "7.00",
        "billable_flag": true,
        "size": "L",
        "order_item_type": "B component",
        "remark": "",
        "total_quantity": 1,
        "free_quantity": null,
        "component_group": "main_dish"
    }
},
{
    "model": "order.order_item",
    "pk": 2360,
    "fields": {
        "order": 788,
        "price": "7.00",
        "billable_flag": true,
        "size": "L",
        "order_item_type": "B component",
        "remark": "Check out his garden",
        "total_quantity": 1,
        "free_quantity": null,
        "component_group": "fruit_salad"
    }
},
{
    "model": "order.order_item",
    "pk": 2361,
    "fields": {
        "order": 789,
        "price": "7.00",
        "billable_flag": true,
        "size": "R",
        "order_item_type": "B component",
        "remark": "",
        "total_quantity": 1,
        "free_quantity": null,
        "component_group": "main_dish"
    }
},
{
    "model": "order.order_item",
    "pk": 2362,
    "fields": {
        "order": 789,
        "price": "7.00",
        "billable_flag": true,
        "size": "L",
        "order_item_type": "B component",
        "remark": "Check out his garden",
        "total_quantity": 1,
        "free_quantity": null,
        "component_group": "fruit_salad"
    }
},
{
    "model": "order.order_item",
    "pk": 2363,
    "fields": {
        "order": 790,
        "price": "7.00",
        "billable_flag": true,
        "size": "R",
        "order_item_type": "B component",
        "remark": "",
        "total_quantity": 1,
        "free_quantity": null,
        "component_group": "main_dish"
    }
},
{
    "model": "order.order_item",
    "pk": 2364,
    "fields": {
        "order": 790,
        "price": "7.00",
        "billable_flag": true,
        "size": "L",
        "order_item_type": "B component",
        "remark": "Check out his garden",
        "total_quantity": 1,
        "free_quantity": null,
        "component_group": "fruit_salad"
    }
},
{
    "model": "order.order_item",
    "pk": 2365,
    "fields": {
        "order": 791,
        "price": "16.00",
        "billable_flag": true,
        "size": "L",
        "order_item_type": "B component",
        "remark": "",
        "total_quantity": 2,
        "free_quantity": 0,
        "component_group": "main_dish"
    }
},
{
    "model": "order.order_item",
    "pk": 2366,
    "fields": {
        "order": 791,
        "price": "0.00",
        "billable_flag": true,
        "size": "L",
        "order_item_type": "B component",
        "remark": "",
        "total_quantity": 1,
        "free_quantity": 1,
        "component_group": "dessert"
    }
},
{
    "model": "order.order_item",
    "pk": 2367,
    "fields": {
        "order": 791,
        "price": "0.00",
        "billable_flag": true,
        "size": "L",
        "order_item_type": "B component",
        "remark": "",
        "total_quantity": 1,
        "free_quantity": 1,
        "component_group": "green_salad"
    }
},
{
    "model": "order.order_item",
    "pk": 2368,
    "fields": {
        "order": 791,
        "price": "1.00",
        "billable_flag": true,
        "size": "L",
        "order_item_type": "B component",
        "remark": "",
        "total_quantity": 1,
        "free_quantity": 0,
        "component_group": "pudding"
    }
},
{
    "model": "order.order_item",
    "pk": 2369,
    "fields": {
        "order": 792,
        "price": "8.00",
        "billable_flag": true,
        "size": "R",
        "order_item_type": "B component",
        "remark": "",
        "total_quantity": 1,
        "free_quantity": 0,
        "component_group": "main_dish"
    }
},
{
    "model": "order.order_item",
    "pk": 2370,
    "fields": {
        "order": 792,
        "price": "0.00",
        "billable_flag": true,
        "size": "R",
        "order_item_type": "B component",
        "remark": "",
        "total_quantity": 1,
        "free_quantity": 1,
        "component_group": "dessert"
    }
},
{
    "model": "order.order_item",
    "pk": 2371,
    "fields": {
        "order": 793,
        "price": "16.00",
        "billable_flag": true,
        "size": "R",
        "order_item_type": "B component",
        "remark": "",
        "total_quantity": 2,
        "free_quantity": 0,
        "component_group": "main_dish"
    }
},
{
    "model": "order.order_item",
    "pk": 2372,
    "fields": {
        "order": 793,
        "price": "0.00",
        "billable_flag": true,
        "size": "R",
        "order_item_type": "B component",
        "remark": "",
        "total_quantity": 2,
        "free_quantity": 2,
        "component_group": "green_salad"
    }
},
{
    "model": "order.order_item",
    "pk": 2373,
    "fields": {
        "order": 794,
        "price": "8.00",
        "billable_flag": true,
        "size": "L",
        "order_item_type": "B component",
        "remark": "",
        "total_quantity": 1,
        "free_quantity": 0,
        "component_group": "main_dish"
    }
},
{
    "model": "order.order_item",
    "pk": 2374,
    "fields": {
        "order": 794,
        "price": "0.00",
        "billable_flag": true,
        "size": "L",
        "order_item_type": "B component",
        "remark": "",
        "total_quantity": 1,
        "free_quantity": 1,
        "component_group": "compote"
    }
},
{
    "model": "order.order_item",
    "pk": 2375,
    "fields": {
        "order": 795,
        "price": "8.00",
        "billable_flag": true,
        "size": "L",
        "order_item_type": "B component",
        "remark": "",
        "total_quantity": 1,
        "free_quantity": 0,
        "component_group": "main_dish"
    }
},
{
    "model": "order.order_item",
    "pk": 2376,
    "fields": {
        "order": 795,
        "price": "0.00",
        "billable_flag": true,
        "size": "L",
        "order_item_type": "B component",
        "remark": "",
        "total_quantity": 1,
        "free_quantity": 1,
        "component_group": "compote"
    }
},
{
    "model": "order.order_item",
    "pk": 2377,
    "fields": {
        "order": 796,
        "price": "8.00",
        "billable_flag": true,
        "size": "R",
        "order_item_type": "B component",
        "remark": "",
        "total_quantity": 1,
        "free_quantity": 0,
        "component_group": "main_dish"
    }
},
{
    "model": "order.order_item",
    "pk": 2378,
    "fields": {
        "order": 796,
        "price": "0.00",
        "billable_flag": true,
        "size": "R",
        "order_item_type": "B component",
        "remark": "",
        "total_quantity": 1,
        "free_quantity": 1,
        "component_group": "compote"
    }
},
{
    "model": "order.order_item",
    "pk": 2379,
    "fields": {
        "order": 797,
        "price": "8.00",
        "billable_flag": true,
        "size": "R",
        "order_item_type": "B component",
        "remark": "",
        "total_quantity": 1,
        "free_quantity": 0,
        "component_group": "main_dish"
    }
},
{
    "model": "order.order_item",
    "pk": 2380,
    "fields": {
        "order": 797,
        "price": "0.00",
        "billable_flag": true,
        "size": "R",
        "order_item_type": "B component",
        "remark": "",
        "total_quantity": 1,
        "free_quantity": 1,
        "component_group": "compote"
    }
},
{
    "model": "order.order_item",
    "pk": 2413,
    "fields": {
        "order": 812,
        "price": "16.00",
        "billable_flag": true,
        "size": "L",
        "order_item_type": "B component",
        "remark": "",
        "total_quantity": 2,
        "free_quantity": 0,
        "component_group": "main_dish"
    }
},
{
    "model": "order.order_item",
    "pk": 2414,
    "fields": {
        "order": 812,
        "price": "0.00",
        "billable_flag": true,
        "size": "L",
        "order_item_type": "B component",
        "remark": "",
        "total_quantity": 1,
        "free_quantity": 1,
        "component_group": "dessert"
    }
},
{
    "model": "order.order_item",
    "pk": 2415,
    "fields": {
        "order": 812,
        "price": "0.00",
        "billable_flag": true,
        "size": "L",
        "order_item_type": "B component",
        "remark": "",
        "total_quantity": 1,
        "free_quantity": 1,
        "component_group": "green_salad"
    }
},
{
    "model": "order.order_item",
    "pk": 2416,
    "fields": {
        "order": 812,
        "price": "1.00",
        "billable_flag": true,
        "size": "L",
        "order_item_type": "B component",
        "remark": "",
        "total_quantity": 1,
        "free_quantity": 0,
        "component_group": "pudding"
    }
},
{
    "model": "order.order_item",
    "pk": 2417,
    "fields": {
        "order": 813,
        "price": "8.00",
        "billable_flag": true,
        "size": "R",
        "order_item_type": "B component",
        "remark": "",
        "total_quantity": 1,
        "free_quantity": 0,
        "component_group": "main_dish"
    }
},
{
    "model": "order.order_item",
    "pk": 2418,
    "fields": {
        "order": 813,
        "price": "0.00",
        "billable_flag": true,
        "size": "R",
        "order_item_type": "B component",
        "remark": "",
        "total_quantity": 1,
        "free_quantity": 1,
        "component_group": "dessert"
    }
},
{
    "model": "order.order_item",
    "pk": 2419,
    "fields": {
        "order": 814,
        "price": "16.00",
        "billable_flag": true,
        "size": "R",
        "order_item_type": "B component",
        "remark": "",
        "total_quantity": 2,
        "free_quantity": 0,
        "component_group": "main_dish"
    }
},
{
    "model": "order.order_item",
    "pk": 2420,
    "fields": {
        "order": 814,
        "price": "0.00",
        "billable_flag": true,
        "size": "R",
        "order_item_type": "B component",
        "remark": "",
        "total_quantity": 2,
        "free_quantity": 2,
        "component_group": "green_salad"
    }
},
{
    "model": "order.order_item",
    "pk": 2421,
    "fields": {
        "order": 815,
        "price": "8.00",
        "billable_flag": true,
        "size": "L",
        "order_item_type": "B component",
        "remark": "",
        "total_quantity": 1,
        "free_quantity": 0,
        "component_group": "main_dish"
    }
},
{
    "model": "order.order_item",
    "pk": 2422,
    "fields": {
        "order": 815,
        "price": "0.00",
        "billable_flag": true,
        "size": "L",
        "order_item_type": "B component",
        "remark": "",
        "total_quantity": 1,
        "free_quantity": 1,
        "component_group": "compote"
    }
},
{
    "model": "order.order_item",
    "pk": 2423,
    "fields": {
        "order": 816,
        "price": "8.00",
        "billable_flag": true,
        "size": "L",
        "order_item_type": "B component",
        "remark": "",
        "total_quantity": 1,
        "free_quantity": 0,
        "component_group": "main_dish"
    }
},
{
    "model": "order.order_item",
    "pk": 2424,
    "fields": {
        "order": 816,
        "price": "0.00",
        "billable_flag": true,
        "size": "L",
        "order_item_type": "B component",
        "remark": "",
        "total_quantity": 1,
        "free_quantity": 1,
        "component_group": "compote"
    }
},
{
    "model": "order.order_item",
    "pk": 2425,
    "fields": {
        "order": 817,
        "price": "8.00",
        "billable_flag": true,
        "size": "R",
        "order_item_type": "B component",
        "remark": "",
        "total_quantity": 1,
        "free_quantity": 0,
        "component_group": "main_dish"
    }
},
{
    "model": "order.order_item",
    "pk": 2426,
    "fields": {
        "order": 817,
        "price": "0.00",
        "billable_flag": true,
        "size": "R",
        "order_item_type": "B component",
        "remark": "",
        "total_quantity": 1,
        "free_quantity": 1,
        "component_group": "compote"
    }
},
{
    "model": "order.order_item",
    "pk": 2427,
    "fields": {
        "order": 818,
        "price": "8.00",
        "billable_flag": true,
        "size": "R",
        "order_item_type": "B component",
        "remark": "",
        "total_quantity": 1,
        "free_quantity": 0,
        "component_group": "main_dish"
    }
},
{
    "model": "order.order_item",
    "pk": 2428,
    "fields": {
        "order": 818,
        "price": "0.00",
        "billable_flag": true,
        "size": "R",
        "order_item_type": "B component",
        "remark": "",
        "total_quantity": 1,
        "free_quantity": 1,
        "component_group": "compote"
    }
},
{
    "model": "order.order_item",
    "pk": 2429,
    "fields": {
        "order": 819,
        "price": "16.00",
        "billable_flag": true,
        "size": "L",
        "order_item_type": "B component",
        "remark": "",
        "total_quantity": 2,
        "free_quantity": 0,
        "component_group": "main_dish"
    }
},
{
    "model": "order.order_item",
    "pk": 2430,
    "fields": {
        "order": 819,
        "price": "0.00",
        "billable_flag": true,
        "size": "L",
        "order_item_type": "B component",
        "remark": "",
        "total_quantity": 1,
        "free_quantity": 1,
        "component_group": "dessert"
    }
},
{
    "model": "order.order_item",
    "pk": 2431,
    "fields": {
        "order": 819,
        "price": "0.00",
        "billable_flag": true,
        "size": "L",
        "order_item_type": "B component",
        "remark": "",
        "total_quantity": 1,
        "free_quantity": 1,
        "component_group": "green_salad"
    }
},
{
    "model": "order.order_item",
    "pk": 2432,
    "fields": {
        "order": 819,
        "price": "1.00",
        "billable_flag": true,
        "size": "L",
        "order_item_type": "B component",
        "remark": "",
        "total_quantity": 1,
        "free_quantity": 0,
        "component_group": "pudding"
    }
},
{
    "model": "order.order_item",
    "pk": 2433,
    "fields": {
        "order": 820,
        "price": "8.00",
        "billable_flag": true,
        "size": "R",
        "order_item_type": "B component",
        "remark": "",
        "total_quantity": 1,
        "free_quantity": 0,
        "component_group": "main_dish"
    }
},
{
    "model": "order.order_item",
    "pk": 2434,
    "fields": {
        "order": 820,
        "price": "0.00",
        "billable_flag": true,
        "size": "R",
        "order_item_type": "B component",
        "remark": "",
        "total_quantity": 1,
        "free_quantity": 1,
        "component_group": "dessert"
    }
},
{
    "model": "order.order_item",
    "pk": 2435,
    "fields": {
        "order": 821,
        "price": "16.00",
        "billable_flag": true,
        "size": "R",
        "order_item_type": "B component",
        "remark": "",
        "total_quantity": 2,
        "free_quantity": 0,
        "component_group": "main_dish"
    }
},
{
    "model": "order.order_item",
    "pk": 2436,
    "fields": {
        "order": 821,
        "price": "0.00",
        "billable_flag": true,
        "size": "R",
        "order_item_type": "B component",
        "remark": "",
        "total_quantity": 2,
        "free_quantity": 2,
        "component_group": "green_salad"
    }
},
{
    "model": "order.order_item",
    "pk": 2437,
    "fields": {
        "order": 822,
        "price": "8.00",
        "billable_flag": true,
        "size": "L",
        "order_item_type": "B component",
        "remark": "",
        "total_quantity": 1,
        "free_quantity": 0,
        "component_group": "main_dish"
    }
},
{
    "model": "order.order_item",
    "pk": 2438,
    "fields": {
        "order": 822,
        "price": "0.00",
        "billable_flag": true,
        "size": "L",
        "order_item_type": "B component",
        "remark": "",
        "total_quantity": 1,
        "free_quantity": 1,
        "component_group": "compote"
    }
},
{
    "model": "order.order_item",
    "pk": 2439,
    "fields": {
        "order": 823,
        "price": "8.00",
        "billable_flag": true,
        "size": "L",
        "order_item_type": "B component",
        "remark": "",
        "total_quantity": 1,
        "free_quantity": 0,
        "component_group": "main_dish"
    }
},
{
    "model": "order.order_item",
    "pk": 2440,
    "fields": {
        "order": 823,
        "price": "0.00",
        "billable_flag": true,
        "size": "L",
        "order_item_type": "B component",
        "remark": "",
        "total_quantity": 1,
        "free_quantity": 1,
        "component_group": "compote"
    }
},
{
    "model": "order.order_item",
    "pk": 2441,
    "fields": {
        "order": 824,
        "price": "8.00",
        "billable_flag": true,
        "size": "R",
        "order_item_type": "B component",
        "remark": "",
        "total_quantity": 1,
        "free_quantity": 0,
        "component_group": "main_dish"
    }
},
{
    "model": "order.order_item",
    "pk": 2442,
    "fields": {
        "order": 824,
        "price": "0.00",
        "billable_flag": true,
        "size": "R",
        "order_item_type": "B component",
        "remark": "",
        "total_quantity": 1,
        "free_quantity": 1,
        "component_group": "compote"
    }
},
{
    "model": "order.order_item",
    "pk": 2443,
    "fields": {
        "order": 825,
        "price": "8.00",
        "billable_flag": true,
        "size": "R",
        "order_item_type": "B component",
        "remark": "",
        "total_quantity": 1,
        "free_quantity": 0,
        "component_group": "main_dish"
    }
},
{
    "model": "order.order_item",
    "pk": 2444,
    "fields": {
        "order": 825,
        "price": "0.00",
        "billable_flag": true,
        "size": "R",
        "order_item_type": "B component",
        "remark": "",
        "total_quantity": 1,
        "free_quantity": 1,
        "component_group": "compote"
    }
},
{
    "model": "order.order_item",
    "pk": 2445,
    "fields": {
        "order": 826,
        "price": "16.00",
        "billable_flag": true,
        "size": "L",
        "order_item_type": "B component",
        "remark": "",
        "total_quantity": 2,
        "free_quantity": 0,
        "component_group": "main_dish"
    }
},
{
    "model": "order.order_item",
    "pk": 2446,
    "fields": {
        "order": 826,
        "price": "0.00",
        "billable_flag": true,
        "size": "L",
        "order_item_type": "B component",
        "remark": "",
        "total_quantity": 1,
        "free_quantity": 1,
        "component_group": "dessert"
    }
},
{
    "model": "order.order_item",
    "pk": 2447,
    "fields": {
        "order": 826,
        "price": "0.00",
        "billable_flag": true,
        "size": "L",
        "order_item_type": "B component",
        "remark": "",
        "total_quantity": 1,
        "free_quantity": 1,
        "component_group": "green_salad"
    }
},
{
    "model": "order.order_item",
    "pk": 2448,
    "fields": {
        "order": 826,
        "price": "1.00",
        "billable_flag": true,
        "size": "L",
        "order_item_type": "B component",
        "remark": "",
        "total_quantity": 1,
        "free_quantity": 0,
        "component_group": "pudding"
    }
},
{
    "model": "order.order_item",
    "pk": 2449,
    "fields": {
        "order": 827,
        "price": "8.00",
        "billable_flag": true,
        "size": "R",
        "order_item_type": "B component",
        "remark": "",
        "total_quantity": 1,
        "free_quantity": 0,
        "component_group": "main_dish"
    }
},
{
    "model": "order.order_item",
    "pk": 2450,
    "fields": {
        "order": 827,
        "price": "0.00",
        "billable_flag": true,
        "size": "R",
        "order_item_type": "B component",
        "remark": "",
        "total_quantity": 1,
        "free_quantity": 1,
        "component_group": "dessert"
    }
},
{
    "model": "order.order_item",
    "pk": 2451,
    "fields": {
        "order": 828,
        "price": "16.00",
        "billable_flag": true,
        "size": "R",
        "order_item_type": "B component",
        "remark": "",
        "total_quantity": 2,
        "free_quantity": 0,
        "component_group": "main_dish"
    }
},
{
    "model": "order.order_item",
    "pk": 2452,
    "fields": {
        "order": 828,
        "price": "0.00",
        "billable_flag": true,
        "size": "R",
        "order_item_type": "B component",
        "remark": "",
        "total_quantity": 2,
        "free_quantity": 2,
        "component_group": "green_salad"
    }
},
{
    "model": "order.order_item",
    "pk": 2453,
    "fields": {
        "order": 829,
        "price": "8.00",
        "billable_flag": true,
        "size": "L",
        "order_item_type": "B component",
        "remark": "",
        "total_quantity": 1,
        "free_quantity": 0,
        "component_group": "main_dish"
    }
},
{
    "model": "order.order_item",
    "pk": 2454,
    "fields": {
        "order": 829,
        "price": "0.00",
        "billable_flag": true,
        "size": "L",
        "order_item_type": "B component",
        "remark": "",
        "total_quantity": 1,
        "free_quantity": 1,
        "component_group": "compote"
    }
},
{
    "model": "order.order_item",
    "pk": 2455,
    "fields": {
        "order": 830,
        "price": "8.00",
        "billable_flag": true,
        "size": "L",
        "order_item_type": "B component",
        "remark": "",
        "total_quantity": 1,
        "free_quantity": 0,
        "component_group": "main_dish"
    }
},
{
    "model": "order.order_item",
    "pk": 2456,
    "fields": {
        "order": 830,
        "price": "0.00",
        "billable_flag": true,
        "size": "L",
        "order_item_type": "B component",
        "remark": "",
        "total_quantity": 1,
        "free_quantity": 1,
        "component_group": "compote"
    }
},
{
    "model": "order.order_item",
    "pk": 2457,
    "fields": {
        "order": 831,
        "price": "8.00",
        "billable_flag": true,
        "size": "R",
        "order_item_type": "B component",
        "remark": "",
        "total_quantity": 1,
        "free_quantity": 0,
        "component_group": "main_dish"
    }
},
{
    "model": "order.order_item",
    "pk": 2458,
    "fields": {
        "order": 831,
        "price": "0.00",
        "billable_flag": true,
        "size": "R",
        "order_item_type": "B component",
        "remark": "",
        "total_quantity": 1,
        "free_quantity": 1,
        "component_group": "compote"
    }
},
{
    "model": "order.order_item",
    "pk": 2459,
    "fields": {
        "order": 832,
        "price": "8.00",
        "billable_flag": true,
        "size": "R",
        "order_item_type": "B component",
        "remark": "",
        "total_quantity": 1,
        "free_quantity": 0,
        "component_group": "main_dish"
    }
},
{
    "model": "order.order_item",
    "pk": 2460,
    "fields": {
        "order": 832,
        "price": "0.00",
        "billable_flag": true,
        "size": "R",
        "order_item_type": "B component",
        "remark": "",
        "total_quantity": 1,
        "free_quantity": 1,
        "component_group": "compote"
    }
},
{
    "model": "order.order_item",
    "pk": 2461,
    "fields": {
        "order": 833,
        "price": "16.00",
        "billable_flag": true,
        "size": "L",
        "order_item_type": "B component",
        "remark": "",
        "total_quantity": 2,
        "free_quantity": 0,
        "component_group": "main_dish"
    }
},
{
    "model": "order.order_item",
    "pk": 2462,
    "fields": {
        "order": 833,
        "price": "0.00",
        "billable_flag": true,
        "size": "L",
        "order_item_type": "B component",
        "remark": "",
        "total_quantity": 1,
        "free_quantity": 1,
        "component_group": "dessert"
    }
},
{
    "model": "order.order_item",
    "pk": 2463,
    "fields": {
        "order": 833,
        "price": "0.00",
        "billable_flag": true,
        "size": "L",
        "order_item_type": "B component",
        "remark": "",
        "total_quantity": 1,
        "free_quantity": 1,
        "component_group": "green_salad"
    }
},
{
    "model": "order.order_item",
    "pk": 2464,
    "fields": {
        "order": 833,
        "price": "1.00",
        "billable_flag": true,
        "size": "L",
        "order_item_type": "B component",
        "remark": "",
        "total_quantity": 1,
        "free_quantity": 0,
        "component_group": "pudding"
    }
},
{
    "model": "order.order_item",
    "pk": 2465,
    "fields": {
        "order": 834,
        "price": "8.00",
        "billable_flag": true,
        "size": "R",
        "order_item_type": "B component",
        "remark": "",
        "total_quantity": 1,
        "free_quantity": 0,
        "component_group": "main_dish"
    }
},
{
    "model": "order.order_item",
    "pk": 2466,
    "fields": {
        "order": 834,
        "price": "0.00",
        "billable_flag": true,
        "size": "R",
        "order_item_type": "B component",
        "remark": "",
        "total_quantity": 1,
        "free_quantity": 1,
        "component_group": "dessert"
    }
},
{
    "model": "order.order_item",
    "pk": 2467,
    "fields": {
        "order": 835,
        "price": "16.00",
        "billable_flag": true,
        "size": "R",
        "order_item_type": "B component",
        "remark": "",
        "total_quantity": 2,
        "free_quantity": 0,
        "component_group": "main_dish"
    }
},
{
    "model": "order.order_item",
    "pk": 2468,
    "fields": {
        "order": 835,
        "price": "0.00",
        "billable_flag": true,
        "size": "R",
        "order_item_type": "B component",
        "remark": "",
        "total_quantity": 2,
        "free_quantity": 2,
        "component_group": "green_salad"
    }
},
{
    "model": "order.order_item",
    "pk": 2469,
    "fields": {
        "order": 836,
        "price": "8.00",
        "billable_flag": true,
        "size": "L",
        "order_item_type": "B component",
        "remark": "",
        "total_quantity": 1,
        "free_quantity": 0,
        "component_group": "main_dish"
    }
},
{
    "model": "order.order_item",
    "pk": 2470,
    "fields": {
        "order": 836,
        "price": "0.00",
        "billable_flag": true,
        "size": "L",
        "order_item_type": "B component",
        "remark": "",
        "total_quantity": 1,
        "free_quantity": 1,
        "component_group": "compote"
    }
},
{
    "model": "order.order_item",
    "pk": 2471,
    "fields": {
        "order": 837,
        "price": "8.00",
        "billable_flag": true,
        "size": "L",
        "order_item_type": "B component",
        "remark": "",
        "total_quantity": 1,
        "free_quantity": 0,
        "component_group": "main_dish"
    }
},
{
    "model": "order.order_item",
    "pk": 2472,
    "fields": {
        "order": 837,
        "price": "0.00",
        "billable_flag": true,
        "size": "L",
        "order_item_type": "B component",
        "remark": "",
        "total_quantity": 1,
        "free_quantity": 1,
        "component_group": "compote"
    }
},
{
    "model": "order.order_item",
    "pk": 2473,
    "fields": {
        "order": 838,
        "price": "8.00",
        "billable_flag": true,
        "size": "R",
        "order_item_type": "B component",
        "remark": "",
        "total_quantity": 1,
        "free_quantity": 0,
        "component_group": "main_dish"
    }
},
{
    "model": "order.order_item",
    "pk": 2474,
    "fields": {
        "order": 838,
        "price": "0.00",
        "billable_flag": true,
        "size": "R",
        "order_item_type": "B component",
        "remark": "",
        "total_quantity": 1,
        "free_quantity": 1,
        "component_group": "compote"
    }
},
{
    "model": "order.order_item",
    "pk": 2475,
    "fields": {
        "order": 839,
        "price": "8.00",
        "billable_flag": true,
        "size": "R",
        "order_item_type": "B component",
        "remark": "",
        "total_quantity": 1,
        "free_quantity": 0,
        "component_group": "main_dish"
    }
},
{
    "model": "order.order_item",
    "pk": 2476,
    "fields": {
        "order": 839,
        "price": "0.00",
        "billable_flag": true,
        "size": "R",
        "order_item_type": "B component",
        "remark": "",
        "total_quantity": 1,
        "free_quantity": 1,
        "component_group": "compote"
    }
},
{
    "model": "order.order_item",
    "pk": 2477,
    "fields": {
        "order": 840,
        "price": "16.00",
        "billable_flag": true,
        "size": "L",
        "order_item_type": "B component",
        "remark": "",
        "total_quantity": 2,
        "free_quantity": 0,
        "component_group": "main_dish"
    }
},
{
    "model": "order.order_item",
    "pk": 2478,
    "fields": {
        "order": 840,
        "price": "0.00",
        "billable_flag": true,
        "size": "L",
        "order_item_type": "B component",
        "remark": "",
        "total_quantity": 1,
        "free_quantity": 1,
        "component_group": "dessert"
    }
},
{
    "model": "order.order_item",
    "pk": 2479,
    "fields": {
        "order": 840,
        "price": "0.00",
        "billable_flag": true,
        "size": "L",
        "order_item_type": "B component",
        "remark": "",
        "total_quantity": 1,
        "free_quantity": 1,
        "component_group": "green_salad"
    }
},
{
    "model": "order.order_item",
    "pk": 2480,
    "fields": {
        "order": 840,
        "price": "1.00",
        "billable_flag": true,
        "size": "L",
        "order_item_type": "B component",
        "remark": "",
        "total_quantity": 1,
        "free_quantity": 0,
        "component_group": "pudding"
    }
},
{
    "model": "order.order_item",
    "pk": 2481,
    "fields": {
        "order": 841,
        "price": "8.00",
        "billable_flag": true,
        "size": "R",
        "order_item_type": "B component",
        "remark": "",
        "total_quantity": 1,
        "free_quantity": 0,
        "component_group": "main_dish"
    }
},
{
    "model": "order.order_item",
    "pk": 2482,
    "fields": {
        "order": 841,
        "price": "0.00",
        "billable_flag": true,
        "size": "R",
        "order_item_type": "B component",
        "remark": "",
        "total_quantity": 1,
        "free_quantity": 1,
        "component_group": "dessert"
    }
},
{
    "model": "order.order_item",
    "pk": 2483,
    "fields": {
        "order": 842,
        "price": "16.00",
        "billable_flag": true,
        "size": "R",
        "order_item_type": "B component",
        "remark": "",
        "total_quantity": 2,
        "free_quantity": 0,
        "component_group": "main_dish"
    }
},
{
    "model": "order.order_item",
    "pk": 2484,
    "fields": {
        "order": 842,
        "price": "0.00",
        "billable_flag": true,
        "size": "R",
        "order_item_type": "B component",
        "remark": "",
        "total_quantity": 2,
        "free_quantity": 2,
        "component_group": "green_salad"
    }
},
{
    "model": "order.order_item",
    "pk": 2485,
    "fields": {
        "order": 843,
        "price": "8.00",
        "billable_flag": true,
        "size": "L",
        "order_item_type": "B component",
        "remark": "",
        "total_quantity": 1,
        "free_quantity": 0,
        "component_group": "main_dish"
    }
},
{
    "model": "order.order_item",
    "pk": 2486,
    "fields": {
        "order": 843,
        "price": "0.00",
        "billable_flag": true,
        "size": "L",
        "order_item_type": "B component",
        "remark": "",
        "total_quantity": 1,
        "free_quantity": 1,
        "component_group": "compote"
    }
},
{
    "model": "order.order_item",
    "pk": 2487,
    "fields": {
        "order": 844,
        "price": "8.00",
        "billable_flag": true,
        "size": "L",
        "order_item_type": "B component",
        "remark": "",
        "total_quantity": 1,
        "free_quantity": 0,
        "component_group": "main_dish"
    }
},
{
    "model": "order.order_item",
    "pk": 2488,
    "fields": {
        "order": 844,
        "price": "0.00",
        "billable_flag": true,
        "size": "L",
        "order_item_type": "B component",
        "remark": "",
        "total_quantity": 1,
        "free_quantity": 1,
        "component_group": "compote"
    }
},
{
    "model": "order.order_item",
    "pk": 2489,
    "fields": {
        "order": 845,
        "price": "8.00",
        "billable_flag": true,
        "size": "R",
        "order_item_type": "B component",
        "remark": "",
        "total_quantity": 1,
        "free_quantity": 0,
        "component_group": "main_dish"
    }
},
{
    "model": "order.order_item",
    "pk": 2490,
    "fields": {
        "order": 845,
        "price": "0.00",
        "billable_flag": true,
        "size": "R",
        "order_item_type": "B component",
        "remark": "",
        "total_quantity": 1,
        "free_quantity": 1,
        "component_group": "compote"
    }
},
{
    "model": "order.order_item",
    "pk": 2491,
    "fields": {
        "order": 846,
        "price": "8.00",
        "billable_flag": true,
        "size": "R",
        "order_item_type": "B component",
        "remark": "",
        "total_quantity": 1,
        "free_quantity": 0,
        "component_group": "main_dish"
    }
},
{
    "model": "order.order_item",
    "pk": 2492,
    "fields": {
        "order": 846,
        "price": "0.00",
        "billable_flag": true,
        "size": "R",
        "order_item_type": "B component",
        "remark": "",
        "total_quantity": 1,
        "free_quantity": 1,
        "component_group": "compote"
    }
},
{
    "model": "order.order_item",
    "pk": 2509,
    "fields": {
        "order": 854,
        "price": "16.00",
        "billable_flag": true,
        "size": "L",
        "order_item_type": "B component",
        "remark": "",
        "total_quantity": 2,
        "free_quantity": 0,
        "component_group": "main_dish"
    }
},
{
    "model": "order.order_item",
    "pk": 2510,
    "fields": {
        "order": 854,
        "price": "0.00",
        "billable_flag": true,
        "size": "L",
        "order_item_type": "B component",
        "remark": "",
        "total_quantity": 1,
        "free_quantity": 1,
        "component_group": "dessert"
    }
},
{
    "model": "order.order_item",
    "pk": 2511,
    "fields": {
        "order": 854,
        "price": "0.00",
        "billable_flag": true,
        "size": "L",
        "order_item_type": "B component",
        "remark": "",
        "total_quantity": 1,
        "free_quantity": 1,
        "component_group": "green_salad"
    }
},
{
    "model": "order.order_item",
    "pk": 2512,
    "fields": {
        "order": 854,
        "price": "1.00",
        "billable_flag": true,
        "size": "L",
        "order_item_type": "B component",
        "remark": "",
        "total_quantity": 1,
        "free_quantity": 0,
        "component_group": "pudding"
    }
},
{
    "model": "order.order_item",
    "pk": 2513,
    "fields": {
        "order": 855,
        "price": "8.00",
        "billable_flag": true,
        "size": "R",
        "order_item_type": "B component",
        "remark": "",
        "total_quantity": 1,
        "free_quantity": 0,
        "component_group": "main_dish"
    }
},
{
    "model": "order.order_item",
    "pk": 2514,
    "fields": {
        "order": 855,
        "price": "0.00",
        "billable_flag": true,
        "size": "R",
        "order_item_type": "B component",
        "remark": "",
        "total_quantity": 1,
        "free_quantity": 1,
        "component_group": "dessert"
    }
},
{
    "model": "order.order_item",
    "pk": 2515,
    "fields": {
        "order": 856,
        "price": "16.00",
        "billable_flag": true,
        "size": "R",
        "order_item_type": "B component",
        "remark": "",
        "total_quantity": 2,
        "free_quantity": 0,
        "component_group": "main_dish"
    }
},
{
    "model": "order.order_item",
    "pk": 2516,
    "fields": {
        "order": 856,
        "price": "0.00",
        "billable_flag": true,
        "size": "R",
        "order_item_type": "B component",
        "remark": "",
        "total_quantity": 2,
        "free_quantity": 2,
        "component_group": "green_salad"
    }
},
{
    "model": "order.order_item",
    "pk": 2517,
    "fields": {
        "order": 857,
        "price": "8.00",
        "billable_flag": true,
        "size": "L",
        "order_item_type": "B component",
        "remark": "",
        "total_quantity": 1,
        "free_quantity": 0,
        "component_group": "main_dish"
    }
},
{
    "model": "order.order_item",
    "pk": 2518,
    "fields": {
        "order": 857,
        "price": "0.00",
        "billable_flag": true,
        "size": "L",
        "order_item_type": "B component",
        "remark": "",
        "total_quantity": 1,
        "free_quantity": 1,
        "component_group": "compote"
    }
},
{
    "model": "order.order_item",
    "pk": 2519,
    "fields": {
        "order": 858,
        "price": "8.00",
        "billable_flag": true,
        "size": "L",
        "order_item_type": "B component",
        "remark": "",
        "total_quantity": 1,
        "free_quantity": 0,
        "component_group": "main_dish"
    }
},
{
    "model": "order.order_item",
    "pk": 2520,
    "fields": {
        "order": 858,
        "price": "0.00",
        "billable_flag": true,
        "size": "L",
        "order_item_type": "B component",
        "remark": "",
        "total_quantity": 1,
        "free_quantity": 1,
        "component_group": "compote"
    }
},
{
    "model": "order.order_item",
    "pk": 2521,
    "fields": {
        "order": 859,
        "price": "8.00",
        "billable_flag": true,
        "size": "R",
        "order_item_type": "B component",
        "remark": "",
        "total_quantity": 1,
        "free_quantity": 0,
        "component_group": "main_dish"
    }
},
{
    "model": "order.order_item",
    "pk": 2522,
    "fields": {
        "order": 859,
        "price": "0.00",
        "billable_flag": true,
        "size": "R",
        "order_item_type": "B component",
        "remark": "",
        "total_quantity": 1,
        "free_quantity": 1,
        "component_group": "compote"
    }
},
{
    "model": "order.order_item",
    "pk": 2523,
    "fields": {
        "order": 860,
        "price": "8.00",
        "billable_flag": true,
        "size": "R",
        "order_item_type": "B component",
        "remark": "",
        "total_quantity": 1,
        "free_quantity": 0,
        "component_group": "main_dish"
    }
},
{
    "model": "order.order_item",
    "pk": 2524,
    "fields": {
        "order": 860,
        "price": "0.00",
        "billable_flag": true,
        "size": "R",
        "order_item_type": "B component",
        "remark": "",
        "total_quantity": 1,
        "free_quantity": 1,
        "component_group": "compote"
    }
},
{
    "model": "order.order_item",
    "pk": 2525,
    "fields": {
        "order": 861,
        "price": "16.00",
        "billable_flag": true,
        "size": "L",
        "order_item_type": "B component",
        "remark": "",
        "total_quantity": 2,
        "free_quantity": 0,
        "component_group": "main_dish"
    }
},
{
    "model": "order.order_item",
    "pk": 2526,
    "fields": {
        "order": 861,
        "price": "0.00",
        "billable_flag": true,
        "size": "L",
        "order_item_type": "B component",
        "remark": "",
        "total_quantity": 1,
        "free_quantity": 1,
        "component_group": "dessert"
    }
},
{
    "model": "order.order_item",
    "pk": 2527,
    "fields": {
        "order": 861,
        "price": "0.00",
        "billable_flag": true,
        "size": "L",
        "order_item_type": "B component",
        "remark": "",
        "total_quantity": 1,
        "free_quantity": 1,
        "component_group": "green_salad"
    }
},
{
    "model": "order.order_item",
    "pk": 2528,
    "fields": {
        "order": 861,
        "price": "1.00",
        "billable_flag": true,
        "size": "L",
        "order_item_type": "B component",
        "remark": "",
        "total_quantity": 1,
        "free_quantity": 0,
        "component_group": "pudding"
    }
},
{
    "model": "order.order_item",
    "pk": 2529,
    "fields": {
        "order": 862,
        "price": "8.00",
        "billable_flag": true,
        "size": "R",
        "order_item_type": "B component",
        "remark": "",
        "total_quantity": 1,
        "free_quantity": 0,
        "component_group": "main_dish"
    }
},
{
    "model": "order.order_item",
    "pk": 2530,
    "fields": {
        "order": 862,
        "price": "0.00",
        "billable_flag": true,
        "size": "R",
        "order_item_type": "B component",
        "remark": "",
        "total_quantity": 1,
        "free_quantity": 1,
        "component_group": "dessert"
    }
},
{
    "model": "order.order_item",
    "pk": 2531,
    "fields": {
        "order": 863,
        "price": "16.00",
        "billable_flag": true,
        "size": "R",
        "order_item_type": "B component",
        "remark": "",
        "total_quantity": 2,
        "free_quantity": 0,
        "component_group": "main_dish"
    }
},
{
    "model": "order.order_item",
    "pk": 2532,
    "fields": {
        "order": 863,
        "price": "0.00",
        "billable_flag": true,
        "size": "R",
        "order_item_type": "B component",
        "remark": "",
        "total_quantity": 2,
        "free_quantity": 2,
        "component_group": "green_salad"
    }
},
{
    "model": "order.order_item",
    "pk": 2533,
    "fields": {
        "order": 864,
        "price": "8.00",
        "billable_flag": true,
        "size": "L",
        "order_item_type": "B component",
        "remark": "",
        "total_quantity": 1,
        "free_quantity": 0,
        "component_group": "main_dish"
    }
},
{
    "model": "order.order_item",
    "pk": 2534,
    "fields": {
        "order": 864,
        "price": "0.00",
        "billable_flag": true,
        "size": "L",
        "order_item_type": "B component",
        "remark": "",
        "total_quantity": 1,
        "free_quantity": 1,
        "component_group": "compote"
    }
},
{
    "model": "order.order_item",
    "pk": 2535,
    "fields": {
        "order": 865,
        "price": "8.00",
        "billable_flag": true,
        "size": "L",
        "order_item_type": "B component",
        "remark": "",
        "total_quantity": 1,
        "free_quantity": 0,
        "component_group": "main_dish"
    }
},
{
    "model": "order.order_item",
    "pk": 2536,
    "fields": {
        "order": 865,
        "price": "0.00",
        "billable_flag": true,
        "size": "L",
        "order_item_type": "B component",
        "remark": "",
        "total_quantity": 1,
        "free_quantity": 1,
        "component_group": "compote"
    }
},
{
    "model": "order.order_item",
    "pk": 2537,
    "fields": {
        "order": 866,
        "price": "8.00",
        "billable_flag": true,
        "size": "R",
        "order_item_type": "B component",
        "remark": "",
        "total_quantity": 1,
        "free_quantity": 0,
        "component_group": "main_dish"
    }
},
{
    "model": "order.order_item",
    "pk": 2538,
    "fields": {
        "order": 866,
        "price": "0.00",
        "billable_flag": true,
        "size": "R",
        "order_item_type": "B component",
        "remark": "",
        "total_quantity": 1,
        "free_quantity": 1,
        "component_group": "compote"
    }
},
{
    "model": "order.order_item",
    "pk": 2539,
    "fields": {
        "order": 867,
        "price": "8.00",
        "billable_flag": true,
        "size": "R",
        "order_item_type": "B component",
        "remark": "",
        "total_quantity": 1,
        "free_quantity": 0,
        "component_group": "main_dish"
    }
},
{
    "model": "order.order_item",
    "pk": 2540,
    "fields": {
        "order": 867,
        "price": "0.00",
        "billable_flag": true,
        "size": "R",
        "order_item_type": "B component",
        "remark": "",
        "total_quantity": 1,
        "free_quantity": 1,
        "component_group": "compote"
    }
},
{
    "model": "order.order_item",
    "pk": 2541,
    "fields": {
        "order": 868,
        "price": "16.00",
        "billable_flag": true,
        "size": "L",
        "order_item_type": "B component",
        "remark": "",
        "total_quantity": 2,
        "free_quantity": 0,
        "component_group": "main_dish"
    }
},
{
    "model": "order.order_item",
    "pk": 2542,
    "fields": {
        "order": 868,
        "price": "0.00",
        "billable_flag": true,
        "size": "L",
        "order_item_type": "B component",
        "remark": "",
        "total_quantity": 1,
        "free_quantity": 1,
        "component_group": "dessert"
    }
},
{
    "model": "order.order_item",
    "pk": 2543,
    "fields": {
        "order": 868,
        "price": "0.00",
        "billable_flag": true,
        "size": "L",
        "order_item_type": "B component",
        "remark": "",
        "total_quantity": 1,
        "free_quantity": 1,
        "component_group": "green_salad"
    }
},
{
    "model": "order.order_item",
    "pk": 2544,
    "fields": {
        "order": 868,
        "price": "1.00",
        "billable_flag": true,
        "size": "L",
        "order_item_type": "B component",
        "remark": "",
        "total_quantity": 1,
        "free_quantity": 0,
        "component_group": "pudding"
    }
},
{
    "model": "order.order_item",
    "pk": 2545,
    "fields": {
        "order": 869,
        "price": "8.00",
        "billable_flag": true,
        "size": "R",
        "order_item_type": "B component",
        "remark": "",
        "total_quantity": 1,
        "free_quantity": 0,
        "component_group": "main_dish"
    }
},
{
    "model": "order.order_item",
    "pk": 2546,
    "fields": {
        "order": 869,
        "price": "0.00",
        "billable_flag": true,
        "size": "R",
        "order_item_type": "B component",
        "remark": "",
        "total_quantity": 1,
        "free_quantity": 1,
        "component_group": "dessert"
    }
},
{
    "model": "order.order_item",
    "pk": 2547,
    "fields": {
        "order": 870,
        "price": "16.00",
        "billable_flag": true,
        "size": "R",
        "order_item_type": "B component",
        "remark": "",
        "total_quantity": 2,
        "free_quantity": 0,
        "component_group": "main_dish"
    }
},
{
    "model": "order.order_item",
    "pk": 2548,
    "fields": {
        "order": 870,
        "price": "0.00",
        "billable_flag": true,
        "size": "R",
        "order_item_type": "B component",
        "remark": "",
        "total_quantity": 2,
        "free_quantity": 2,
        "component_group": "green_salad"
    }
},
{
    "model": "order.order_item",
    "pk": 2549,
    "fields": {
        "order": 871,
        "price": "8.00",
        "billable_flag": true,
        "size": "L",
        "order_item_type": "B component",
        "remark": "",
        "total_quantity": 1,
        "free_quantity": 0,
        "component_group": "main_dish"
    }
},
{
    "model": "order.order_item",
    "pk": 2550,
    "fields": {
        "order": 871,
        "price": "0.00",
        "billable_flag": true,
        "size": "L",
        "order_item_type": "B component",
        "remark": "",
        "total_quantity": 1,
        "free_quantity": 1,
        "component_group": "compote"
    }
},
{
    "model": "order.order_item",
    "pk": 2551,
    "fields": {
        "order": 872,
        "price": "8.00",
        "billable_flag": true,
        "size": "L",
        "order_item_type": "B component",
        "remark": "",
        "total_quantity": 1,
        "free_quantity": 0,
        "component_group": "main_dish"
    }
},
{
    "model": "order.order_item",
    "pk": 2552,
    "fields": {
        "order": 872,
        "price": "0.00",
        "billable_flag": true,
        "size": "L",
        "order_item_type": "B component",
        "remark": "",
        "total_quantity": 1,
        "free_quantity": 1,
        "component_group": "compote"
    }
},
{
    "model": "order.order_item",
    "pk": 2553,
    "fields": {
        "order": 873,
        "price": "8.00",
        "billable_flag": true,
        "size": "R",
        "order_item_type": "B component",
        "remark": "",
        "total_quantity": 1,
        "free_quantity": 0,
        "component_group": "main_dish"
    }
},
{
    "model": "order.order_item",
    "pk": 2554,
    "fields": {
        "order": 873,
        "price": "0.00",
        "billable_flag": true,
        "size": "R",
        "order_item_type": "B component",
        "remark": "",
        "total_quantity": 1,
        "free_quantity": 1,
        "component_group": "compote"
    }
},
{
    "model": "order.order_item",
    "pk": 2555,
    "fields": {
        "order": 874,
        "price": "8.00",
        "billable_flag": true,
        "size": "R",
        "order_item_type": "B component",
        "remark": "",
        "total_quantity": 1,
        "free_quantity": 0,
        "component_group": "main_dish"
    }
},
{
    "model": "order.order_item",
    "pk": 2556,
    "fields": {
        "order": 874,
        "price": "0.00",
        "billable_flag": true,
        "size": "R",
        "order_item_type": "B component",
        "remark": "",
        "total_quantity": 1,
        "free_quantity": 1,
        "component_group": "compote"
    }
},
{
    "model": "order.order_item",
    "pk": 2557,
    "fields": {
        "order": 875,
        "price": "16.00",
        "billable_flag": true,
        "size": "L",
        "order_item_type": "B component",
        "remark": "",
        "total_quantity": 2,
        "free_quantity": 0,
        "component_group": "main_dish"
    }
},
{
    "model": "order.order_item",
    "pk": 2558,
    "fields": {
        "order": 875,
        "price": "0.00",
        "billable_flag": true,
        "size": "L",
        "order_item_type": "B component",
        "remark": "",
        "total_quantity": 1,
        "free_quantity": 1,
        "component_group": "dessert"
    }
},
{
    "model": "order.order_item",
    "pk": 2559,
    "fields": {
        "order": 875,
        "price": "0.00",
        "billable_flag": true,
        "size": "L",
        "order_item_type": "B component",
        "remark": "",
        "total_quantity": 1,
        "free_quantity": 1,
        "component_group": "green_salad"
    }
},
{
    "model": "order.order_item",
    "pk": 2560,
    "fields": {
        "order": 875,
        "price": "1.00",
        "billable_flag": true,
        "size": "L",
        "order_item_type": "B component",
        "remark": "",
        "total_quantity": 1,
        "free_quantity": 0,
        "component_group": "pudding"
    }
},
{
    "model": "order.order_item",
    "pk": 2561,
    "fields": {
        "order": 876,
        "price": "8.00",
        "billable_flag": true,
        "size": "R",
        "order_item_type": "B component",
        "remark": "",
        "total_quantity": 1,
        "free_quantity": 0,
        "component_group": "main_dish"
    }
},
{
    "model": "order.order_item",
    "pk": 2562,
    "fields": {
        "order": 876,
        "price": "0.00",
        "billable_flag": true,
        "size": "R",
        "order_item_type": "B component",
        "remark": "",
        "total_quantity": 1,
        "free_quantity": 1,
        "component_group": "dessert"
    }
},
{
    "model": "order.order_item",
    "pk": 2563,
    "fields": {
        "order": 877,
        "price": "16.00",
        "billable_flag": true,
        "size": "R",
        "order_item_type": "B component",
        "remark": "",
        "total_quantity": 2,
        "free_quantity": 0,
        "component_group": "main_dish"
    }
},
{
    "model": "order.order_item",
    "pk": 2564,
    "fields": {
        "order": 877,
        "price": "0.00",
        "billable_flag": true,
        "size": "R",
        "order_item_type": "B component",
        "remark": "",
        "total_quantity": 2,
        "free_quantity": 2,
        "component_group": "green_salad"
    }
},
{
    "model": "order.order_item",
    "pk": 2565,
    "fields": {
        "order": 878,
        "price": "8.00",
        "billable_flag": true,
        "size": "L",
        "order_item_type": "B component",
        "remark": "",
        "total_quantity": 1,
        "free_quantity": 0,
        "component_group": "main_dish"
    }
},
{
    "model": "order.order_item",
    "pk": 2566,
    "fields": {
        "order": 878,
        "price": "0.00",
        "billable_flag": true,
        "size": "L",
        "order_item_type": "B component",
        "remark": "",
        "total_quantity": 1,
        "free_quantity": 1,
        "component_group": "compote"
    }
},
{
    "model": "order.order_item",
    "pk": 2567,
    "fields": {
        "order": 879,
        "price": "8.00",
        "billable_flag": true,
        "size": "L",
        "order_item_type": "B component",
        "remark": "",
        "total_quantity": 1,
        "free_quantity": 0,
        "component_group": "main_dish"
    }
},
{
    "model": "order.order_item",
    "pk": 2568,
    "fields": {
        "order": 879,
        "price": "0.00",
        "billable_flag": true,
        "size": "L",
        "order_item_type": "B component",
        "remark": "",
        "total_quantity": 1,
        "free_quantity": 1,
        "component_group": "compote"
    }
},
{
    "model": "order.order_item",
    "pk": 2569,
    "fields": {
        "order": 880,
        "price": "8.00",
        "billable_flag": true,
        "size": "R",
        "order_item_type": "B component",
        "remark": "",
        "total_quantity": 1,
        "free_quantity": 0,
        "component_group": "main_dish"
    }
},
{
    "model": "order.order_item",
    "pk": 2570,
    "fields": {
        "order": 880,
        "price": "0.00",
        "billable_flag": true,
        "size": "R",
        "order_item_type": "B component",
        "remark": "",
        "total_quantity": 1,
        "free_quantity": 1,
        "component_group": "compote"
    }
},
{
    "model": "order.order_item",
    "pk": 2571,
    "fields": {
        "order": 881,
        "price": "8.00",
        "billable_flag": true,
        "size": "R",
        "order_item_type": "B component",
        "remark": "",
        "total_quantity": 1,
        "free_quantity": 0,
        "component_group": "main_dish"
    }
},
{
    "model": "order.order_item",
    "pk": 2572,
    "fields": {
        "order": 881,
        "price": "0.00",
        "billable_flag": true,
        "size": "R",
        "order_item_type": "B component",
        "remark": "",
        "total_quantity": 1,
        "free_quantity": 1,
        "component_group": "compote"
    }
},
{
    "model": "order.order_item",
    "pk": 2573,
    "fields": {
        "order": 882,
        "price": "16.00",
        "billable_flag": true,
        "size": "L",
        "order_item_type": "B component",
        "remark": "",
        "total_quantity": 2,
        "free_quantity": 0,
        "component_group": "main_dish"
    }
},
{
    "model": "order.order_item",
    "pk": 2574,
    "fields": {
        "order": 882,
        "price": "0.00",
        "billable_flag": true,
        "size": "L",
        "order_item_type": "B component",
        "remark": "",
        "total_quantity": 1,
        "free_quantity": 1,
        "component_group": "dessert"
    }
},
{
    "model": "order.order_item",
    "pk": 2575,
    "fields": {
        "order": 882,
        "price": "0.00",
        "billable_flag": true,
        "size": "L",
        "order_item_type": "B component",
        "remark": "",
        "total_quantity": 1,
        "free_quantity": 1,
        "component_group": "green_salad"
    }
},
{
    "model": "order.order_item",
    "pk": 2576,
    "fields": {
        "order": 882,
        "price": "1.00",
        "billable_flag": true,
        "size": "L",
        "order_item_type": "B component",
        "remark": "",
        "total_quantity": 1,
        "free_quantity": 0,
        "component_group": "pudding"
    }
},
{
    "model": "order.order_item",
    "pk": 2577,
    "fields": {
        "order": 883,
        "price": "8.00",
        "billable_flag": true,
        "size": "R",
        "order_item_type": "B component",
        "remark": "",
        "total_quantity": 1,
        "free_quantity": 0,
        "component_group": "main_dish"
    }
},
{
    "model": "order.order_item",
    "pk": 2578,
    "fields": {
        "order": 883,
        "price": "0.00",
        "billable_flag": true,
        "size": "R",
        "order_item_type": "B component",
        "remark": "",
        "total_quantity": 1,
        "free_quantity": 1,
        "component_group": "dessert"
    }
},
{
    "model": "order.order_item",
    "pk": 2579,
    "fields": {
        "order": 884,
        "price": "16.00",
        "billable_flag": true,
        "size": "R",
        "order_item_type": "B component",
        "remark": "",
        "total_quantity": 2,
        "free_quantity": 0,
        "component_group": "main_dish"
    }
},
{
    "model": "order.order_item",
    "pk": 2580,
    "fields": {
        "order": 884,
        "price": "0.00",
        "billable_flag": true,
        "size": "R",
        "order_item_type": "B component",
        "remark": "",
        "total_quantity": 2,
        "free_quantity": 2,
        "component_group": "green_salad"
    }
},
{
    "model": "order.order_item",
    "pk": 2581,
    "fields": {
        "order": 885,
        "price": "8.00",
        "billable_flag": true,
        "size": "L",
        "order_item_type": "B component",
        "remark": "",
        "total_quantity": 1,
        "free_quantity": 0,
        "component_group": "main_dish"
    }
},
{
    "model": "order.order_item",
    "pk": 2582,
    "fields": {
        "order": 885,
        "price": "0.00",
        "billable_flag": true,
        "size": "L",
        "order_item_type": "B component",
        "remark": "",
        "total_quantity": 1,
        "free_quantity": 1,
        "component_group": "compote"
    }
},
{
    "model": "order.order_item",
    "pk": 2583,
    "fields": {
        "order": 886,
        "price": "8.00",
        "billable_flag": true,
        "size": "L",
        "order_item_type": "B component",
        "remark": "",
        "total_quantity": 1,
        "free_quantity": 0,
        "component_group": "main_dish"
    }
},
{
    "model": "order.order_item",
    "pk": 2584,
    "fields": {
        "order": 886,
        "price": "0.00",
        "billable_flag": true,
        "size": "L",
        "order_item_type": "B component",
        "remark": "",
        "total_quantity": 1,
        "free_quantity": 1,
        "component_group": "compote"
    }
},
{
    "model": "order.order_item",
    "pk": 2585,
    "fields": {
        "order": 887,
        "price": "8.00",
        "billable_flag": true,
        "size": "R",
        "order_item_type": "B component",
        "remark": "",
        "total_quantity": 1,
        "free_quantity": 0,
        "component_group": "main_dish"
    }
},
{
    "model": "order.order_item",
    "pk": 2586,
    "fields": {
        "order": 887,
        "price": "0.00",
        "billable_flag": true,
        "size": "R",
        "order_item_type": "B component",
        "remark": "",
        "total_quantity": 1,
        "free_quantity": 1,
        "component_group": "compote"
    }
},
{
    "model": "order.order_item",
    "pk": 2587,
    "fields": {
        "order": 888,
        "price": "8.00",
        "billable_flag": true,
        "size": "R",
        "order_item_type": "B component",
        "remark": "",
        "total_quantity": 1,
        "free_quantity": 0,
        "component_group": "main_dish"
    }
},
{
    "model": "order.order_item",
    "pk": 2588,
    "fields": {
        "order": 888,
        "price": "0.00",
        "billable_flag": true,
        "size": "R",
        "order_item_type": "B component",
        "remark": "",
        "total_quantity": 1,
        "free_quantity": 1,
        "component_group": "compote"
    }
},
{
    "model": "order.order_item",
    "pk": 2589,
    "fields": {
        "order": 889,
        "price": "16.00",
        "billable_flag": true,
        "size": "L",
        "order_item_type": "B component",
        "remark": "",
        "total_quantity": 2,
        "free_quantity": 0,
        "component_group": "main_dish"
    }
},
{
    "model": "order.order_item",
    "pk": 2590,
    "fields": {
        "order": 889,
        "price": "0.00",
        "billable_flag": true,
        "size": "L",
        "order_item_type": "B component",
        "remark": "",
        "total_quantity": 1,
        "free_quantity": 1,
        "component_group": "dessert"
    }
},
{
    "model": "order.order_item",
    "pk": 2591,
    "fields": {
        "order": 889,
        "price": "0.00",
        "billable_flag": true,
        "size": "L",
        "order_item_type": "B component",
        "remark": "",
        "total_quantity": 1,
        "free_quantity": 1,
        "component_group": "green_salad"
    }
},
{
    "model": "order.order_item",
    "pk": 2592,
    "fields": {
        "order": 889,
        "price": "1.00",
        "billable_flag": true,
        "size": "L",
        "order_item_type": "B component",
        "remark": "",
        "total_quantity": 1,
        "free_quantity": 0,
        "component_group": "pudding"
    }
},
{
    "model": "order.order_item",
    "pk": 2593,
    "fields": {
        "order": 890,
        "price": "8.00",
        "billable_flag": true,
        "size": "R",
        "order_item_type": "B component",
        "remark": "",
        "total_quantity": 1,
        "free_quantity": 0,
        "component_group": "main_dish"
    }
},
{
    "model": "order.order_item",
    "pk": 2594,
    "fields": {
        "order": 890,
        "price": "0.00",
        "billable_flag": true,
        "size": "R",
        "order_item_type": "B component",
        "remark": "",
        "total_quantity": 1,
        "free_quantity": 1,
        "component_group": "dessert"
    }
},
{
    "model": "order.order_item",
    "pk": 2595,
    "fields": {
        "order": 891,
        "price": "16.00",
        "billable_flag": true,
        "size": "R",
        "order_item_type": "B component",
        "remark": "",
        "total_quantity": 2,
        "free_quantity": 0,
        "component_group": "main_dish"
    }
},
{
    "model": "order.order_item",
    "pk": 2596,
    "fields": {
        "order": 891,
        "price": "0.00",
        "billable_flag": true,
        "size": "R",
        "order_item_type": "B component",
        "remark": "",
        "total_quantity": 2,
        "free_quantity": 2,
        "component_group": "green_salad"
    }
},
{
    "model": "order.order_item",
    "pk": 2597,
    "fields": {
        "order": 892,
        "price": "8.00",
        "billable_flag": true,
        "size": "L",
        "order_item_type": "B component",
        "remark": "",
        "total_quantity": 1,
        "free_quantity": 0,
        "component_group": "main_dish"
    }
},
{
    "model": "order.order_item",
    "pk": 2598,
    "fields": {
        "order": 892,
        "price": "0.00",
        "billable_flag": true,
        "size": "L",
        "order_item_type": "B component",
        "remark": "",
        "total_quantity": 1,
        "free_quantity": 1,
        "component_group": "compote"
    }
},
{
    "model": "order.order_item",
    "pk": 2599,
    "fields": {
        "order": 893,
        "price": "8.00",
        "billable_flag": true,
        "size": "L",
        "order_item_type": "B component",
        "remark": "",
        "total_quantity": 1,
        "free_quantity": 0,
        "component_group": "main_dish"
    }
},
{
    "model": "order.order_item",
    "pk": 2600,
    "fields": {
        "order": 893,
        "price": "0.00",
        "billable_flag": true,
        "size": "L",
        "order_item_type": "B component",
        "remark": "",
        "total_quantity": 1,
        "free_quantity": 1,
        "component_group": "compote"
    }
},
{
    "model": "order.order_item",
    "pk": 2601,
    "fields": {
        "order": 894,
        "price": "8.00",
        "billable_flag": true,
        "size": "R",
        "order_item_type": "B component",
        "remark": "",
        "total_quantity": 1,
        "free_quantity": 0,
        "component_group": "main_dish"
    }
},
{
    "model": "order.order_item",
    "pk": 2602,
    "fields": {
        "order": 894,
        "price": "0.00",
        "billable_flag": true,
        "size": "R",
        "order_item_type": "B component",
        "remark": "",
        "total_quantity": 1,
        "free_quantity": 1,
        "component_group": "compote"
    }
},
{
    "model": "order.order_item",
    "pk": 2603,
    "fields": {
        "order": 895,
        "price": "8.00",
        "billable_flag": true,
        "size": "R",
        "order_item_type": "B component",
        "remark": "",
        "total_quantity": 1,
        "free_quantity": 0,
        "component_group": "main_dish"
    }
},
{
    "model": "order.order_item",
    "pk": 2604,
    "fields": {
        "order": 895,
        "price": "0.00",
        "billable_flag": true,
        "size": "R",
        "order_item_type": "B component",
        "remark": "",
        "total_quantity": 1,
        "free_quantity": 1,
        "component_group": "compote"
    }
},
{
    "model": "order.order_item",
    "pk": 2605,
    "fields": {
        "order": 896,
        "price": "16.00",
        "billable_flag": true,
        "size": "L",
        "order_item_type": "B component",
        "remark": "",
        "total_quantity": 2,
        "free_quantity": 0,
        "component_group": "main_dish"
    }
},
{
    "model": "order.order_item",
    "pk": 2606,
    "fields": {
        "order": 896,
        "price": "0.00",
        "billable_flag": true,
        "size": "L",
        "order_item_type": "B component",
        "remark": "",
        "total_quantity": 1,
        "free_quantity": 1,
        "component_group": "dessert"
    }
},
{
    "model": "order.order_item",
    "pk": 2607,
    "fields": {
        "order": 896,
        "price": "0.00",
        "billable_flag": true,
        "size": "L",
        "order_item_type": "B component",
        "remark": "",
        "total_quantity": 1,
        "free_quantity": 1,
        "component_group": "green_salad"
    }
},
{
    "model": "order.order_item",
    "pk": 2608,
    "fields": {
        "order": 896,
        "price": "1.00",
        "billable_flag": true,
        "size": "L",
        "order_item_type": "B component",
        "remark": "",
        "total_quantity": 1,
        "free_quantity": 0,
        "component_group": "pudding"
    }
},
{
    "model": "order.order_item",
    "pk": 2609,
    "fields": {
        "order": 897,
        "price": "8.00",
        "billable_flag": true,
        "size": "R",
        "order_item_type": "B component",
        "remark": "",
        "total_quantity": 1,
        "free_quantity": 0,
        "component_group": "main_dish"
    }
},
{
    "model": "order.order_item",
    "pk": 2610,
    "fields": {
        "order": 897,
        "price": "0.00",
        "billable_flag": true,
        "size": "R",
        "order_item_type": "B component",
        "remark": "",
        "total_quantity": 1,
        "free_quantity": 1,
        "component_group": "dessert"
    }
},
{
    "model": "order.order_item",
    "pk": 2611,
    "fields": {
        "order": 898,
        "price": "16.00",
        "billable_flag": true,
        "size": "R",
        "order_item_type": "B component",
        "remark": "",
        "total_quantity": 2,
        "free_quantity": 0,
        "component_group": "main_dish"
    }
},
{
    "model": "order.order_item",
    "pk": 2612,
    "fields": {
        "order": 898,
        "price": "0.00",
        "billable_flag": true,
        "size": "R",
        "order_item_type": "B component",
        "remark": "",
        "total_quantity": 2,
        "free_quantity": 2,
        "component_group": "green_salad"
    }
},
{
    "model": "order.order_item",
    "pk": 2613,
    "fields": {
        "order": 899,
        "price": "8.00",
        "billable_flag": true,
        "size": "L",
        "order_item_type": "B component",
        "remark": "",
        "total_quantity": 1,
        "free_quantity": 0,
        "component_group": "main_dish"
    }
},
{
    "model": "order.order_item",
    "pk": 2614,
    "fields": {
        "order": 899,
        "price": "0.00",
        "billable_flag": true,
        "size": "L",
        "order_item_type": "B component",
        "remark": "",
        "total_quantity": 1,
        "free_quantity": 1,
        "component_group": "compote"
    }
},
{
    "model": "order.order_item",
    "pk": 2615,
    "fields": {
        "order": 900,
        "price": "8.00",
        "billable_flag": true,
        "size": "L",
        "order_item_type": "B component",
        "remark": "",
        "total_quantity": 1,
        "free_quantity": 0,
        "component_group": "main_dish"
    }
},
{
    "model": "order.order_item",
    "pk": 2616,
    "fields": {
        "order": 900,
        "price": "0.00",
        "billable_flag": true,
        "size": "L",
        "order_item_type": "B component",
        "remark": "",
        "total_quantity": 1,
        "free_quantity": 1,
        "component_group": "compote"
    }
},
{
    "model": "order.order_item",
    "pk": 2617,
    "fields": {
        "order": 901,
        "price": "8.00",
        "billable_flag": true,
        "size": "R",
        "order_item_type": "B component",
        "remark": "",
        "total_quantity": 1,
        "free_quantity": 0,
        "component_group": "main_dish"
    }
},
{
    "model": "order.order_item",
    "pk": 2618,
    "fields": {
        "order": 901,
        "price": "0.00",
        "billable_flag": true,
        "size": "R",
        "order_item_type": "B component",
        "remark": "",
        "total_quantity": 1,
        "free_quantity": 1,
        "component_group": "compote"
    }
},
{
    "model": "order.order_item",
    "pk": 2619,
    "fields": {
        "order": 902,
        "price": "8.00",
        "billable_flag": true,
        "size": "R",
        "order_item_type": "B component",
        "remark": "",
        "total_quantity": 1,
        "free_quantity": 0,
        "component_group": "main_dish"
    }
},
{
    "model": "order.order_item",
    "pk": 2620,
    "fields": {
        "order": 902,
        "price": "0.00",
        "billable_flag": true,
        "size": "R",
        "order_item_type": "B component",
        "remark": "",
        "total_quantity": 1,
        "free_quantity": 1,
        "component_group": "compote"
    }
},
{
    "model": "order.order_item",
    "pk": 2621,
    "fields": {
        "order": 903,
        "price": "16.00",
        "billable_flag": true,
        "size": "L",
        "order_item_type": "B component",
        "remark": "",
        "total_quantity": 2,
        "free_quantity": 0,
        "component_group": "main_dish"
    }
},
{
    "model": "order.order_item",
    "pk": 2622,
    "fields": {
        "order": 903,
        "price": "0.00",
        "billable_flag": true,
        "size": "L",
        "order_item_type": "B component",
        "remark": "",
        "total_quantity": 1,
        "free_quantity": 1,
        "component_group": "dessert"
    }
},
{
    "model": "order.order_item",
    "pk": 2623,
    "fields": {
        "order": 903,
        "price": "0.00",
        "billable_flag": true,
        "size": "L",
        "order_item_type": "B component",
        "remark": "",
        "total_quantity": 1,
        "free_quantity": 1,
        "component_group": "green_salad"
    }
},
{
    "model": "order.order_item",
    "pk": 2624,
    "fields": {
        "order": 903,
        "price": "1.00",
        "billable_flag": true,
        "size": "L",
        "order_item_type": "B component",
        "remark": "",
        "total_quantity": 1,
        "free_quantity": 0,
        "component_group": "pudding"
    }
},
{
    "model": "order.order_item",
    "pk": 2625,
    "fields": {
        "order": 904,
        "price": "8.00",
        "billable_flag": true,
        "size": "R",
        "order_item_type": "B component",
        "remark": "",
        "total_quantity": 1,
        "free_quantity": 0,
        "component_group": "main_dish"
    }
},
{
    "model": "order.order_item",
    "pk": 2626,
    "fields": {
        "order": 904,
        "price": "0.00",
        "billable_flag": true,
        "size": "R",
        "order_item_type": "B component",
        "remark": "",
        "total_quantity": 1,
        "free_quantity": 1,
        "component_group": "dessert"
    }
},
{
    "model": "order.order_item",
    "pk": 2627,
    "fields": {
        "order": 905,
        "price": "16.00",
        "billable_flag": true,
        "size": "R",
        "order_item_type": "B component",
        "remark": "",
        "total_quantity": 2,
        "free_quantity": 0,
        "component_group": "main_dish"
    }
},
{
    "model": "order.order_item",
    "pk": 2628,
    "fields": {
        "order": 905,
        "price": "0.00",
        "billable_flag": true,
        "size": "R",
        "order_item_type": "B component",
        "remark": "",
        "total_quantity": 2,
        "free_quantity": 2,
        "component_group": "green_salad"
    }
},
{
    "model": "order.order_item",
    "pk": 2629,
    "fields": {
        "order": 906,
        "price": "8.00",
        "billable_flag": true,
        "size": "L",
        "order_item_type": "B component",
        "remark": "* SPECIAL *",
        "total_quantity": 1,
        "free_quantity": 0,
        "component_group": "main_dish"
    }
},
{
    "model": "order.order_item",
    "pk": 2630,
    "fields": {
        "order": 906,
        "price": "0.00",
        "billable_flag": true,
        "size": "L",
        "order_item_type": "B component",
        "remark": "",
        "total_quantity": 1,
        "free_quantity": 1,
        "component_group": "compote"
    }
},
{
    "model": "order.order_item",
    "pk": 2631,
    "fields": {
        "order": 907,
        "price": "8.00",
        "billable_flag": true,
        "size": "L",
        "order_item_type": "B component",
        "remark": "",
        "total_quantity": 1,
        "free_quantity": 0,
        "component_group": "main_dish"
    }
},
{
    "model": "order.order_item",
    "pk": 2632,
    "fields": {
        "order": 907,
        "price": "0.00",
        "billable_flag": true,
        "size": "L",
        "order_item_type": "B component",
        "remark": "",
        "total_quantity": 1,
        "free_quantity": 1,
        "component_group": "compote"
    }
},
{
    "model": "order.order_item",
    "pk": 2633,
    "fields": {
        "order": 908,
        "price": "8.00",
        "billable_flag": true,
        "size": "R",
        "order_item_type": "B component",
        "remark": "",
        "total_quantity": 1,
        "free_quantity": 0,
        "component_group": "main_dish"
    }
},
{
    "model": "order.order_item",
    "pk": 2634,
    "fields": {
        "order": 908,
        "price": "0.00",
        "billable_flag": true,
        "size": "R",
        "order_item_type": "B component",
        "remark": "",
        "total_quantity": 1,
        "free_quantity": 1,
        "component_group": "compote"
    }
},
{
    "model": "order.order_item",
    "pk": 2635,
    "fields": {
        "order": 909,
        "price": "8.00",
        "billable_flag": true,
        "size": "R",
        "order_item_type": "B component",
        "remark": "",
        "total_quantity": 1,
        "free_quantity": 0,
        "component_group": "main_dish"
    }
},
{
    "model": "order.order_item",
    "pk": 2636,
    "fields": {
        "order": 909,
        "price": "0.00",
        "billable_flag": true,
        "size": "R",
        "order_item_type": "B component",
        "remark": "",
        "total_quantity": 1,
        "free_quantity": 1,
        "component_group": "compote"
    }
},
{
    "model": "order.order_item",
    "pk": 2653,
    "fields": {
        "order": 917,
        "price": "16.00",
        "billable_flag": true,
        "size": "L",
        "order_item_type": "B component",
        "remark": "",
        "total_quantity": 2,
        "free_quantity": 0,
        "component_group": "main_dish"
    }
},
{
    "model": "order.order_item",
    "pk": 2654,
    "fields": {
        "order": 917,
        "price": "0.00",
        "billable_flag": true,
        "size": "L",
        "order_item_type": "B component",
        "remark": "",
        "total_quantity": 1,
        "free_quantity": 1,
        "component_group": "dessert"
    }
},
{
    "model": "order.order_item",
    "pk": 2655,
    "fields": {
        "order": 917,
        "price": "0.00",
        "billable_flag": true,
        "size": "L",
        "order_item_type": "B component",
        "remark": "",
        "total_quantity": 1,
        "free_quantity": 1,
        "component_group": "green_salad"
    }
},
{
    "model": "order.order_item",
    "pk": 2656,
    "fields": {
        "order": 917,
        "price": "1.00",
        "billable_flag": true,
        "size": "L",
        "order_item_type": "B component",
        "remark": "",
        "total_quantity": 1,
        "free_quantity": 0,
        "component_group": "pudding"
    }
},
{
    "model": "order.order_item",
    "pk": 2657,
    "fields": {
        "order": 918,
        "price": "8.00",
        "billable_flag": true,
        "size": "R",
        "order_item_type": "B component",
        "remark": "",
        "total_quantity": 1,
        "free_quantity": 0,
        "component_group": "main_dish"
    }
},
{
    "model": "order.order_item",
    "pk": 2658,
    "fields": {
        "order": 918,
        "price": "0.00",
        "billable_flag": true,
        "size": "R",
        "order_item_type": "B component",
        "remark": "",
        "total_quantity": 1,
        "free_quantity": 1,
        "component_group": "dessert"
    }
},
{
    "model": "order.order_item",
    "pk": 2659,
    "fields": {
        "order": 919,
        "price": "16.00",
        "billable_flag": true,
        "size": "R",
        "order_item_type": "B component",
        "remark": "",
        "total_quantity": 2,
        "free_quantity": 0,
        "component_group": "main_dish"
    }
},
{
    "model": "order.order_item",
    "pk": 2660,
    "fields": {
        "order": 919,
        "price": "0.00",
        "billable_flag": true,
        "size": "R",
        "order_item_type": "B component",
        "remark": "",
        "total_quantity": 2,
        "free_quantity": 2,
        "component_group": "green_salad"
    }
},
{
    "model": "order.order_item",
    "pk": 2661,
    "fields": {
        "order": 920,
        "price": "8.00",
        "billable_flag": true,
        "size": "L",
        "order_item_type": "B component",
        "remark": "",
        "total_quantity": 1,
        "free_quantity": 0,
        "component_group": "main_dish"
    }
},
{
    "model": "order.order_item",
    "pk": 2662,
    "fields": {
        "order": 920,
        "price": "0.00",
        "billable_flag": true,
        "size": "L",
        "order_item_type": "B component",
        "remark": "",
        "total_quantity": 1,
        "free_quantity": 1,
        "component_group": "compote"
    }
},
{
    "model": "order.order_item",
    "pk": 2663,
    "fields": {
        "order": 921,
        "price": "8.00",
        "billable_flag": true,
        "size": "L",
        "order_item_type": "B component",
        "remark": "",
        "total_quantity": 1,
        "free_quantity": 0,
        "component_group": "main_dish"
    }
},
{
    "model": "order.order_item",
    "pk": 2664,
    "fields": {
        "order": 921,
        "price": "0.00",
        "billable_flag": true,
        "size": "L",
        "order_item_type": "B component",
        "remark": "",
        "total_quantity": 1,
        "free_quantity": 1,
        "component_group": "compote"
    }
},
{
    "model": "order.order_item",
    "pk": 2665,
    "fields": {
        "order": 922,
        "price": "8.00",
        "billable_flag": true,
        "size": "R",
        "order_item_type": "B component",
        "remark": "",
        "total_quantity": 1,
        "free_quantity": 0,
        "component_group": "main_dish"
    }
},
{
    "model": "order.order_item",
    "pk": 2666,
    "fields": {
        "order": 922,
        "price": "0.00",
        "billable_flag": true,
        "size": "R",
        "order_item_type": "B component",
        "remark": "",
        "total_quantity": 1,
        "free_quantity": 1,
        "component_group": "compote"
    }
},
{
    "model": "order.order_item",
    "pk": 2667,
    "fields": {
        "order": 923,
        "price": "8.00",
        "billable_flag": true,
        "size": "R",
        "order_item_type": "B component",
        "remark": "",
        "total_quantity": 1,
        "free_quantity": 0,
        "component_group": "main_dish"
    }
},
{
    "model": "order.order_item",
    "pk": 2668,
    "fields": {
        "order": 923,
        "price": "0.00",
        "billable_flag": true,
        "size": "R",
        "order_item_type": "B component",
        "remark": "",
        "total_quantity": 1,
        "free_quantity": 1,
        "component_group": "compote"
    }
},
{
    "model": "order.order_item",
    "pk": 2669,
    "fields": {
        "order": 924,
        "price": "8.00",
        "billable_flag": true,
        "size": "R",
        "order_item_type": "B component",
        "remark": "",
        "total_quantity": 1,
        "free_quantity": 0,
        "component_group": "main_dish"
    }
},
{
    "model": "order.order_item",
    "pk": 2670,
    "fields": {
        "order": 925,
        "price": "16.00",
        "billable_flag": true,
        "size": "L",
        "order_item_type": "B component",
        "remark": "",
        "total_quantity": 2,
        "free_quantity": 0,
        "component_group": "main_dish"
    }
},
{
    "model": "order.order_item",
    "pk": 2671,
    "fields": {
        "order": 925,
        "price": "0.00",
        "billable_flag": true,
        "size": "L",
        "order_item_type": "B component",
        "remark": "",
        "total_quantity": 1,
        "free_quantity": 1,
        "component_group": "dessert"
    }
},
{
    "model": "order.order_item",
    "pk": 2672,
    "fields": {
        "order": 925,
        "price": "0.00",
        "billable_flag": true,
        "size": "L",
        "order_item_type": "B component",
        "remark": "",
        "total_quantity": 1,
        "free_quantity": 1,
        "component_group": "green_salad"
    }
},
{
    "model": "order.order_item",
    "pk": 2673,
    "fields": {
        "order": 925,
        "price": "1.00",
        "billable_flag": true,
        "size": "L",
        "order_item_type": "B component",
        "remark": "",
        "total_quantity": 1,
        "free_quantity": 0,
        "component_group": "pudding"
    }
},
{
    "model": "order.order_item",
    "pk": 2674,
    "fields": {
        "order": 926,
        "price": "8.00",
        "billable_flag": true,
        "size": "R",
        "order_item_type": "B component",
        "remark": "",
        "total_quantity": 1,
        "free_quantity": 0,
        "component_group": "main_dish"
    }
},
{
    "model": "order.order_item",
    "pk": 2675,
    "fields": {
        "order": 926,
        "price": "0.00",
        "billable_flag": true,
        "size": "R",
        "order_item_type": "B component",
        "remark": "",
        "total_quantity": 1,
        "free_quantity": 1,
        "component_group": "dessert"
    }
},
{
    "model": "order.order_item",
    "pk": 2676,
    "fields": {
        "order": 927,
        "price": "16.00",
        "billable_flag": true,
        "size": "R",
        "order_item_type": "B component",
        "remark": "",
        "total_quantity": 2,
        "free_quantity": 0,
        "component_group": "main_dish"
    }
},
{
    "model": "order.order_item",
    "pk": 2677,
    "fields": {
        "order": 927,
        "price": "0.00",
        "billable_flag": true,
        "size": "R",
        "order_item_type": "B component",
        "remark": "",
        "total_quantity": 2,
        "free_quantity": 2,
        "component_group": "green_salad"
    }
},
{
    "model": "order.order_item",
    "pk": 2678,
    "fields": {
        "order": 928,
        "price": "8.00",
        "billable_flag": true,
        "size": "L",
        "order_item_type": "B component",
        "remark": "",
        "total_quantity": 1,
        "free_quantity": 0,
        "component_group": "main_dish"
    }
},
{
    "model": "order.order_item",
    "pk": 2679,
    "fields": {
        "order": 928,
        "price": "0.00",
        "billable_flag": true,
        "size": "L",
        "order_item_type": "B component",
        "remark": "",
        "total_quantity": 1,
        "free_quantity": 1,
        "component_group": "compote"
    }
},
{
    "model": "order.order_item",
    "pk": 2680,
    "fields": {
        "order": 929,
        "price": "8.00",
        "billable_flag": true,
        "size": "L",
        "order_item_type": "B component",
        "remark": "",
        "total_quantity": 1,
        "free_quantity": 0,
        "component_group": "main_dish"
    }
},
{
    "model": "order.order_item",
    "pk": 2681,
    "fields": {
        "order": 929,
        "price": "0.00",
        "billable_flag": true,
        "size": "L",
        "order_item_type": "B component",
        "remark": "",
        "total_quantity": 1,
        "free_quantity": 1,
        "component_group": "compote"
    }
},
{
    "model": "order.order_item",
    "pk": 2682,
    "fields": {
        "order": 930,
        "price": "8.00",
        "billable_flag": true,
        "size": "R",
        "order_item_type": "B component",
        "remark": "",
        "total_quantity": 1,
        "free_quantity": 0,
        "component_group": "main_dish"
    }
},
{
    "model": "order.order_item",
    "pk": 2683,
    "fields": {
        "order": 930,
        "price": "0.00",
        "billable_flag": true,
        "size": "R",
        "order_item_type": "B component",
        "remark": "",
        "total_quantity": 1,
        "free_quantity": 1,
        "component_group": "compote"
    }
},
{
    "model": "order.order_item",
    "pk": 2684,
    "fields": {
        "order": 931,
        "price": "8.00",
        "billable_flag": true,
        "size": "R",
        "order_item_type": "B component",
        "remark": "",
        "total_quantity": 1,
        "free_quantity": 0,
        "component_group": "main_dish"
    }
},
{
    "model": "order.order_item",
    "pk": 2685,
    "fields": {
        "order": 931,
        "price": "0.00",
        "billable_flag": true,
        "size": "R",
        "order_item_type": "B component",
        "remark": "",
        "total_quantity": 1,
        "free_quantity": 1,
        "component_group": "compote"
    }
},
{
    "model": "order.order_item",
    "pk": 2686,
    "fields": {
        "order": 932,
        "price": "16.00",
        "billable_flag": true,
        "size": "L",
        "order_item_type": "B component",
        "remark": "",
        "total_quantity": 2,
        "free_quantity": 0,
        "component_group": "main_dish"
    }
},
{
    "model": "order.order_item",
    "pk": 2687,
    "fields": {
        "order": 932,
        "price": "0.00",
        "billable_flag": true,
        "size": "L",
        "order_item_type": "B component",
        "remark": "",
        "total_quantity": 1,
        "free_quantity": 1,
        "component_group": "dessert"
    }
},
{
    "model": "order.order_item",
    "pk": 2688,
    "fields": {
        "order": 932,
        "price": "0.00",
        "billable_flag": true,
        "size": "L",
        "order_item_type": "B component",
        "remark": "",
        "total_quantity": 1,
        "free_quantity": 1,
        "component_group": "green_salad"
    }
},
{
    "model": "order.order_item",
    "pk": 2689,
    "fields": {
        "order": 932,
        "price": "1.00",
        "billable_flag": true,
        "size": "L",
        "order_item_type": "B component",
        "remark": "",
        "total_quantity": 1,
        "free_quantity": 0,
        "component_group": "pudding"
    }
},
{
    "model": "order.order_item",
    "pk": 2690,
    "fields": {
        "order": 933,
        "price": "8.00",
        "billable_flag": true,
        "size": "R",
        "order_item_type": "B component",
        "remark": "",
        "total_quantity": 1,
        "free_quantity": 0,
        "component_group": "main_dish"
    }
},
{
    "model": "order.order_item",
    "pk": 2691,
    "fields": {
        "order": 933,
        "price": "0.00",
        "billable_flag": true,
        "size": "R",
        "order_item_type": "B component",
        "remark": "",
        "total_quantity": 1,
        "free_quantity": 1,
        "component_group": "dessert"
    }
},
{
    "model": "order.order_item",
    "pk": 2692,
    "fields": {
        "order": 934,
        "price": "16.00",
        "billable_flag": true,
        "size": "R",
        "order_item_type": "B component",
        "remark": "",
        "total_quantity": 2,
        "free_quantity": 0,
        "component_group": "main_dish"
    }
},
{
    "model": "order.order_item",
    "pk": 2693,
    "fields": {
        "order": 934,
        "price": "0.00",
        "billable_flag": true,
        "size": "R",
        "order_item_type": "B component",
        "remark": "",
        "total_quantity": 2,
        "free_quantity": 2,
        "component_group": "green_salad"
    }
},
{
    "model": "order.order_item",
    "pk": 2694,
    "fields": {
        "order": 935,
        "price": "8.00",
        "billable_flag": true,
        "size": "L",
        "order_item_type": "B component",
        "remark": "",
        "total_quantity": 1,
        "free_quantity": 0,
        "component_group": "main_dish"
    }
},
{
    "model": "order.order_item",
    "pk": 2695,
    "fields": {
        "order": 935,
        "price": "0.00",
        "billable_flag": true,
        "size": "L",
        "order_item_type": "B component",
        "remark": "",
        "total_quantity": 1,
        "free_quantity": 1,
        "component_group": "compote"
    }
},
{
    "model": "order.order_item",
    "pk": 2696,
    "fields": {
        "order": 936,
        "price": "8.00",
        "billable_flag": true,
        "size": "L",
        "order_item_type": "B component",
        "remark": "",
        "total_quantity": 1,
        "free_quantity": 0,
        "component_group": "main_dish"
    }
},
{
    "model": "order.order_item",
    "pk": 2697,
    "fields": {
        "order": 936,
        "price": "0.00",
        "billable_flag": true,
        "size": "L",
        "order_item_type": "B component",
        "remark": "",
        "total_quantity": 1,
        "free_quantity": 1,
        "component_group": "compote"
    }
},
{
    "model": "order.order_item",
    "pk": 2698,
    "fields": {
        "order": 937,
        "price": "8.00",
        "billable_flag": true,
        "size": "R",
        "order_item_type": "B component",
        "remark": "",
        "total_quantity": 1,
        "free_quantity": 0,
        "component_group": "main_dish"
    }
},
{
    "model": "order.order_item",
    "pk": 2699,
    "fields": {
        "order": 937,
        "price": "0.00",
        "billable_flag": true,
        "size": "R",
        "order_item_type": "B component",
        "remark": "",
        "total_quantity": 1,
        "free_quantity": 1,
        "component_group": "compote"
    }
},
{
    "model": "order.order_item",
    "pk": 2700,
    "fields": {
        "order": 938,
        "price": "8.00",
        "billable_flag": true,
        "size": "R",
        "order_item_type": "B component",
        "remark": "",
        "total_quantity": 1,
        "free_quantity": 0,
        "component_group": "main_dish"
    }
},
{
    "model": "order.order_item",
    "pk": 2701,
    "fields": {
        "order": 938,
        "price": "0.00",
        "billable_flag": true,
        "size": "R",
        "order_item_type": "B component",
        "remark": "",
        "total_quantity": 1,
        "free_quantity": 1,
        "component_group": "compote"
    }
}
]
