[{"model": "auth.permission", "pk": 1, "fields": {"name": "Can add log entry", "content_type": 1, "codename": "add_logentry"}}, {"model": "auth.permission", "pk": 2, "fields": {"name": "Can change log entry", "content_type": 1, "codename": "change_logentry"}}, {"model": "auth.permission", "pk": 3, "fields": {"name": "Can delete log entry", "content_type": 1, "codename": "delete_logentry"}}, {"model": "auth.permission", "pk": 4, "fields": {"name": "Can add permission", "content_type": 2, "codename": "add_permission"}}, {"model": "auth.permission", "pk": 5, "fields": {"name": "Can change permission", "content_type": 2, "codename": "change_permission"}}, {"model": "auth.permission", "pk": 6, "fields": {"name": "Can delete permission", "content_type": 2, "codename": "delete_permission"}}, {"model": "auth.permission", "pk": 7, "fields": {"name": "Can add user", "content_type": 3, "codename": "add_user"}}, {"model": "auth.permission", "pk": 8, "fields": {"name": "Can change user", "content_type": 3, "codename": "change_user"}}, {"model": "auth.permission", "pk": 9, "fields": {"name": "Can delete user", "content_type": 3, "codename": "delete_user"}}, {"model": "auth.permission", "pk": 10, "fields": {"name": "Can add group", "content_type": 4, "codename": "add_group"}}, {"model": "auth.permission", "pk": 11, "fields": {"name": "Can change group", "content_type": 4, "codename": "change_group"}}, {"model": "auth.permission", "pk": 12, "fields": {"name": "Can delete group", "content_type": 4, "codename": "delete_group"}}, {"model": "auth.permission", "pk": 13, "fields": {"name": "Can add content type", "content_type": 5, "codename": "add_contenttype"}}, {"model": "auth.permission", "pk": 14, "fields": {"name": "Can change content type", "content_type": 5, "codename": "change_contenttype"}}, {"model": "auth.permission", "pk": 15, "fields": {"name": "Can delete content type", "content_type": 5, "codename": "delete_contenttype"}}, {"model": "auth.permission", "pk": 16, "fields": {"name": "Can add session", "content_type": 6, "codename": "add_session"}}, {"model": "auth.permission", "pk": 17, "fields": {"name": "Can change session", "content_type": 6, "codename": "change_session"}}, {"model": "auth.permission", "pk": 18, "fields": {"name": "Can delete session", "content_type": 6, "codename": "delete_session"}}, {"model": "auth.permission", "pk": 19, "fields": {"name": "Can add menu_component", "content_type": 7, "codename": "add_menu_component"}}, {"model": "auth.permission", "pk": 20, "fields": {"name": "Can change menu_component", "content_type": 7, "codename": "change_menu_component"}}, {"model": "auth.permission", "pk": 21, "fields": {"name": "Can delete menu_component", "content_type": 7, "codename": "delete_menu_component"}}, {"model": "auth.permission", "pk": 22, "fields": {"name": "Can add component", "content_type": 8, "codename": "add_component"}}, {"model": "auth.permission", "pk": 23, "fields": {"name": "Can change component", "content_type": 8, "codename": "change_component"}}, {"model": "auth.permission", "pk": 24, "fields": {"name": "Can delete component", "content_type": 8, "codename": "delete_component"}}, {"model": "auth.permission", "pk": 25, "fields": {"name": "Can add restricted_item", "content_type": 9, "codename": "add_restricted_item"}}, {"model": "auth.permission", "pk": 26, "fields": {"name": "Can change restricted_item", "content_type": 9, "codename": "change_restricted_item"}}, {"model": "auth.permission", "pk": 27, "fields": {"name": "Can delete restricted_item", "content_type": 9, "codename": "delete_restricted_item"}}, {"model": "auth.permission", "pk": 28, "fields": {"name": "Can add menu", "content_type": 10, "codename": "add_menu"}}, {"model": "auth.permission", "pk": 29, "fields": {"name": "Can change menu", "content_type": 10, "codename": "change_menu"}}, {"model": "auth.permission", "pk": 30, "fields": {"name": "Can delete menu", "content_type": 10, "codename": "delete_menu"}}, {"model": "auth.permission", "pk": 31, "fields": {"name": "Can add ingredient", "content_type": 11, "codename": "add_ingredient"}}, {"model": "auth.permission", "pk": 32, "fields": {"name": "Can change ingredient", "content_type": 11, "codename": "change_ingredient"}}, {"model": "auth.permission", "pk": 33, "fields": {"name": "Can delete ingredient", "content_type": 11, "codename": "delete_ingredient"}}, {"model": "auth.permission", "pk": 34, "fields": {"name": "Can add incompatibility", "content_type": 12, "codename": "add_incompatibility"}}, {"model": "auth.permission", "pk": 35, "fields": {"name": "Can change incompatibility", "content_type": 12, "codename": "change_incompatibility"}}, {"model": "auth.permission", "pk": 36, "fields": {"name": "Can delete incompatibility", "content_type": 12, "codename": "delete_incompatibility"}}, {"model": "auth.permission", "pk": 37, "fields": {"name": "Can add component_ingredient", "content_type": 13, "codename": "add_component_ingredient"}}, {"model": "auth.permission", "pk": 38, "fields": {"name": "Can change component_ingredient", "content_type": 13, "codename": "change_component_ingredient"}}, {"model": "auth.permission", "pk": 39, "fields": {"name": "Can delete component_ingredient", "content_type": 13, "codename": "delete_component_ingredient"}}, {"model": "auth.permission", "pk": 40, "fields": {"name": "Can add restriction", "content_type": 14, "codename": "add_restriction"}}, {"model": "auth.permission", "pk": 41, "fields": {"name": "Can change restriction", "content_type": 14, "codename": "change_restriction"}}, {"model": "auth.permission", "pk": 42, "fields": {"name": "Can delete restriction", "content_type": 14, "codename": "delete_restriction"}}, {"model": "auth.permission", "pk": 43, "fields": {"name": "Can add client", "content_type": 15, "codename": "add_client"}}, {"model": "auth.permission", "pk": 44, "fields": {"name": "Can change client", "content_type": 15, "codename": "change_client"}}, {"model": "auth.permission", "pk": 45, "fields": {"name": "Can delete client", "content_type": 15, "codename": "delete_client"}}, {"model": "auth.permission", "pk": 46, "fields": {"name": "Can add client_avoid_component", "content_type": 16, "codename": "add_client_avoid_component"}}, {"model": "auth.permission", "pk": 47, "fields": {"name": "Can change client_avoid_component", "content_type": 16, "codename": "change_client_avoid_component"}}, {"model": "auth.permission", "pk": 48, "fields": {"name": "Can delete client_avoid_component", "content_type": 16, "codename": "delete_client_avoid_component"}}, {"model": "auth.permission", "pk": 49, "fields": {"name": "Can add contact", "content_type": 17, "codename": "add_contact"}}, {"model": "auth.permission", "pk": 50, "fields": {"name": "Can change contact", "content_type": 17, "codename": "change_contact"}}, {"model": "auth.permission", "pk": 51, "fields": {"name": "Can delete contact", "content_type": 17, "codename": "delete_contact"}}, {"model": "auth.permission", "pk": 52, "fields": {"name": "Can add client scheduled status", "content_type": 18, "codename": "add_clientscheduledstatus"}}, {"model": "auth.permission", "pk": 53, "fields": {"name": "Can change client scheduled status", "content_type": 18, "codename": "change_clientscheduledstatus"}}, {"model": "auth.permission", "pk": 54, "fields": {"name": "Can delete client scheduled status", "content_type": 18, "codename": "delete_clientscheduledstatus"}}, {"model": "auth.permission", "pk": 55, "fields": {"name": "Can add referencing", "content_type": 19, "codename": "add_referencing"}}, {"model": "auth.permission", "pk": 56, "fields": {"name": "Can change referencing", "content_type": 19, "codename": "change_referencing"}}, {"model": "auth.permission", "pk": 57, "fields": {"name": "Can delete referencing", "content_type": 19, "codename": "delete_referencing"}}, {"model": "auth.permission", "pk": 58, "fields": {"name": "Can add client_avoid_ingredient", "content_type": 20, "codename": "add_client_avoid_ingredient"}}, {"model": "auth.permission", "pk": 59, "fields": {"name": "Can change client_avoid_ingredient", "content_type": 20, "codename": "change_client_avoid_ingredient"}}, {"model": "auth.permission", "pk": 60, "fields": {"name": "Can delete client_avoid_ingredient", "content_type": 20, "codename": "delete_client_avoid_ingredient"}}, {"model": "auth.permission", "pk": 61, "fields": {"name": "Can add route", "content_type": 21, "codename": "add_route"}}, {"model": "auth.permission", "pk": 62, "fields": {"name": "Can change route", "content_type": 21, "codename": "change_route"}}, {"model": "auth.permission", "pk": 63, "fields": {"name": "Can delete route", "content_type": 21, "codename": "delete_route"}}, {"model": "auth.permission", "pk": 64, "fields": {"name": "Can add option", "content_type": 22, "codename": "add_option"}}, {"model": "auth.permission", "pk": 65, "fields": {"name": "Can change option", "content_type": 22, "codename": "change_option"}}, {"model": "auth.permission", "pk": 66, "fields": {"name": "Can delete option", "content_type": 22, "codename": "delete_option"}}, {"model": "auth.permission", "pk": 67, "fields": {"name": "Can add member", "content_type": 23, "codename": "add_member"}}, {"model": "auth.permission", "pk": 68, "fields": {"name": "Can change member", "content_type": 23, "codename": "change_member"}}, {"model": "auth.permission", "pk": 69, "fields": {"name": "Can delete member", "content_type": 23, "codename": "delete_member"}}, {"model": "auth.permission", "pk": 70, "fields": {"name": "Can add address", "content_type": 24, "codename": "add_address"}}, {"model": "auth.permission", "pk": 71, "fields": {"name": "Can change address", "content_type": 24, "codename": "change_address"}}, {"model": "auth.permission", "pk": 72, "fields": {"name": "Can delete address", "content_type": 24, "codename": "delete_address"}}, {"model": "auth.permission", "pk": 73, "fields": {"name": "Can add client_option", "content_type": 25, "codename": "add_client_option"}}, {"model": "auth.permission", "pk": 74, "fields": {"name": "Can change client_option", "content_type": 25, "codename": "change_client_option"}}, {"model": "auth.permission", "pk": 75, "fields": {"name": "Can delete client_option", "content_type": 25, "codename": "delete_client_option"}}, {"model": "auth.permission", "pk": 76, "fields": {"name": "Can add order_item", "content_type": 26, "codename": "add_order_item"}}, {"model": "auth.permission", "pk": 77, "fields": {"name": "Can change order_item", "content_type": 26, "codename": "change_order_item"}}, {"model": "auth.permission", "pk": 78, "fields": {"name": "Can delete order_item", "content_type": 26, "codename": "delete_order_item"}}, {"model": "auth.permission", "pk": 79, "fields": {"name": "Can add order", "content_type": 27, "codename": "add_order"}}, {"model": "auth.permission", "pk": 80, "fields": {"name": "Can change order", "content_type": 27, "codename": "change_order"}}, {"model": "auth.permission", "pk": 81, "fields": {"name": "Can delete order", "content_type": 27, "codename": "delete_order"}}, {"model": "auth.permission", "pk": 82, "fields": {"name": "Can add notification", "content_type": 28, "codename": "add_notification"}}, {"model": "auth.permission", "pk": 83, "fields": {"name": "Can change notification", "content_type": 28, "codename": "change_notification"}}, {"model": "auth.permission", "pk": 84, "fields": {"name": "Can delete notification", "content_type": 28, "codename": "delete_notification"}}, {"model": "auth.permission", "pk": 85, "fields": {"name": "Can add delivery", "content_type": 29, "codename": "add_delivery"}}, {"model": "auth.permission", "pk": 86, "fields": {"name": "Can change delivery", "content_type": 29, "codename": "change_delivery"}}, {"model": "auth.permission", "pk": 87, "fields": {"name": "Can delete delivery", "content_type": 29, "codename": "delete_delivery"}}, {"model": "auth.permission", "pk": 88, "fields": {"name": "Can add note", "content_type": 30, "codename": "add_note"}}, {"model": "auth.permission", "pk": 89, "fields": {"name": "Can change note", "content_type": 30, "codename": "change_note"}}, {"model": "auth.permission", "pk": 90, "fields": {"name": "Can delete note", "content_type": 30, "codename": "delete_note"}}, {"model": "auth.permission", "pk": 91, "fields": {"name": "Can add billing summary", "content_type": 31, "codename": "add_billingsummary"}}, {"model": "auth.permission", "pk": 92, "fields": {"name": "Can change billing summary", "content_type": 31, "codename": "change_billingsummary"}}, {"model": "auth.permission", "pk": 93, "fields": {"name": "Can delete billing summary", "content_type": 31, "codename": "delete_billingsummary"}}, {"model": "auth.permission", "pk": 94, "fields": {"name": "Can add order billing", "content_type": 32, "codename": "add_orderbilling"}}, {"model": "auth.permission", "pk": 95, "fields": {"name": "Can change order billing", "content_type": 32, "codename": "change_orderbilling"}}, {"model": "auth.permission", "pk": 96, "fields": {"name": "Can delete order billing", "content_type": 32, "codename": "delete_orderbilling"}}, {"model": "auth.permission", "pk": 97, "fields": {"name": "Can add billing", "content_type": 33, "codename": "add_billing"}}, {"model": "auth.permission", "pk": 98, "fields": {"name": "Can change billing", "content_type": 33, "codename": "change_billing"}}, {"model": "auth.permission", "pk": 99, "fields": {"name": "Can delete billing", "content_type": 33, "codename": "delete_billing"}}, {"model": "meal.ingredient", "pk": 1, "fields": {"name": "Onion", "description": null, "ingredient_group": "veggies_and_fruits"}}, {"model": "meal.ingredient", "pk": 2, "fields": {"name": "Pepper", "description": null, "ingredient_group": "spices"}}, {"model": "meal.ingredient", "pk": 3, "fields": {"name": "Ground porc", "description": null, "ingredient_group": "meat"}}, {"model": "meal.ingredient", "pk": 4, "fields": {"name": "Ground beef", "description": null, "ingredient_group": "meat"}}, {"model": "meal.ingredient", "pk": 5, "fields": {"name": "Chicken thighs", "description": null, "ingredient_group": "meat"}}, {"model": "meal.ingredient", "pk": 6, "fields": {"name": "Turkey thighs", "description": null, "ingredient_group": "meat"}}, {"model": "meal.ingredient", "pk": 7, "fields": {"name": "Porc toulouse sausage", "description": null, "ingredient_group": "meat"}}, {"model": "meal.ingredient", "pk": 8, "fields": {"name": "Beef cubes", "description": null, "ingredient_group": "meat"}}, {"model": "meal.ingredient", "pk": 9, "fields": {"name": "Lamb cubes", "description": null, "ingredient_group": "meat"}}, {"model": "meal.ingredient", "pk": 10, "fields": {"name": "Ham", "description": null, "ingredient_group": "meat"}}, {"model": "meal.ingredient", "pk": 11, "fields": {"name": "Pork cubes", "description": null, "ingredient_group": "meat"}}, {"model": "meal.ingredient", "pk": 12, "fields": {"name": "Cheese : Feta", "description": null, "ingredient_group": "dairy"}}, {"model": "meal.ingredient", "pk": 13, "fields": {"name": "Cheese : Cheddar", "description": null, "ingredient_group": "dairy"}}, {"model": "meal.ingredient", "pk": 14, "fields": {"name": "Cheese : Parmesan", "description": null, "ingredient_group": "dairy"}}, {"model": "meal.ingredient", "pk": 15, "fields": {"name": "Cheese : Blue cheese", "description": null, "ingredient_group": "dairy"}}, {"model": "meal.ingredient", "pk": 16, "fields": {"name": "Cheese : Mozzarella", "description": null, "ingredient_group": "dairy"}}, {"model": "meal.ingredient", "pk": 17, "fields": {"name": "Cheese : Bocconcini", "description": null, "ingredient_group": "dairy"}}, {"model": "meal.ingredient", "pk": 18, "fields": {"name": "Cheese : Ricotta", "description": null, "ingredient_group": "dairy"}}, {"model": "meal.ingredient", "pk": 19, "fields": {"name": "Cheese : Cottage cheese", "description": null, "ingredient_group": "dairy"}}, {"model": "meal.ingredient", "pk": 20, "fields": {"name": "Milk", "description": null, "ingredient_group": "dairy"}}, {"model": "meal.ingredient", "pk": 21, "fields": {"name": "Lactose-free milk", "description": null, "ingredient_group": "dairy"}}, {"model": "meal.ingredient", "pk": 22, "fields": {"name": "Butter", "description": null, "ingredient_group": "dairy"}}, {"model": "meal.ingredient", "pk": 23, "fields": {"name": "soy sauce", "description": null, "ingredient_group": "oils_and_sauces"}}, {"model": "meal.ingredient", "pk": 24, "fields": {"name": "green peppers", "description": null, "ingredient_group": "veggies_and_fruits"}}, {"model": "meal.ingredient", "pk": 25, "fields": {"name": "sesame seeds", "description": null, "ingredient_group": "dry_and_canned_goods"}}, {"model": "meal.ingredient", "pk": 26, "fields": {"name": "celery", "description": null, "ingredient_group": "veggies_and_fruits"}}, {"model": "meal.component", "pk": 1, "fields": {"name": "Coq au vin", "description": null, "component_group": "main_dish"}}, {"model": "meal.component", "pk": 2, "fields": {"name": "Meat pie", "description": null, "component_group": "main_dish"}}, {"model": "meal.component", "pk": 3, "fields": {"name": "Vegetable fried rice", "description": null, "component_group": "main_dish"}}, {"model": "meal.component", "pk": 4, "fields": {"name": "Sausage cassoulet", "description": null, "component_group": "main_dish"}}, {"model": "meal.component", "pk": 5, "fields": {"name": "Fish chowder", "description": null, "component_group": "main_dish"}}, {"model": "meal.component", "pk": 6, "fields": {"name": "Ginger pork", "description": null, "component_group": "main_dish"}}, {"model": "meal.component", "pk": 7, "fields": {"name": "Beef Meatloaf", "description": null, "component_group": "main_dish"}}, {"model": "meal.component", "pk": 8, "fields": {"name": "Day s Dessert", "description": null, "component_group": "dessert"}}, {"model": "meal.component", "pk": 9, "fields": {"name": "Day s Diabetic Dessert", "description": null, "component_group": "diabetic"}}, {"model": "meal.component", "pk": 10, "fields": {"name": "Fruit Salad", "description": null, "component_group": "fruit_salad"}}, {"model": "meal.component", "pk": 11, "fields": {"name": "Green Salad", "description": null, "component_group": "green_salad"}}, {"model": "meal.component", "pk": 12, "fields": {"name": "Day s Pudding", "description": null, "component_group": "pudding"}}, {"model": "meal.component", "pk": 13, "fields": {"name": "Day s Compote", "description": null, "component_group": "compote"}}, {"model": "meal.component_ingredient", "pk": 1, "fields": {"component": 6, "ingredient": 3, "date": null}}, {"model": "meal.component_ingredient", "pk": 2, "fields": {"component": 6, "ingredient": 23, "date": null}}, {"model": "meal.component_ingredient", "pk": 3, "fields": {"component": 6, "ingredient": 24, "date": null}}, {"model": "meal.component_ingredient", "pk": 4, "fields": {"component": 6, "ingredient": 25, "date": null}}, {"model": "meal.component_ingredient", "pk": 5, "fields": {"component": 6, "ingredient": 1, "date": null}}, {"model": "meal.component_ingredient", "pk": 6, "fields": {"component": 6, "ingredient": 3, "date": "2016-05-21"}}, {"model": "meal.component_ingredient", "pk": 7, "fields": {"component": 6, "ingredient": 23, "date": "2016-05-21"}}, {"model": "meal.component_ingredient", "pk": 8, "fields": {"component": 6, "ingredient": 26, "date": "2016-05-21"}}, {"model": "meal.component_ingredient", "pk": 9, "fields": {"component": 6, "ingredient": 25, "date": "2016-05-21"}}, {"model": "meal.component_ingredient", "pk": 10, "fields": {"component": 6, "ingredient": 1, "date": "2016-05-21"}}, {"model": "meal.restricted_item", "pk": 1, "fields": {"name": "onion", "description": "", "restricted_item_group": "vegetables"}}, {"model": "meal.restricted_item", "pk": 2, "fields": {"name": "pork", "description": "", "restricted_item_group": "veggies and fruits"}}, {"model": "meal.restricted_item", "pk": 3, "fields": {"name": "soya", "description": "", "restricted_item_group": "other"}}, {"model": "meal.restricted_item", "pk": 4, "fields": {"name": "soy sauce", "description": "gluten, salt", "restricted_item_group": "other"}}, {"model": "meal.restricted_item", "pk": 5, "fields": {"name": "seeds", "description": "text", "restricted_item_group": "veggies and fruits"}}, {"model": "meal.restricted_item", "pk": 6, "fields": {"name": "sesame", "description": "text", "restricted_item_group": "veggies and fruits"}}, {"model": "meal.restricted_item", "pk": 7, "fields": {"name": "green veggies", "description": "text", "restricted_item_group": "veggies and fruits"}}, {"model": "meal.restricted_item", "pk": 8, "fields": {"name": "brussel sprouts", "description": "text", "restricted_item_group": "veggies and fruits"}}, {"model": "meal.incompatibility", "pk": 1, "fields": {"restricted_item": 1, "ingredient": 1}}, {"model": "meal.incompatibility", "pk": 2, "fields": {"restricted_item": 2, "ingredient": 3}}, {"model": "meal.incompatibility", "pk": 3, "fields": {"restricted_item": 3, "ingredient": 23}}, {"model": "meal.incompatibility", "pk": 4, "fields": {"restricted_item": 4, "ingredient": 23}}, {"model": "meal.incompatibility", "pk": 5, "fields": {"restricted_item": 5, "ingredient": 25}}, {"model": "meal.incompatibility", "pk": 6, "fields": {"restricted_item": 6, "ingredient": 25}}, {"model": "member.member", "pk": 1, "fields": {"firstname": "John", "lastname": "Doe", "address": 1, "created_at": "2016-08-21T00:45:47.449Z", "updated_at": "2016-08-21T00:45:47.450Z"}}, {"model": "member.member", "pk": 2, "fields": {"firstname": "Louise", "lastname": "Dallaire", "address": 2, "created_at": "2016-08-21T00:45:47.454Z", "updated_at": "2016-08-21T00:45:47.454Z"}}, {"model": "member.member", "pk": 3, "fields": {"firstname": "Paul", "lastname": "Taylor", "address": 4, "created_at": "2016-08-21T00:45:47.459Z", "updated_at": "2016-08-21T00:45:47.459Z"}}, {"model": "member.member", "pk": 4, "fields": {"firstname": "Peter", "lastname": "Murray", "address": 3, "created_at": "2016-08-21T00:45:47.464Z", "updated_at": "2016-08-21T00:45:47.464Z"}}, {"model": "member.member", "pk": 5, "fields": {"firstname": "Dr. Lucie", "lastname": "Tremblay", "address": null, "created_at": "2016-08-21T00:45:47.468Z", "updated_at": "2016-08-21T00:45:47.468Z"}}, {"model": "member.member", "pk": 6, "fields": {"firstname": "Dr. Mary", "lastname": "Johnson", "address": null, "created_at": "2016-08-21T00:45:47.473Z", "updated_at": "2016-08-21T00:45:47.473Z"}}, {"model": "member.member", "pk": 7, "fields": {"firstname": "Bob", "lastname": "Brown", "address": 3, "created_at": "2016-08-21T00:45:47.478Z", "updated_at": "2016-08-21T00:45:47.478Z"}}, {"model": "member.member", "pk": 8, "fields": {"firstname": "Kevin", "lastname": "Tracy", "address": 4, "created_at": "2016-08-21T00:45:47.482Z", "updated_at": "2016-08-21T00:45:47.483Z"}}, {"model": "member.member", "pk": 9, "fields": {"firstname": "Roger", "lastname": "Blondin", "address": 2, "created_at": "2016-08-21T00:45:47.487Z", "updated_at": "2016-08-21T00:45:47.487Z"}}, {"model": "member.address", "pk": 1, "fields": {"number": 2444, "street": "Des Perdrix", "apartment": "407", "floor": 10, "city": "Montreal", "postal_code": "H1A2B3", "longitude": null, "latitude": null, "distance": null}}, {"model": "member.address", "pk": 2, "fields": {"number": 1244, "street": "Des Hirondelles", "apartment": "4", "floor": null, "city": "Montreal", "postal_code": "H3D4G6", "longitude": null, "latitude": null, "distance": null}}, {"model": "member.address", "pk": 3, "fields": {"number": 543, "street": "Des \u00c9perviers", "apartment": "", "floor": null, "city": "Montreal", "postal_code": "H4E3WS", "longitude": null, "latitude": null, "distance": null}}, {"model": "member.address", "pk": 4, "fields": {"number": 6543, "street": "Des Moineaux", "apartment": "1", "floor": null, "city": "Montreal", "postal_code": "H5R7H8", "longitude": null, "latitude": null, "distance": null}}, {"model": "member.contact", "pk": 1, "fields": {"type": "Home phone", "value": "514-345-6789", "member": 1}}, {"model": "member.contact", "pk": 2, "fields": {"type": "Cell phone", "value": "438-234-4567", "member": 2}}, {"model": "member.contact", "pk": 3, "fields": {"type": "Home phone", "value": "514-654-1289", "member": 4}}, {"model": "member.client", "pk": 1, "fields": {"billing_member": 2, "billing_payment_type": "check", "rate_type": "Low income", "member": 1, "emergency_contact": 3, "emergency_contact_relationship": "Nephew", "status": "A", "language": "en", "alert": "", "delivery_type": "O", "gender": "M", "birthdate": "1940-02-23", "route": null, "meal_default_week": "{\n  \"compote_friday_quantity\": 0,\n  \"compote_monday_quantity\": 0,\n  \"compote_saturday_quantity\": 0,\n  \"compote_sunday_quantity\": 0,\n  \"compote_thursday_quantity\": 0,\n  \"compote_tuesday_quantity\": 0,\n  \"compote_wednesday_quantity\": 0,\n  \"dessert_friday_quantity\": 1,\n  \"dessert_monday_quantity\": 1,\n  \"dessert_saturday_quantity\": 1,\n  \"dessert_sunday_quantity\": 1,\n  \"dessert_thursday_quantity\": 1,\n  \"dessert_tuesday_quantity\": 1,\n  \"dessert_wednesday_quantity\": 1,\n  \"diabetic_dessert_friday_quantity\": 0,\n  \"diabetic_dessert_monday_quantity\": 0,\n  \"diabetic_dessert_saturday_quantity\": 0,\n  \"diabetic_dessert_sunday_quantity\": 0,\n  \"diabetic_dessert_thursday_quantity\": 0,\n  \"diabetic_dessert_tuesday_quantity\": 0,\n  \"diabetic_dessert_wednesday_quantity\": 0,\n  \"fruit_salad_friday_quantity\": 0,\n  \"fruit_salad_monday_quantity\": 0,\n  \"fruit_salad_saturday_quantity\": 0,\n  \"fruit_salad_sunday_quantity\": 0,\n  \"fruit_salad_thursday_quantity\": 0,\n  \"fruit_salad_tuesday_quantity\": 0,\n  \"fruit_salad_wednesday_quantity\": 0,\n  \"green_salad_friday_quantity\": 1,\n  \"green_salad_monday_quantity\": 1,\n  \"green_salad_saturday_quantity\": 1,\n  \"green_salad_sunday_quantity\": 1,\n  \"green_salad_thursday_quantity\": 1,\n  \"green_salad_tuesday_quantity\": 1,\n  \"green_salad_wednesday_quantity\": 1,\n  \"main_dish_friday_quantity\": 2,\n  \"main_dish_monday_quantity\": 2,\n  \"main_dish_saturday_quantity\": 2,\n  \"main_dish_sunday_quantity\": 2,\n  \"main_dish_thursday_quantity\": 2,\n  \"main_dish_tuesday_quantity\": 2,\n  \"main_dish_wednesday_quantity\": 2,\n  \"pudding_friday_quantity\": 1,\n  \"pudding_monday_quantity\": 1,\n  \"pudding_saturday_quantity\": 1,\n  \"pudding_sunday_quantity\": 1,\n  \"pudding_thursday_quantity\": 1,\n  \"pudding_tuesday_quantity\": 1,\n  \"pudding_wednesday_quantity\": 1,\n  \"size_friday\": \"L\",\n  \"size_monday\": \"L\",\n  \"size_saturday\": \"L\",\n  \"size_sunday\": \"L\",\n  \"size_thursday\": \"L\",\n  \"size_tuesday\": \"L\",\n  \"size_wednesday\": \"L\"\n}", "delivery_note": null}}, {"model": "member.client", "pk": 2, "fields": {"billing_member": 4, "billing_payment_type": "check", "rate_type": "Low income", "member": 4, "emergency_contact": 1, "emergency_contact_relationship": "Friend", "status": "A", "language": "en", "alert": "", "delivery_type": "O", "gender": "M", "birthdate": "1945-12-13", "route": null, "meal_default_week": "{\n  \"compote_friday_quantity\": 0,\n  \"compote_monday_quantity\": 0,\n  \"compote_saturday_quantity\": 0,\n  \"compote_sunday_quantity\": 0,\n  \"compote_thursday_quantity\": 0,\n  \"compote_tuesday_quantity\": 0,\n  \"compote_wednesday_quantity\": 0,\n  \"dessert_friday_quantity\": 1,\n  \"dessert_monday_quantity\": 1,\n  \"dessert_saturday_quantity\": 1,\n  \"dessert_sunday_quantity\": 1,\n  \"dessert_thursday_quantity\": 1,\n  \"dessert_tuesday_quantity\": 1,\n  \"dessert_wednesday_quantity\": 1,\n  \"diabetic_dessert_friday_quantity\": 0,\n  \"diabetic_dessert_monday_quantity\": 0,\n  \"diabetic_dessert_saturday_quantity\": 0,\n  \"diabetic_dessert_sunday_quantity\": 0,\n  \"diabetic_dessert_thursday_quantity\": 0,\n  \"diabetic_dessert_tuesday_quantity\": 0,\n  \"diabetic_dessert_wednesday_quantity\": 0,\n  \"fruit_salad_friday_quantity\": 0,\n  \"fruit_salad_monday_quantity\": 0,\n  \"fruit_salad_saturday_quantity\": 0,\n  \"fruit_salad_sunday_quantity\": 0,\n  \"fruit_salad_thursday_quantity\": 0,\n  \"fruit_salad_tuesday_quantity\": 0,\n  \"fruit_salad_wednesday_quantity\": 0,\n  \"green_salad_friday_quantity\": 0,\n  \"green_salad_monday_quantity\": 0,\n  \"green_salad_saturday_quantity\": 0,\n  \"green_salad_sunday_quantity\": 0,\n  \"green_salad_thursday_quantity\": 0,\n  \"green_salad_tuesday_quantity\": 0,\n  \"green_salad_wednesday_quantity\": 0,\n  \"main_dish_friday_quantity\": 1,\n  \"main_dish_monday_quantity\": 1,\n  \"main_dish_saturday_quantity\": 1,\n  \"main_dish_sunday_quantity\": 1,\n  \"main_dish_thursday_quantity\": 1,\n  \"main_dish_tuesday_quantity\": 1,\n  \"main_dish_wednesday_quantity\": 1,\n  \"pudding_friday_quantity\": 0,\n  \"pudding_monday_quantity\": 0,\n  \"pudding_saturday_quantity\": 0,\n  \"pudding_sunday_quantity\": 0,\n  \"pudding_thursday_quantity\": 0,\n  \"pudding_tuesday_quantity\": 0,\n  \"pudding_wednesday_quantity\": 0,\n  \"size_friday\": \"R\",\n  \"size_monday\": \"R\",\n  \"size_saturday\": \"R\",\n  \"size_sunday\": \"R\",\n  \"size_thursday\": \"R\",\n  \"size_tuesday\": \"R\",\n  \"size_wednesday\": \"R\"\n}", "delivery_note": null}}, {"model": "member.client", "pk": 3, "fields": {"billing_member": 2, "billing_payment_type": "check", "rate_type": "Low income", "member": 2, "emergency_contact": 4, "emergency_contact_relationship": "Friend", "status": "A", "language": "en", "alert": "", "delivery_type": "O", "gender": "M", "birthdate": "1943-12-13", "route": null, "meal_default_week": "{\n  \"compote_friday_quantity\": 0,\n  \"compote_monday_quantity\": 0,\n  \"compote_saturday_quantity\": 0,\n  \"compote_sunday_quantity\": 0,\n  \"compote_thursday_quantity\": 0,\n  \"compote_tuesday_quantity\": 0,\n  \"compote_wednesday_quantity\": 0,\n  \"dessert_friday_quantity\": 0,\n  \"dessert_monday_quantity\": 0,\n  \"dessert_saturday_quantity\": 0,\n  \"dessert_sunday_quantity\": 0,\n  \"dessert_thursday_quantity\": 0,\n  \"dessert_tuesday_quantity\": 0,\n  \"dessert_wednesday_quantity\": 0,\n  \"diabetic_dessert_friday_quantity\": 0,\n  \"diabetic_dessert_monday_quantity\": 0,\n  \"diabetic_dessert_saturday_quantity\": 0,\n  \"diabetic_dessert_sunday_quantity\": 0,\n  \"diabetic_dessert_thursday_quantity\": 0,\n  \"diabetic_dessert_tuesday_quantity\": 0,\n  \"diabetic_dessert_wednesday_quantity\": 0,\n  \"fruit_salad_friday_quantity\": 0,\n  \"fruit_salad_monday_quantity\": 0,\n  \"fruit_salad_saturday_quantity\": 0,\n  \"fruit_salad_sunday_quantity\": 0,\n  \"fruit_salad_thursday_quantity\": 0,\n  \"fruit_salad_tuesday_quantity\": 0,\n  \"fruit_salad_wednesday_quantity\": 0,\n  \"green_salad_friday_quantity\": 2,\n  \"green_salad_monday_quantity\": 2,\n  \"green_salad_saturday_quantity\": 2,\n  \"green_salad_sunday_quantity\": 2,\n  \"green_salad_thursday_quantity\": 2,\n  \"green_salad_tuesday_quantity\": 2,\n  \"green_salad_wednesday_quantity\": 2,\n  \"main_dish_friday_quantity\": 2,\n  \"main_dish_monday_quantity\": 2,\n  \"main_dish_saturday_quantity\": 2,\n  \"main_dish_sunday_quantity\": 2,\n  \"main_dish_thursday_quantity\": 2,\n  \"main_dish_tuesday_quantity\": 2,\n  \"main_dish_wednesday_quantity\": 2,\n  \"pudding_friday_quantity\": 0,\n  \"pudding_monday_quantity\": 0,\n  \"pudding_saturday_quantity\": 0,\n  \"pudding_sunday_quantity\": 0,\n  \"pudding_thursday_quantity\": 0,\n  \"pudding_tuesday_quantity\": 0,\n  \"pudding_wednesday_quantity\": 0,\n  \"size_friday\": \"R\",\n  \"size_monday\": \"R\",\n  \"size_saturday\": \"R\",\n  \"size_sunday\": \"R\",\n  \"size_thursday\": \"R\",\n  \"size_tuesday\": \"R\",\n  \"size_wednesday\": \"R\"\n}", "delivery_note": null}}, {"model": "member.client", "pk": 4, "fields": {"billing_member": 3, "billing_payment_type": "check", "rate_type": "Low income", "member": 3, "emergency_contact": 2, "emergency_contact_relationship": "Friend", "status": "A", "language": "en", "alert": "", "delivery_type": "O", "gender": "M", "birthdate": "1943-12-13", "route": null, "meal_default_week": "{\n  \"compote_friday_quantity\": 1,\n  \"compote_monday_quantity\": 1,\n  \"compote_saturday_quantity\": 1,\n  \"compote_sunday_quantity\": 1,\n  \"compote_thursday_quantity\": 1,\n  \"compote_tuesday_quantity\": 1,\n  \"compote_wednesday_quantity\": 1,\n  \"dessert_friday_quantity\": 0,\n  \"dessert_monday_quantity\": 0,\n  \"dessert_saturday_quantity\": 0,\n  \"dessert_sunday_quantity\": 0,\n  \"dessert_thursday_quantity\": 0,\n  \"dessert_tuesday_quantity\": 0,\n  \"dessert_wednesday_quantity\": 0,\n  \"diabetic_dessert_friday_quantity\": 0,\n  \"diabetic_dessert_monday_quantity\": 0,\n  \"diabetic_dessert_saturday_quantity\": 0,\n  \"diabetic_dessert_sunday_quantity\": 0,\n  \"diabetic_dessert_thursday_quantity\": 0,\n  \"diabetic_dessert_tuesday_quantity\": 0,\n  \"diabetic_dessert_wednesday_quantity\": 0,\n  \"fruit_salad_friday_quantity\": 0,\n  \"fruit_salad_monday_quantity\": 0,\n  \"fruit_salad_saturday_quantity\": 0,\n  \"fruit_salad_sunday_quantity\": 0,\n  \"fruit_salad_thursday_quantity\": 0,\n  \"fruit_salad_tuesday_quantity\": 0,\n  \"fruit_salad_wednesday_quantity\": 0,\n  \"green_salad_friday_quantity\": 0,\n  \"green_salad_monday_quantity\": 0,\n  \"green_salad_saturday_quantity\": 0,\n  \"green_salad_sunday_quantity\": 0,\n  \"green_salad_thursday_quantity\": 0,\n  \"green_salad_tuesday_quantity\": 0,\n  \"green_salad_wednesday_quantity\": 0,\n  \"main_dish_friday_quantity\": 1,\n  \"main_dish_monday_quantity\": 1,\n  \"main_dish_saturday_quantity\": 1,\n  \"main_dish_sunday_quantity\": 1,\n  \"main_dish_thursday_quantity\": 1,\n  \"main_dish_tuesday_quantity\": 1,\n  \"main_dish_wednesday_quantity\": 1,\n  \"pudding_friday_quantity\": 0,\n  \"pudding_monday_quantity\": 0,\n  \"pudding_saturday_quantity\": 0,\n  \"pudding_sunday_quantity\": 0,\n  \"pudding_thursday_quantity\": 0,\n  \"pudding_tuesday_quantity\": 0,\n  \"pudding_wednesday_quantity\": 0,\n  \"size_friday\": \"L\",\n  \"size_monday\": \"L\",\n  \"size_saturday\": \"L\",\n  \"size_sunday\": \"L\",\n  \"size_thursday\": \"L\",\n  \"size_tuesday\": \"L\",\n  \"size_wednesday\": \"L\"\n}", "delivery_note": null}}, {"model": "member.client", "pk": 5, "fields": {"billing_member": 7, "billing_payment_type": "check", "rate_type": "Low income", "member": 7, "emergency_contact": 8, "emergency_contact_relationship": "Friend", "status": "A", "language": "en", "alert": "", "delivery_type": "O", "gender": "M", "birthdate": "1943-12-13", "route": null, "meal_default_week": "{\n  \"compote_friday_quantity\": 1,\n  \"compote_monday_quantity\": 1,\n  \"compote_saturday_quantity\": 1,\n  \"compote_sunday_quantity\": 1,\n  \"compote_thursday_quantity\": 1,\n  \"compote_tuesday_quantity\": 1,\n  \"compote_wednesday_quantity\": 1,\n  \"dessert_friday_quantity\": 0,\n  \"dessert_monday_quantity\": 0,\n  \"dessert_saturday_quantity\": 0,\n  \"dessert_sunday_quantity\": 0,\n  \"dessert_thursday_quantity\": 0,\n  \"dessert_tuesday_quantity\": 0,\n  \"dessert_wednesday_quantity\": 0,\n  \"diabetic_dessert_friday_quantity\": 0,\n  \"diabetic_dessert_monday_quantity\": 0,\n  \"diabetic_dessert_saturday_quantity\": 0,\n  \"diabetic_dessert_sunday_quantity\": 0,\n  \"diabetic_dessert_thursday_quantity\": 0,\n  \"diabetic_dessert_tuesday_quantity\": 0,\n  \"diabetic_dessert_wednesday_quantity\": 0,\n  \"fruit_salad_friday_quantity\": 0,\n  \"fruit_salad_monday_quantity\": 0,\n  \"fruit_salad_saturday_quantity\": 0,\n  \"fruit_salad_sunday_quantity\": 0,\n  \"fruit_salad_thursday_quantity\": 0,\n  \"fruit_salad_tuesday_quantity\": 0,\n  \"fruit_salad_wednesday_quantity\": 0,\n  \"green_salad_friday_quantity\": 0,\n  \"green_salad_monday_quantity\": 0,\n  \"green_salad_saturday_quantity\": 0,\n  \"green_salad_sunday_quantity\": 0,\n  \"green_salad_thursday_quantity\": 0,\n  \"green_salad_tuesday_quantity\": 0,\n  \"green_salad_wednesday_quantity\": 0,\n  \"main_dish_friday_quantity\": 1,\n  \"main_dish_monday_quantity\": 1,\n  \"main_dish_saturday_quantity\": 1,\n  \"main_dish_sunday_quantity\": 1,\n  \"main_dish_thursday_quantity\": 1,\n  \"main_dish_tuesday_quantity\": 1,\n  \"main_dish_wednesday_quantity\": 1,\n  \"pudding_friday_quantity\": 0,\n  \"pudding_monday_quantity\": 0,\n  \"pudding_saturday_quantity\": 0,\n  \"pudding_sunday_quantity\": 0,\n  \"pudding_thursday_quantity\": 0,\n  \"pudding_tuesday_quantity\": 0,\n  \"pudding_wednesday_quantity\": 0,\n  \"size_friday\": \"L\",\n  \"size_monday\": \"L\",\n  \"size_saturday\": \"L\",\n  \"size_sunday\": \"L\",\n  \"size_thursday\": \"L\",\n  \"size_tuesday\": \"L\",\n  \"size_wednesday\": \"L\"\n}", "delivery_note": null}}, {"model": "member.client", "pk": 6, "fields": {"billing_member": 8, "billing_payment_type": "check", "rate_type": "Low income", "member": 8, "emergency_contact": 7, "emergency_contact_relationship": "Friend", "status": "A", "language": "en", "alert": "", "delivery_type": "O", "gender": "M", "birthdate": "1943-12-13", "route": null, "meal_default_week": "{\n  \"compote_friday_quantity\": 1,\n  \"compote_monday_quantity\": 1,\n  \"compote_saturday_quantity\": 1,\n  \"compote_sunday_quantity\": 1,\n  \"compote_thursday_quantity\": 1,\n  \"compote_tuesday_quantity\": 1,\n  \"compote_wednesday_quantity\": 1,\n  \"dessert_friday_quantity\": 0,\n  \"dessert_monday_quantity\": 0,\n  \"dessert_saturday_quantity\": 0,\n  \"dessert_sunday_quantity\": 0,\n  \"dessert_thursday_quantity\": 0,\n  \"dessert_tuesday_quantity\": 0,\n  \"dessert_wednesday_quantity\": 0,\n  \"diabetic_dessert_friday_quantity\": 0,\n  \"diabetic_dessert_monday_quantity\": 0,\n  \"diabetic_dessert_saturday_quantity\": 0,\n  \"diabetic_dessert_sunday_quantity\": 0,\n  \"diabetic_dessert_thursday_quantity\": 0,\n  \"diabetic_dessert_tuesday_quantity\": 0,\n  \"diabetic_dessert_wednesday_quantity\": 0,\n  \"fruit_salad_friday_quantity\": 0,\n  \"fruit_salad_monday_quantity\": 0,\n  \"fruit_salad_saturday_quantity\": 0,\n  \"fruit_salad_sunday_quantity\": 0,\n  \"fruit_salad_thursday_quantity\": 0,\n  \"fruit_salad_tuesday_quantity\": 0,\n  \"fruit_salad_wednesday_quantity\": 0,\n  \"green_salad_friday_quantity\": 0,\n  \"green_salad_monday_quantity\": 0,\n  \"green_salad_saturday_quantity\": 0,\n  \"green_salad_sunday_quantity\": 0,\n  \"green_salad_thursday_quantity\": 0,\n  \"green_salad_tuesday_quantity\": 0,\n  \"green_salad_wednesday_quantity\": 0,\n  \"main_dish_friday_quantity\": 1,\n  \"main_dish_monday_quantity\": 1,\n  \"main_dish_saturday_quantity\": 1,\n  \"main_dish_sunday_quantity\": 1,\n  \"main_dish_thursday_quantity\": 1,\n  \"main_dish_tuesday_quantity\": 1,\n  \"main_dish_wednesday_quantity\": 1,\n  \"pudding_friday_quantity\": 0,\n  \"pudding_monday_quantity\": 0,\n  \"pudding_saturday_quantity\": 0,\n  \"pudding_sunday_quantity\": 0,\n  \"pudding_thursday_quantity\": 0,\n  \"pudding_tuesday_quantity\": 0,\n  \"pudding_wednesday_quantity\": 0,\n  \"size_friday\": \"R\",\n  \"size_monday\": \"R\",\n  \"size_saturday\": \"R\",\n  \"size_sunday\": \"R\",\n  \"size_thursday\": \"R\",\n  \"size_tuesday\": \"R\",\n  \"size_wednesday\": \"R\"\n}", "delivery_note": null}}, {"model": "member.client", "pk": 7, "fields": {"billing_member": 9, "billing_payment_type": "check", "rate_type": "Low income", "member": 9, "emergency_contact": 8, "emergency_contact_relationship": "Friend", "status": "A", "language": "en", "alert": "", "delivery_type": "O", "gender": "M", "birthdate": "1943-12-13", "route": null, "meal_default_week": "{\n  \"compote_friday_quantity\": 1,\n  \"compote_monday_quantity\": 1,\n  \"compote_saturday_quantity\": 1,\n  \"compote_sunday_quantity\": 1,\n  \"compote_thursday_quantity\": 1,\n  \"compote_tuesday_quantity\": 1,\n  \"compote_wednesday_quantity\": 1,\n  \"dessert_friday_quantity\": 0,\n  \"dessert_monday_quantity\": 0,\n  \"dessert_saturday_quantity\": 0,\n  \"dessert_sunday_quantity\": 0,\n  \"dessert_thursday_quantity\": 0,\n  \"dessert_tuesday_quantity\": 0,\n  \"dessert_wednesday_quantity\": 0,\n  \"diabetic_dessert_friday_quantity\": 0,\n  \"diabetic_dessert_monday_quantity\": 0,\n  \"diabetic_dessert_saturday_quantity\": 0,\n  \"diabetic_dessert_sunday_quantity\": 0,\n  \"diabetic_dessert_thursday_quantity\": 0,\n  \"diabetic_dessert_tuesday_quantity\": 0,\n  \"diabetic_dessert_wednesday_quantity\": 0,\n  \"fruit_salad_friday_quantity\": 0,\n  \"fruit_salad_monday_quantity\": 0,\n  \"fruit_salad_saturday_quantity\": 0,\n  \"fruit_salad_sunday_quantity\": 0,\n  \"fruit_salad_thursday_quantity\": 0,\n  \"fruit_salad_tuesday_quantity\": 0,\n  \"fruit_salad_wednesday_quantity\": 0,\n  \"green_salad_friday_quantity\": 0,\n  \"green_salad_monday_quantity\": 0,\n  \"green_salad_saturday_quantity\": 0,\n  \"green_salad_sunday_quantity\": 0,\n  \"green_salad_thursday_quantity\": 0,\n  \"green_salad_tuesday_quantity\": 0,\n  \"green_salad_wednesday_quantity\": 0,\n  \"main_dish_friday_quantity\": 1,\n  \"main_dish_monday_quantity\": 1,\n  \"main_dish_saturday_quantity\": 1,\n  \"main_dish_sunday_quantity\": 1,\n  \"main_dish_thursday_quantity\": 1,\n  \"main_dish_tuesday_quantity\": 1,\n  \"main_dish_wednesday_quantity\": 1,\n  \"pudding_friday_quantity\": 0,\n  \"pudding_monday_quantity\": 0,\n  \"pudding_saturday_quantity\": 0,\n  \"pudding_sunday_quantity\": 0,\n  \"pudding_thursday_quantity\": 0,\n  \"pudding_tuesday_quantity\": 0,\n  \"pudding_wednesday_quantity\": 0,\n  \"size_friday\": \"R\",\n  \"size_monday\": \"R\",\n  \"size_saturday\": \"R\",\n  \"size_sunday\": \"R\",\n  \"size_thursday\": \"R\",\n  \"size_tuesday\": \"R\",\n  \"size_wednesday\": \"R\"\n}", "delivery_note": null}}, {"model": "member.referencing", "pk": 1, "fields": {"referent": 5, "client": 1, "referral_reason": "Can hardly walk.", "work_information": "CHUM H\u00f4tel-Dieu", "date": "2015-11-02"}}, {"model": "member.referencing", "pk": 2, "fields": {"referent": 6, "client": 2, "referral_reason": "Had an operation.", "work_information": "CUSM", "date": "2014-01-12"}}, {"model": "member.option", "pk": 1, "fields": {"name": "Fruit Salad", "description": "", "option_group": "side dish"}}, {"model": "member.option", "pk": 2, "fields": {"name": "Green Salad", "description": "", "option_group": "side dish"}}, {"model": "member.option", "pk": 3, "fields": {"name": "Dessert", "description": "", "option_group": "side dish"}}, {"model": "member.option", "pk": 4, "fields": {"name": "Pudding", "description": "", "option_group": "side dish"}}, {"model": "member.option", "pk": 5, "fields": {"name": "Diabetic dessert", "description": "", "option_group": "side dish"}}, {"model": "member.option", "pk": 6, "fields": {"name": "Puree all", "description": "", "option_group": "preparation"}}, {"model": "member.option", "pk": 7, "fields": {"name": "Cut up meat", "description": "", "option_group": "preparation"}}, {"model": "member.client_option", "pk": 1, "fields": {"client": 1, "option": 6, "value": null}}, {"model": "member.client_option", "pk": 2, "fields": {"client": 1, "option": 4, "value": null}}, {"model": "member.client_option", "pk": 3, "fields": {"client": 2, "option": 3, "value": null}}, {"model": "member.client_option", "pk": 4, "fields": {"client": 3, "option": 7, "value": null}}, {"model": "member.restriction", "pk": 1, "fields": {"client": 1, "restricted_item": 4}}, {"model": "member.restriction", "pk": 2, "fields": {"client": 1, "restricted_item": 2}}, {"model": "member.restriction", "pk": 3, "fields": {"client": 1, "restricted_item": 8}}, {"model": "member.restriction", "pk": 4, "fields": {"client": 6, "restricted_item": 7}}, {"model": "member.client_avoid_ingredient", "pk": 1, "fields": {"client": 4, "ingredient": 1}}, {"model": "member.client_avoid_ingredient", "pk": 2, "fields": {"client": 4, "ingredient": 10}}, {"model": "member.client_avoid_ingredient", "pk": 3, "fields": {"client": 4, "ingredient": 3}}, {"model": "member.client_avoid_ingredient", "pk": 4, "fields": {"client": 7, "ingredient": 3}}, {"model": "member.client_avoid_ingredient", "pk": 5, "fields": {"client": 7, "ingredient": 1}}, {"model": "member.client_avoid_component", "pk": 1, "fields": {"client": 4, "component": 1}}, {"model": "member.client_avoid_component", "pk": 2, "fields": {"client": 4, "component": 7}}, {"model": "member.client_avoid_component", "pk": 3, "fields": {"client": 4, "component": 3}}, {"model": "member.client_avoid_component", "pk": 4, "fields": {"client": 5, "component": 6}}, {"model": "order.order", "pk": 1, "fields": {"creation_date": "2016-05-20", "delivery_date": "2016-05-21", "status": "O", "client": 1}}, {"model": "order.order", "pk": 2, "fields": {"creation_date": "2016-05-20", "delivery_date": "2016-05-21", "status": "O", "client": 2}}, {"model": "order.order", "pk": 3, "fields": {"creation_date": "2016-05-20", "delivery_date": "2016-05-21", "status": "O", "client": 3}}, {"model": "order.order", "pk": 4, "fields": {"creation_date": "2016-05-20", "delivery_date": "2016-05-21", "status": "O", "client": 4}}, {"model": "order.order", "pk": 5, "fields": {"creation_date": "2016-05-20", "delivery_date": "2016-05-21", "status": "O", "client": 5}}, {"model": "order.order", "pk": 6, "fields": {"creation_date": "2016-05-20", "delivery_date": "2016-05-21", "status": "O", "client": 6}}, {"model": "order.order", "pk": 7, "fields": {"creation_date": "2016-05-20", "delivery_date": "2016-05-21", "status": "O", "client": 7}}, {"model": "order.order_item", "pk": 1, "fields": {"order": 1, "price": "7.00", "billable_flag": true, "size": "R", "order_item_type": "B component", "remark": "Chat with him !", "total_quantity": 1, "free_quantity": null, "component_group": "main_dish"}}, {"model": "order.order_item", "pk": 2, "fields": {"order": 1, "price": "7.00", "billable_flag": true, "size": "L", "order_item_type": "B component", "remark": "", "total_quantity": 1, "free_quantity": null, "component_group": "pudding"}}, {"model": "order.order_item", "pk": 3, "fields": {"order": 2, "price": "7.00", "billable_flag": true, "size": "L", "order_item_type": "B component", "remark": "", "total_quantity": 2, "free_quantity": null, "component_group": "main_dish"}}, {"model": "order.order_item", "pk": 4, "fields": {"order": 2, "price": "7.00", "billable_flag": true, "size": "L", "order_item_type": "B component", "remark": "", "total_quantity": 2, "free_quantity": null, "component_group": "dessert"}}, {"model": "order.order_item", "pk": 5, "fields": {"order": 1, "price": "7.00", "billable_flag": true, "size": "L", "order_item_type": "B component", "remark": "", "total_quantity": 1, "free_quantity": null, "component_group": "green_salad"}}, {"model": "order.order_item", "pk": 6, "fields": {"order": 3, "price": "7.00", "billable_flag": true, "size": "L", "order_item_type": "B component", "remark": "", "total_quantity": 1, "free_quantity": null, "component_group": "main_dish"}}, {"model": "order.order_item", "pk": 7, "fields": {"order": 3, "price": "7.00", "billable_flag": true, "size": "L", "order_item_type": "B component", "remark": "", "total_quantity": 1, "free_quantity": null, "component_group": "fruit_salad"}}, {"model": "order.order_item", "pk": 8, "fields": {"order": 4, "price": "7.00", "billable_flag": true, "size": "L", "order_item_type": "B component", "remark": "", "total_quantity": 1, "free_quantity": null, "component_group": "main_dish"}}, {"model": "order.order_item", "pk": 9, "fields": {"order": 4, "price": "7.00", "billable_flag": true, "size": "L", "order_item_type": "B component", "remark": "Check out his garden", "total_quantity": 1, "free_quantity": null, "component_group": "diabetic"}}, {"model": "order.order_item", "pk": 10, "fields": {"order": 5, "price": "7.00", "billable_flag": true, "size": "L", "order_item_type": "B component", "remark": "", "total_quantity": 1, "free_quantity": null, "component_group": "main_dish"}}, {"model": "order.order_item", "pk": 11, "fields": {"order": 5, "price": "7.00", "billable_flag": true, "size": "L", "order_item_type": "B component", "remark": "Check out his garden", "total_quantity": 1, "free_quantity": null, "component_group": "fruit_salad"}}, {"model": "order.order_item", "pk": 12, "fields": {"order": 6, "price": "7.00", "billable_flag": true, "size": "R", "order_item_type": "B component", "remark": "", "total_quantity": 1, "free_quantity": null, "component_group": "main_dish"}}, {"model": "order.order_item", "pk": 13, "fields": {"order": 6, "price": "7.00", "billable_flag": true, "size": "L", "order_item_type": "B component", "remark": "Check out his garden", "total_quantity": 1, "free_quantity": null, "component_group": "fruit_salad"}}, {"model": "order.order_item", "pk": 14, "fields": {"order": 7, "price": "7.00", "billable_flag": true, "size": "R", "order_item_type": "B component", "remark": "", "total_quantity": 1, "free_quantity": null, "component_group": "main_dish"}}, {"model": "order.order_item", "pk": 15, "fields": {"order": 7, "price": "7.00", "billable_flag": true, "size": "L", "order_item_type": "B component", "remark": "Check out his garden", "total_quantity": 1, "free_quantity": null, "component_group": "fruit_salad"}}]
