[
{
    "model": "contenttypes.contenttype",
    "pk": 1,
    "fields": {
        "app_label": "admin",
        "model": "logentry"
    }
},
{
    "model": "contenttypes.contenttype",
    "pk": 2,
    "fields": {
        "app_label": "auth",
        "model": "permission"
    }
},
{
    "model": "contenttypes.contenttype",
    "pk": 3,
    "fields": {
        "app_label": "auth",
        "model": "group"
    }
},
{
    "model": "contenttypes.contenttype",
    "pk": 4,
    "fields": {
        "app_label": "auth",
        "model": "user"
    }
},
{
    "model": "contenttypes.contenttype",
    "pk": 5,
    "fields": {
        "app_label": "contenttypes",
        "model": "contenttype"
    }
},
{
    "model": "contenttypes.contenttype",
    "pk": 6,
    "fields": {
        "app_label": "sessions",
        "model": "session"
    }
},
{
    "model": "contenttypes.contenttype",
    "pk": 7,
    "fields": {
        "app_label": "meal",
        "model": "ingredient"
    }
},
{
    "model": "contenttypes.contenttype",
    "pk": 8,
    "fields": {
        "app_label": "meal",
        "model": "component"
    }
},
{
    "model": "contenttypes.contenttype",
    "pk": 9,
    "fields": {
        "app_label": "meal",
        "model": "component_ingredient"
    }
},
{
    "model": "contenttypes.contenttype",
    "pk": 10,
    "fields": {
        "app_label": "meal",
        "model": "restricted_item"
    }
},
{
    "model": "contenttypes.contenttype",
    "pk": 11,
    "fields": {
        "app_label": "meal",
        "model": "incompatibility"
    }
},
{
    "model": "contenttypes.contenttype",
    "pk": 12,
    "fields": {
        "app_label": "meal",
        "model": "menu"
    }
},
{
    "model": "contenttypes.contenttype",
    "pk": 13,
    "fields": {
        "app_label": "meal",
        "model": "menu_component"
    }
},
{
    "model": "contenttypes.contenttype",
    "pk": 14,
    "fields": {
        "app_label": "member",
        "model": "member"
    }
},
{
    "model": "contenttypes.contenttype",
    "pk": 15,
    "fields": {
        "app_label": "member",
        "model": "address"
    }
},
{
    "model": "contenttypes.contenttype",
    "pk": 16,
    "fields": {
        "app_label": "member",
        "model": "contact"
    }
},
{
    "model": "contenttypes.contenttype",
    "pk": 17,
    "fields": {
        "app_label": "member",
        "model": "route"
    }
},
{
    "model": "contenttypes.contenttype",
    "pk": 18,
    "fields": {
        "app_label": "member",
        "model": "client"
    }
},
{
    "model": "contenttypes.contenttype",
    "pk": 19,
    "fields": {
        "app_label": "member",
        "model": "clientscheduledstatus"
    }
},
{
    "model": "contenttypes.contenttype",
    "pk": 20,
    "fields": {
        "app_label": "member",
        "model": "referencing"
    }
},
{
    "model": "contenttypes.contenttype",
    "pk": 21,
    "fields": {
        "app_label": "member",
        "model": "option"
    }
},
{
    "model": "contenttypes.contenttype",
    "pk": 22,
    "fields": {
        "app_label": "member",
        "model": "client_option"
    }
},
{
    "model": "contenttypes.contenttype",
    "pk": 23,
    "fields": {
        "app_label": "member",
        "model": "restriction"
    }
},
{
    "model": "contenttypes.contenttype",
    "pk": 24,
    "fields": {
        "app_label": "member",
        "model": "client_avoid_ingredient"
    }
},
{
    "model": "contenttypes.contenttype",
    "pk": 25,
    "fields": {
        "app_label": "member",
        "model": "client_avoid_component"
    }
},
{
    "model": "contenttypes.contenttype",
    "pk": 26,
    "fields": {
        "app_label": "order",
        "model": "order"
    }
},
{
    "model": "contenttypes.contenttype",
    "pk": 27,
    "fields": {
        "app_label": "order",
        "model": "order_item"
    }
},
{
    "model": "contenttypes.contenttype",
    "pk": 28,
    "fields": {
        "app_label": "notification",
        "model": "notification"
    }
},
{
    "model": "contenttypes.contenttype",
    "pk": 29,
    "fields": {
        "app_label": "delivery",
        "model": "delivery"
    }
},
{
    "model": "contenttypes.contenttype",
    "pk": 30,
    "fields": {
        "app_label": "note",
        "model": "note"
    }
},
{
    "model": "contenttypes.contenttype",
    "pk": 31,
    "fields": {
        "app_label": "billing",
        "model": "orderbilling"
    }
},
{
    "model": "contenttypes.contenttype",
    "pk": 32,
    "fields": {
        "app_label": "billing",
        "model": "billing"
    }
},
{
    "model": "contenttypes.contenttype",
    "pk": 33,
    "fields": {
        "app_label": "billing",
        "model": "billingsummary"
    }
},
{
    "model": "sessions.session",
    "pk": "a1aduc6ll4drzptbsm92bhzxr29noh0y",
    "fields": {
        "session_data": "MjkxZmQzMzY0NWI1MTQzMzBkNzM4MWM4NTUzYmZlNTY5ZGVlM2UxMzp7Il9hdXRoX3VzZXJfYmFja2VuZCI6ImRqYW5nby5jb250cmliLmF1dGguYmFja2VuZHMuTW9kZWxCYWNrZW5kIiwiX2F1dGhfdXNlcl9oYXNoIjoiZjRiZWRmN2QyZmVjYWRjNWEyNDM2Y2FiYjcwZTA1NWY3ODdkZjkwYyIsIl9hdXRoX3VzZXJfaWQiOiIxIn0=",
        "expire_date": "2016-09-13T00:24:56.823Z"
    }
},
{
    "model": "sessions.session",
    "pk": "npikvysjq8ofernmg4j95w2n7tmcx8ww",
    "fields": {
        "session_data": "MmVmMTlhNTFlMjIyODlkMzYxNzA1ZGE3ZGQ1ZmVhYzYzMTQ5OGMwNzp7Il9hdXRoX3VzZXJfYmFja2VuZCI6ImRqYW5nby5jb250cmliLmF1dGguYmFja2VuZHMuTW9kZWxCYWNrZW5kIiwiX2F1dGhfdXNlcl9oYXNoIjoiZjRiZWRmN2QyZmVjYWRjNWEyNDM2Y2FiYjcwZTA1NWY3ODdkZjkwYyIsIl9hdXRoX3VzZXJfaWQiOiIxIiwid2l6YXJkX2NsaWVudF93aXphcmQiOnsic3RlcF9kYXRhIjp7fSwiZXh0cmFfZGF0YSI6e30sInN0ZXBfZmlsZXMiOnt9LCJzdGVwIjpudWxsfX0=",
        "expire_date": "2016-09-14T12:06:06.376Z"
    }
},
{
    "model": "meal.ingredient",
    "pk": 3237,
    "fields": {
        "name": "Onion",
        "description": null,
        "ingredient_group": "veggies_and_fruits"
    }
},
{
    "model": "meal.ingredient",
    "pk": 3238,
    "fields": {
        "name": "Pepper",
        "description": null,
        "ingredient_group": "spices"
    }
},
{
    "model": "meal.ingredient",
    "pk": 3239,
    "fields": {
        "name": "Ground porc",
        "description": null,
        "ingredient_group": "meat"
    }
},
{
    "model": "meal.ingredient",
    "pk": 3240,
    "fields": {
        "name": "Ground beef",
        "description": null,
        "ingredient_group": "meat"
    }
},
{
    "model": "meal.ingredient",
    "pk": 3241,
    "fields": {
        "name": "Chicken thighs",
        "description": null,
        "ingredient_group": "meat"
    }
},
{
    "model": "meal.ingredient",
    "pk": 3242,
    "fields": {
        "name": "Turkey thighs",
        "description": null,
        "ingredient_group": "meat"
    }
},
{
    "model": "meal.ingredient",
    "pk": 3243,
    "fields": {
        "name": "Porc toulouse sausage",
        "description": null,
        "ingredient_group": "meat"
    }
},
{
    "model": "meal.ingredient",
    "pk": 3244,
    "fields": {
        "name": "Beef cubes",
        "description": null,
        "ingredient_group": "meat"
    }
},
{
    "model": "meal.ingredient",
    "pk": 3245,
    "fields": {
        "name": "Lamb cubes",
        "description": null,
        "ingredient_group": "meat"
    }
},
{
    "model": "meal.ingredient",
    "pk": 3246,
    "fields": {
        "name": "Ham",
        "description": null,
        "ingredient_group": "meat"
    }
},
{
    "model": "meal.ingredient",
    "pk": 3247,
    "fields": {
        "name": "Pork cubes",
        "description": null,
        "ingredient_group": "meat"
    }
},
{
    "model": "meal.ingredient",
    "pk": 3248,
    "fields": {
        "name": "Cheese : Feta",
        "description": null,
        "ingredient_group": "dairy"
    }
},
{
    "model": "meal.ingredient",
    "pk": 3249,
    "fields": {
        "name": "Cheese : Cheddar",
        "description": null,
        "ingredient_group": "dairy"
    }
},
{
    "model": "meal.ingredient",
    "pk": 3250,
    "fields": {
        "name": "Cheese : Parmesan",
        "description": null,
        "ingredient_group": "dairy"
    }
},
{
    "model": "meal.ingredient",
    "pk": 3251,
    "fields": {
        "name": "Cheese : Blue cheese",
        "description": null,
        "ingredient_group": "dairy"
    }
},
{
    "model": "meal.ingredient",
    "pk": 3252,
    "fields": {
        "name": "Cheese : Mozzarella",
        "description": null,
        "ingredient_group": "dairy"
    }
},
{
    "model": "meal.ingredient",
    "pk": 3253,
    "fields": {
        "name": "Cheese : Bocconcini",
        "description": null,
        "ingredient_group": "dairy"
    }
},
{
    "model": "meal.ingredient",
    "pk": 3254,
    "fields": {
        "name": "Cheese : Ricotta",
        "description": null,
        "ingredient_group": "dairy"
    }
},
{
    "model": "meal.ingredient",
    "pk": 3255,
    "fields": {
        "name": "Cheese : Cottage cheese",
        "description": null,
        "ingredient_group": "dairy"
    }
},
{
    "model": "meal.ingredient",
    "pk": 3256,
    "fields": {
        "name": "Milk",
        "description": null,
        "ingredient_group": "dairy"
    }
},
{
    "model": "meal.ingredient",
    "pk": 3257,
    "fields": {
        "name": "Lactose-free milk",
        "description": null,
        "ingredient_group": "dairy"
    }
},
{
    "model": "meal.ingredient",
    "pk": 3258,
    "fields": {
        "name": "Butter",
        "description": null,
        "ingredient_group": "dairy"
    }
},
{
    "model": "meal.ingredient",
    "pk": 3259,
    "fields": {
        "name": "soy sauce",
        "description": null,
        "ingredient_group": "oils_and_sauces"
    }
},
{
    "model": "meal.ingredient",
    "pk": 3260,
    "fields": {
        "name": "green peppers",
        "description": null,
        "ingredient_group": "veggies_and_fruits"
    }
},
{
    "model": "meal.ingredient",
    "pk": 3261,
    "fields": {
        "name": "sesame seeds",
        "description": null,
        "ingredient_group": "dry_and_canned_goods"
    }
},
{
    "model": "meal.ingredient",
    "pk": 3262,
    "fields": {
        "name": "celery",
        "description": null,
        "ingredient_group": "veggies_and_fruits"
    }
},
{
    "model": "meal.component",
    "pk": 1571,
    "fields": {
        "name": "Coq au vin",
        "description": null,
        "component_group": "main_dish"
    }
},
{
    "model": "meal.component",
    "pk": 1572,
    "fields": {
        "name": "Meat pie",
        "description": null,
        "component_group": "main_dish"
    }
},
{
    "model": "meal.component",
    "pk": 1573,
    "fields": {
        "name": "Vegetable fried rice",
        "description": null,
        "component_group": "main_dish"
    }
},
{
    "model": "meal.component",
    "pk": 1574,
    "fields": {
        "name": "Sausage cassoulet",
        "description": null,
        "component_group": "main_dish"
    }
},
{
    "model": "meal.component",
    "pk": 1575,
    "fields": {
        "name": "Fish chowder",
        "description": null,
        "component_group": "main_dish"
    }
},
{
    "model": "meal.component",
    "pk": 1576,
    "fields": {
        "name": "Ginger pork",
        "description": null,
        "component_group": "main_dish"
    }
},
{
    "model": "meal.component",
    "pk": 1577,
    "fields": {
        "name": "Beef Meatloaf",
        "description": null,
        "component_group": "main_dish"
    }
},
{
    "model": "meal.component",
    "pk": 1578,
    "fields": {
        "name": "Day s Dessert",
        "description": null,
        "component_group": "dessert"
    }
},
{
    "model": "meal.component",
    "pk": 1579,
    "fields": {
        "name": "Day s Diabetic Dessert",
        "description": null,
        "component_group": "diabetic"
    }
},
{
    "model": "meal.component",
    "pk": 1580,
    "fields": {
        "name": "Fruit Salad",
        "description": null,
        "component_group": "fruit_salad"
    }
},
{
    "model": "meal.component",
    "pk": 1581,
    "fields": {
        "name": "Green Salad",
        "description": null,
        "component_group": "green_salad"
    }
},
{
    "model": "meal.component",
    "pk": 1582,
    "fields": {
        "name": "Day s Pudding",
        "description": null,
        "component_group": "pudding"
    }
},
{
    "model": "meal.component",
    "pk": 1583,
    "fields": {
        "name": "Day s Compote",
        "description": null,
        "component_group": "compote"
    }
},
{
    "model": "meal.component_ingredient",
    "pk": 1748,
    "fields": {
        "component": 1576,
        "ingredient": 3239,
        "date": null
    }
},
{
    "model": "meal.component_ingredient",
    "pk": 1749,
    "fields": {
        "component": 1576,
        "ingredient": 3259,
        "date": null
    }
},
{
    "model": "meal.component_ingredient",
    "pk": 1750,
    "fields": {
        "component": 1576,
        "ingredient": 3260,
        "date": null
    }
},
{
    "model": "meal.component_ingredient",
    "pk": 1751,
    "fields": {
        "component": 1576,
        "ingredient": 3261,
        "date": null
    }
},
{
    "model": "meal.component_ingredient",
    "pk": 1752,
    "fields": {
        "component": 1576,
        "ingredient": 3237,
        "date": null
    }
},
{
    "model": "meal.component_ingredient",
    "pk": 1753,
    "fields": {
        "component": 1576,
        "ingredient": 3239,
        "date": "2016-05-21"
    }
},
{
    "model": "meal.component_ingredient",
    "pk": 1754,
    "fields": {
        "component": 1576,
        "ingredient": 3259,
        "date": "2016-05-21"
    }
},
{
    "model": "meal.component_ingredient",
    "pk": 1755,
    "fields": {
        "component": 1576,
        "ingredient": 3262,
        "date": "2016-05-21"
    }
},
{
    "model": "meal.component_ingredient",
    "pk": 1756,
    "fields": {
        "component": 1576,
        "ingredient": 3261,
        "date": "2016-05-21"
    }
},
{
    "model": "meal.component_ingredient",
    "pk": 1757,
    "fields": {
        "component": 1576,
        "ingredient": 3237,
        "date": "2016-05-21"
    }
},
{
    "model": "meal.component_ingredient",
    "pk": 1905,
    "fields": {
        "component": 1576,
        "ingredient": 3239,
        "date": "2016-08-12"
    }
},
{
    "model": "meal.component_ingredient",
    "pk": 1906,
    "fields": {
        "component": 1576,
        "ingredient": 3259,
        "date": "2016-08-12"
    }
},
{
    "model": "meal.component_ingredient",
    "pk": 1907,
    "fields": {
        "component": 1576,
        "ingredient": 3260,
        "date": "2016-08-12"
    }
},
{
    "model": "meal.component_ingredient",
    "pk": 1908,
    "fields": {
        "component": 1576,
        "ingredient": 3261,
        "date": "2016-08-12"
    }
},
{
    "model": "meal.component_ingredient",
    "pk": 1909,
    "fields": {
        "component": 1576,
        "ingredient": 3237,
        "date": "2016-08-12"
    }
},
{
    "model": "meal.component_ingredient",
    "pk": 1925,
    "fields": {
        "component": 1576,
        "ingredient": 3260,
        "date": "2016-08-13"
    }
},
{
    "model": "meal.component_ingredient",
    "pk": 1926,
    "fields": {
        "component": 1576,
        "ingredient": 3239,
        "date": "2016-08-13"
    }
},
{
    "model": "meal.component_ingredient",
    "pk": 1927,
    "fields": {
        "component": 1576,
        "ingredient": 3237,
        "date": "2016-08-13"
    }
},
{
    "model": "meal.component_ingredient",
    "pk": 1928,
    "fields": {
        "component": 1576,
        "ingredient": 3261,
        "date": "2016-08-13"
    }
},
{
    "model": "meal.component_ingredient",
    "pk": 1929,
    "fields": {
        "component": 1576,
        "ingredient": 3259,
        "date": "2016-08-13"
    }
},
{
    "model": "meal.component_ingredient",
    "pk": 2037,
    "fields": {
        "component": 1576,
        "ingredient": 3260,
        "date": "2016-08-14"
    }
},
{
    "model": "meal.component_ingredient",
    "pk": 2038,
    "fields": {
        "component": 1576,
        "ingredient": 3239,
        "date": "2016-08-14"
    }
},
{
    "model": "meal.component_ingredient",
    "pk": 2039,
    "fields": {
        "component": 1576,
        "ingredient": 3246,
        "date": "2016-08-14"
    }
},
{
    "model": "meal.component_ingredient",
    "pk": 2040,
    "fields": {
        "component": 1576,
        "ingredient": 3237,
        "date": "2016-08-14"
    }
},
{
    "model": "meal.component_ingredient",
    "pk": 2041,
    "fields": {
        "component": 1576,
        "ingredient": 3261,
        "date": "2016-08-14"
    }
},
{
    "model": "meal.component_ingredient",
    "pk": 2042,
    "fields": {
        "component": 1576,
        "ingredient": 3259,
        "date": "2016-08-14"
    }
},
{
    "model": "meal.component_ingredient",
    "pk": 2078,
    "fields": {
        "component": 1576,
        "ingredient": 3239,
        "date": "2016-08-16"
    }
},
{
    "model": "meal.component_ingredient",
    "pk": 2079,
    "fields": {
        "component": 1576,
        "ingredient": 3259,
        "date": "2016-08-16"
    }
},
{
    "model": "meal.component_ingredient",
    "pk": 2080,
    "fields": {
        "component": 1576,
        "ingredient": 3260,
        "date": "2016-08-16"
    }
},
{
    "model": "meal.component_ingredient",
    "pk": 2081,
    "fields": {
        "component": 1576,
        "ingredient": 3261,
        "date": "2016-08-16"
    }
},
{
    "model": "meal.component_ingredient",
    "pk": 2082,
    "fields": {
        "component": 1576,
        "ingredient": 3237,
        "date": "2016-08-16"
    }
},
{
    "model": "meal.component_ingredient",
    "pk": 2088,
    "fields": {
        "component": 1576,
        "ingredient": 3260,
        "date": "2016-08-17"
    }
},
{
    "model": "meal.component_ingredient",
    "pk": 2089,
    "fields": {
        "component": 1576,
        "ingredient": 3239,
        "date": "2016-08-17"
    }
},
{
    "model": "meal.component_ingredient",
    "pk": 2090,
    "fields": {
        "component": 1576,
        "ingredient": 3237,
        "date": "2016-08-17"
    }
},
{
    "model": "meal.component_ingredient",
    "pk": 2091,
    "fields": {
        "component": 1576,
        "ingredient": 3261,
        "date": "2016-08-17"
    }
},
{
    "model": "meal.component_ingredient",
    "pk": 2092,
    "fields": {
        "component": 1576,
        "ingredient": 3259,
        "date": "2016-08-17"
    }
},
{
    "model": "meal.component_ingredient",
    "pk": 2098,
    "fields": {
        "component": 1576,
        "ingredient": 3260,
        "date": "2016-08-18"
    }
},
{
    "model": "meal.component_ingredient",
    "pk": 2099,
    "fields": {
        "component": 1576,
        "ingredient": 3239,
        "date": "2016-08-18"
    }
},
{
    "model": "meal.component_ingredient",
    "pk": 2100,
    "fields": {
        "component": 1576,
        "ingredient": 3237,
        "date": "2016-08-18"
    }
},
{
    "model": "meal.component_ingredient",
    "pk": 2101,
    "fields": {
        "component": 1576,
        "ingredient": 3261,
        "date": "2016-08-18"
    }
},
{
    "model": "meal.component_ingredient",
    "pk": 2102,
    "fields": {
        "component": 1576,
        "ingredient": 3259,
        "date": "2016-08-18"
    }
},
{
    "model": "meal.component_ingredient",
    "pk": 2168,
    "fields": {
        "component": 1576,
        "ingredient": 3239,
        "date": "2016-08-19"
    }
},
{
    "model": "meal.component_ingredient",
    "pk": 2169,
    "fields": {
        "component": 1576,
        "ingredient": 3259,
        "date": "2016-08-19"
    }
},
{
    "model": "meal.component_ingredient",
    "pk": 2170,
    "fields": {
        "component": 1576,
        "ingredient": 3260,
        "date": "2016-08-19"
    }
},
{
    "model": "meal.component_ingredient",
    "pk": 2171,
    "fields": {
        "component": 1576,
        "ingredient": 3261,
        "date": "2016-08-19"
    }
},
{
    "model": "meal.component_ingredient",
    "pk": 2172,
    "fields": {
        "component": 1576,
        "ingredient": 3237,
        "date": "2016-08-19"
    }
},
{
    "model": "meal.component_ingredient",
    "pk": 2188,
    "fields": {
        "component": 1576,
        "ingredient": 3260,
        "date": "2016-08-22"
    }
},
{
    "model": "meal.component_ingredient",
    "pk": 2189,
    "fields": {
        "component": 1576,
        "ingredient": 3239,
        "date": "2016-08-22"
    }
},
{
    "model": "meal.component_ingredient",
    "pk": 2190,
    "fields": {
        "component": 1576,
        "ingredient": 3237,
        "date": "2016-08-22"
    }
},
{
    "model": "meal.component_ingredient",
    "pk": 2191,
    "fields": {
        "component": 1576,
        "ingredient": 3261,
        "date": "2016-08-22"
    }
},
{
    "model": "meal.component_ingredient",
    "pk": 2192,
    "fields": {
        "component": 1576,
        "ingredient": 3259,
        "date": "2016-08-22"
    }
},
{
    "model": "meal.component_ingredient",
    "pk": 2288,
    "fields": {
        "component": 1576,
        "ingredient": 3239,
        "date": "2016-08-24"
    }
},
{
    "model": "meal.component_ingredient",
    "pk": 2289,
    "fields": {
        "component": 1576,
        "ingredient": 3259,
        "date": "2016-08-24"
    }
},
{
    "model": "meal.component_ingredient",
    "pk": 2290,
    "fields": {
        "component": 1576,
        "ingredient": 3260,
        "date": "2016-08-24"
    }
},
{
    "model": "meal.component_ingredient",
    "pk": 2291,
    "fields": {
        "component": 1576,
        "ingredient": 3261,
        "date": "2016-08-24"
    }
},
{
    "model": "meal.component_ingredient",
    "pk": 2292,
    "fields": {
        "component": 1576,
        "ingredient": 3237,
        "date": "2016-08-24"
    }
},
{
    "model": "meal.component_ingredient",
    "pk": 2548,
    "fields": {
        "component": 1576,
        "ingredient": 3239,
        "date": "2016-08-25"
    }
},
{
    "model": "meal.component_ingredient",
    "pk": 2549,
    "fields": {
        "component": 1576,
        "ingredient": 3259,
        "date": "2016-08-25"
    }
},
{
    "model": "meal.component_ingredient",
    "pk": 2550,
    "fields": {
        "component": 1576,
        "ingredient": 3260,
        "date": "2016-08-25"
    }
},
{
    "model": "meal.component_ingredient",
    "pk": 2551,
    "fields": {
        "component": 1576,
        "ingredient": 3261,
        "date": "2016-08-25"
    }
},
{
    "model": "meal.component_ingredient",
    "pk": 2552,
    "fields": {
        "component": 1576,
        "ingredient": 3237,
        "date": "2016-08-25"
    }
},
{
    "model": "meal.component_ingredient",
    "pk": 2553,
    "fields": {
        "component": 1576,
        "ingredient": 3260,
        "date": "2016-08-27"
    }
},
{
    "model": "meal.component_ingredient",
    "pk": 2554,
    "fields": {
        "component": 1576,
        "ingredient": 3239,
        "date": "2016-08-27"
    }
},
{
    "model": "meal.component_ingredient",
    "pk": 2555,
    "fields": {
        "component": 1576,
        "ingredient": 3237,
        "date": "2016-08-27"
    }
},
{
    "model": "meal.component_ingredient",
    "pk": 2556,
    "fields": {
        "component": 1576,
        "ingredient": 3261,
        "date": "2016-08-27"
    }
},
{
    "model": "meal.component_ingredient",
    "pk": 2557,
    "fields": {
        "component": 1576,
        "ingredient": 3259,
        "date": "2016-08-27"
    }
},
{
    "model": "meal.component_ingredient",
    "pk": 2573,
    "fields": {
        "component": 1576,
        "ingredient": 3260,
        "date": "2016-08-28"
    }
},
{
    "model": "meal.component_ingredient",
    "pk": 2574,
    "fields": {
        "component": 1576,
        "ingredient": 3239,
        "date": "2016-08-28"
    }
},
{
    "model": "meal.component_ingredient",
    "pk": 2575,
    "fields": {
        "component": 1576,
        "ingredient": 3237,
        "date": "2016-08-28"
    }
},
{
    "model": "meal.component_ingredient",
    "pk": 2576,
    "fields": {
        "component": 1576,
        "ingredient": 3261,
        "date": "2016-08-28"
    }
},
{
    "model": "meal.component_ingredient",
    "pk": 2577,
    "fields": {
        "component": 1576,
        "ingredient": 3259,
        "date": "2016-08-28"
    }
},
{
    "model": "meal.component_ingredient",
    "pk": 2583,
    "fields": {
        "component": 1576,
        "ingredient": 3260,
        "date": "2016-08-29"
    }
},
{
    "model": "meal.component_ingredient",
    "pk": 2584,
    "fields": {
        "component": 1576,
        "ingredient": 3239,
        "date": "2016-08-29"
    }
},
{
    "model": "meal.component_ingredient",
    "pk": 2585,
    "fields": {
        "component": 1576,
        "ingredient": 3237,
        "date": "2016-08-29"
    }
},
{
    "model": "meal.component_ingredient",
    "pk": 2586,
    "fields": {
        "component": 1576,
        "ingredient": 3261,
        "date": "2016-08-29"
    }
},
{
    "model": "meal.component_ingredient",
    "pk": 2587,
    "fields": {
        "component": 1576,
        "ingredient": 3259,
        "date": "2016-08-29"
    }
},
{
    "model": "meal.component_ingredient",
    "pk": 2598,
    "fields": {
        "component": 1576,
        "ingredient": 3260,
        "date": "2016-08-30"
    }
},
{
    "model": "meal.component_ingredient",
    "pk": 2599,
    "fields": {
        "component": 1576,
        "ingredient": 3239,
        "date": "2016-08-30"
    }
},
{
    "model": "meal.component_ingredient",
    "pk": 2600,
    "fields": {
        "component": 1576,
        "ingredient": 3237,
        "date": "2016-08-30"
    }
},
{
    "model": "meal.component_ingredient",
    "pk": 2601,
    "fields": {
        "component": 1576,
        "ingredient": 3261,
        "date": "2016-08-30"
    }
},
{
    "model": "meal.component_ingredient",
    "pk": 2602,
    "fields": {
        "component": 1576,
        "ingredient": 3259,
        "date": "2016-08-30"
    }
},
{
    "model": "meal.component_ingredient",
    "pk": 2628,
    "fields": {
        "component": 1576,
        "ingredient": 3260,
        "date": "2016-08-31"
    }
},
{
    "model": "meal.component_ingredient",
    "pk": 2629,
    "fields": {
        "component": 1576,
        "ingredient": 3239,
        "date": "2016-08-31"
    }
},
{
    "model": "meal.component_ingredient",
    "pk": 2630,
    "fields": {
        "component": 1576,
        "ingredient": 3237,
        "date": "2016-08-31"
    }
},
{
    "model": "meal.component_ingredient",
    "pk": 2631,
    "fields": {
        "component": 1576,
        "ingredient": 3261,
        "date": "2016-08-31"
    }
},
{
    "model": "meal.component_ingredient",
    "pk": 2632,
    "fields": {
        "component": 1576,
        "ingredient": 3259,
        "date": "2016-08-31"
    }
},
{
    "model": "meal.component_ingredient",
    "pk": 2633,
    "fields": {
        "component": 1576,
        "ingredient": 3260,
        "date": "2016-09-01"
    }
},
{
    "model": "meal.component_ingredient",
    "pk": 2634,
    "fields": {
        "component": 1576,
        "ingredient": 3239,
        "date": "2016-09-01"
    }
},
{
    "model": "meal.component_ingredient",
    "pk": 2635,
    "fields": {
        "component": 1576,
        "ingredient": 3237,
        "date": "2016-09-01"
    }
},
{
    "model": "meal.component_ingredient",
    "pk": 2636,
    "fields": {
        "component": 1576,
        "ingredient": 3261,
        "date": "2016-09-01"
    }
},
{
    "model": "meal.component_ingredient",
    "pk": 2637,
    "fields": {
        "component": 1576,
        "ingredient": 3259,
        "date": "2016-09-01"
    }
},
{
    "model": "meal.restricted_item",
    "pk": 1009,
    "fields": {
        "name": "onion",
        "description": "",
        "restricted_item_group": "vegetables"
    }
},
{
    "model": "meal.restricted_item",
    "pk": 1010,
    "fields": {
        "name": "pork",
        "description": "",
        "restricted_item_group": "veggies and fruits"
    }
},
{
    "model": "meal.restricted_item",
    "pk": 1011,
    "fields": {
        "name": "soya",
        "description": "",
        "restricted_item_group": "other"
    }
},
{
    "model": "meal.restricted_item",
    "pk": 1012,
    "fields": {
        "name": "soy sauce",
        "description": "gluten, salt",
        "restricted_item_group": "other"
    }
},
{
    "model": "meal.restricted_item",
    "pk": 1013,
    "fields": {
        "name": "seeds",
        "description": "text",
        "restricted_item_group": "veggies and fruits"
    }
},
{
    "model": "meal.restricted_item",
    "pk": 1014,
    "fields": {
        "name": "sesame",
        "description": "text",
        "restricted_item_group": "veggies and fruits"
    }
},
{
    "model": "meal.restricted_item",
    "pk": 1015,
    "fields": {
        "name": "green veggies",
        "description": "text",
        "restricted_item_group": "veggies and fruits"
    }
},
{
    "model": "meal.restricted_item",
    "pk": 1016,
    "fields": {
        "name": "brussel sprouts",
        "description": "text",
        "restricted_item_group": "veggies and fruits"
    }
},
{
    "model": "meal.incompatibility",
    "pk": 757,
    "fields": {
        "restricted_item": 1009,
        "ingredient": 3237
    }
},
{
    "model": "meal.incompatibility",
    "pk": 758,
    "fields": {
        "restricted_item": 1010,
        "ingredient": 3239
    }
},
{
    "model": "meal.incompatibility",
    "pk": 759,
    "fields": {
        "restricted_item": 1011,
        "ingredient": 3259
    }
},
{
    "model": "meal.incompatibility",
    "pk": 760,
    "fields": {
        "restricted_item": 1012,
        "ingredient": 3259
    }
},
{
    "model": "meal.incompatibility",
    "pk": 761,
    "fields": {
        "restricted_item": 1013,
        "ingredient": 3261
    }
},
{
    "model": "meal.incompatibility",
    "pk": 762,
    "fields": {
        "restricted_item": 1014,
        "ingredient": 3261
    }
},
{
    "model": "meal.menu",
    "pk": 451,
    "fields": {
        "date": "2016-08-12"
    }
},
{
    "model": "meal.menu",
    "pk": 452,
    "fields": {
        "date": "2016-08-13"
    }
},
{
    "model": "meal.menu",
    "pk": 453,
    "fields": {
        "date": "2016-08-13"
    }
},
{
    "model": "meal.menu",
    "pk": 454,
    "fields": {
        "date": "2016-08-14"
    }
},
{
    "model": "meal.menu",
    "pk": 455,
    "fields": {
        "date": "2016-08-16"
    }
},
{
    "model": "meal.menu",
    "pk": 456,
    "fields": {
        "date": "2016-08-17"
    }
},
{
    "model": "meal.menu",
    "pk": 457,
    "fields": {
        "date": "2016-08-18"
    }
},
{
    "model": "meal.menu",
    "pk": 458,
    "fields": {
        "date": "2016-08-19"
    }
},
{
    "model": "meal.menu",
    "pk": 459,
    "fields": {
        "date": "2016-08-22"
    }
},
{
    "model": "meal.menu",
    "pk": 460,
    "fields": {
        "date": "2016-08-24"
    }
},
{
    "model": "meal.menu",
    "pk": 461,
    "fields": {
        "date": "2016-08-25"
    }
},
{
    "model": "meal.menu",
    "pk": 462,
    "fields": {
        "date": "2016-08-27"
    }
},
{
    "model": "meal.menu",
    "pk": 463,
    "fields": {
        "date": "2016-08-28"
    }
},
{
    "model": "meal.menu",
    "pk": 464,
    "fields": {
        "date": "2016-08-29"
    }
},
{
    "model": "meal.menu",
    "pk": 465,
    "fields": {
        "date": "2016-08-30"
    }
},
{
    "model": "meal.menu",
    "pk": 466,
    "fields": {
        "date": "2016-08-31"
    }
},
{
    "model": "meal.menu",
    "pk": 467,
    "fields": {
        "date": "2016-09-01"
    }
},
{
    "model": "meal.menu_component",
    "pk": 2562,
    "fields": {
        "menu": 451,
        "component": 1576
    }
},
{
    "model": "meal.menu_component",
    "pk": 2563,
    "fields": {
        "menu": 451,
        "component": 1581
    }
},
{
    "model": "meal.menu_component",
    "pk": 2564,
    "fields": {
        "menu": 451,
        "component": 1580
    }
},
{
    "model": "meal.menu_component",
    "pk": 2565,
    "fields": {
        "menu": 451,
        "component": 1578
    }
},
{
    "model": "meal.menu_component",
    "pk": 2566,
    "fields": {
        "menu": 451,
        "component": 1579
    }
},
{
    "model": "meal.menu_component",
    "pk": 2567,
    "fields": {
        "menu": 451,
        "component": 1582
    }
},
{
    "model": "meal.menu_component",
    "pk": 2568,
    "fields": {
        "menu": 451,
        "component": 1583
    }
},
{
    "model": "meal.menu_component",
    "pk": 2591,
    "fields": {
        "menu": 452,
        "component": 1576
    }
},
{
    "model": "meal.menu_component",
    "pk": 2592,
    "fields": {
        "menu": 452,
        "component": 1578
    }
},
{
    "model": "meal.menu_component",
    "pk": 2593,
    "fields": {
        "menu": 452,
        "component": 1579
    }
},
{
    "model": "meal.menu_component",
    "pk": 2594,
    "fields": {
        "menu": 452,
        "component": 1580
    }
},
{
    "model": "meal.menu_component",
    "pk": 2595,
    "fields": {
        "menu": 452,
        "component": 1581
    }
},
{
    "model": "meal.menu_component",
    "pk": 2597,
    "fields": {
        "menu": 452,
        "component": 1583
    }
},
{
    "model": "meal.menu_component",
    "pk": 2760,
    "fields": {
        "menu": 454,
        "component": 1571
    }
},
{
    "model": "meal.menu_component",
    "pk": 2761,
    "fields": {
        "menu": 454,
        "component": 1578
    }
},
{
    "model": "meal.menu_component",
    "pk": 2762,
    "fields": {
        "menu": 454,
        "component": 1579
    }
},
{
    "model": "meal.menu_component",
    "pk": 2763,
    "fields": {
        "menu": 454,
        "component": 1580
    }
},
{
    "model": "meal.menu_component",
    "pk": 2764,
    "fields": {
        "menu": 454,
        "component": 1581
    }
},
{
    "model": "meal.menu_component",
    "pk": 2765,
    "fields": {
        "menu": 454,
        "component": 1582
    }
},
{
    "model": "meal.menu_component",
    "pk": 2766,
    "fields": {
        "menu": 454,
        "component": 1583
    }
},
{
    "model": "meal.menu_component",
    "pk": 2817,
    "fields": {
        "menu": 455,
        "component": 1576
    }
},
{
    "model": "meal.menu_component",
    "pk": 2818,
    "fields": {
        "menu": 455,
        "component": 1581
    }
},
{
    "model": "meal.menu_component",
    "pk": 2819,
    "fields": {
        "menu": 455,
        "component": 1580
    }
},
{
    "model": "meal.menu_component",
    "pk": 2820,
    "fields": {
        "menu": 455,
        "component": 1578
    }
},
{
    "model": "meal.menu_component",
    "pk": 2821,
    "fields": {
        "menu": 455,
        "component": 1579
    }
},
{
    "model": "meal.menu_component",
    "pk": 2822,
    "fields": {
        "menu": 455,
        "component": 1582
    }
},
{
    "model": "meal.menu_component",
    "pk": 2823,
    "fields": {
        "menu": 455,
        "component": 1583
    }
},
{
    "model": "meal.menu_component",
    "pk": 2832,
    "fields": {
        "menu": 456,
        "component": 1576
    }
},
{
    "model": "meal.menu_component",
    "pk": 2833,
    "fields": {
        "menu": 456,
        "component": 1578
    }
},
{
    "model": "meal.menu_component",
    "pk": 2834,
    "fields": {
        "menu": 456,
        "component": 1579
    }
},
{
    "model": "meal.menu_component",
    "pk": 2835,
    "fields": {
        "menu": 456,
        "component": 1580
    }
},
{
    "model": "meal.menu_component",
    "pk": 2836,
    "fields": {
        "menu": 456,
        "component": 1581
    }
},
{
    "model": "meal.menu_component",
    "pk": 2837,
    "fields": {
        "menu": 456,
        "component": 1582
    }
},
{
    "model": "meal.menu_component",
    "pk": 2838,
    "fields": {
        "menu": 456,
        "component": 1583
    }
},
{
    "model": "meal.menu_component",
    "pk": 2854,
    "fields": {
        "menu": 457,
        "component": 1576
    }
},
{
    "model": "meal.menu_component",
    "pk": 2855,
    "fields": {
        "menu": 457,
        "component": 1578
    }
},
{
    "model": "meal.menu_component",
    "pk": 2856,
    "fields": {
        "menu": 457,
        "component": 1579
    }
},
{
    "model": "meal.menu_component",
    "pk": 2857,
    "fields": {
        "menu": 457,
        "component": 1580
    }
},
{
    "model": "meal.menu_component",
    "pk": 2858,
    "fields": {
        "menu": 457,
        "component": 1581
    }
},
{
    "model": "meal.menu_component",
    "pk": 2859,
    "fields": {
        "menu": 457,
        "component": 1582
    }
},
{
    "model": "meal.menu_component",
    "pk": 2860,
    "fields": {
        "menu": 457,
        "component": 1583
    }
},
{
    "model": "meal.menu_component",
    "pk": 2952,
    "fields": {
        "menu": 458,
        "component": 1576
    }
},
{
    "model": "meal.menu_component",
    "pk": 2953,
    "fields": {
        "menu": 458,
        "component": 1581
    }
},
{
    "model": "meal.menu_component",
    "pk": 2954,
    "fields": {
        "menu": 458,
        "component": 1580
    }
},
{
    "model": "meal.menu_component",
    "pk": 2955,
    "fields": {
        "menu": 458,
        "component": 1578
    }
},
{
    "model": "meal.menu_component",
    "pk": 2956,
    "fields": {
        "menu": 458,
        "component": 1579
    }
},
{
    "model": "meal.menu_component",
    "pk": 2957,
    "fields": {
        "menu": 458,
        "component": 1582
    }
},
{
    "model": "meal.menu_component",
    "pk": 2958,
    "fields": {
        "menu": 458,
        "component": 1583
    }
},
{
    "model": "meal.menu_component",
    "pk": 2980,
    "fields": {
        "menu": 459,
        "component": 1576
    }
},
{
    "model": "meal.menu_component",
    "pk": 2981,
    "fields": {
        "menu": 459,
        "component": 1578
    }
},
{
    "model": "meal.menu_component",
    "pk": 2982,
    "fields": {
        "menu": 459,
        "component": 1579
    }
},
{
    "model": "meal.menu_component",
    "pk": 2983,
    "fields": {
        "menu": 459,
        "component": 1580
    }
},
{
    "model": "meal.menu_component",
    "pk": 2984,
    "fields": {
        "menu": 459,
        "component": 1581
    }
},
{
    "model": "meal.menu_component",
    "pk": 2985,
    "fields": {
        "menu": 459,
        "component": 1582
    }
},
{
    "model": "meal.menu_component",
    "pk": 2986,
    "fields": {
        "menu": 459,
        "component": 1583
    }
},
{
    "model": "meal.menu_component",
    "pk": 3120,
    "fields": {
        "menu": 460,
        "component": 1576
    }
},
{
    "model": "meal.menu_component",
    "pk": 3121,
    "fields": {
        "menu": 460,
        "component": 1581
    }
},
{
    "model": "meal.menu_component",
    "pk": 3122,
    "fields": {
        "menu": 460,
        "component": 1580
    }
},
{
    "model": "meal.menu_component",
    "pk": 3123,
    "fields": {
        "menu": 460,
        "component": 1578
    }
},
{
    "model": "meal.menu_component",
    "pk": 3124,
    "fields": {
        "menu": 460,
        "component": 1579
    }
},
{
    "model": "meal.menu_component",
    "pk": 3125,
    "fields": {
        "menu": 460,
        "component": 1582
    }
},
{
    "model": "meal.menu_component",
    "pk": 3126,
    "fields": {
        "menu": 460,
        "component": 1583
    }
},
{
    "model": "meal.menu_component",
    "pk": 3484,
    "fields": {
        "menu": 461,
        "component": 1576
    }
},
{
    "model": "meal.menu_component",
    "pk": 3485,
    "fields": {
        "menu": 461,
        "component": 1581
    }
},
{
    "model": "meal.menu_component",
    "pk": 3486,
    "fields": {
        "menu": 461,
        "component": 1580
    }
},
{
    "model": "meal.menu_component",
    "pk": 3487,
    "fields": {
        "menu": 461,
        "component": 1578
    }
},
{
    "model": "meal.menu_component",
    "pk": 3488,
    "fields": {
        "menu": 461,
        "component": 1579
    }
},
{
    "model": "meal.menu_component",
    "pk": 3489,
    "fields": {
        "menu": 461,
        "component": 1582
    }
},
{
    "model": "meal.menu_component",
    "pk": 3490,
    "fields": {
        "menu": 461,
        "component": 1583
    }
},
{
    "model": "meal.menu_component",
    "pk": 3491,
    "fields": {
        "menu": 462,
        "component": 1576
    }
},
{
    "model": "meal.menu_component",
    "pk": 3492,
    "fields": {
        "menu": 462,
        "component": 1578
    }
},
{
    "model": "meal.menu_component",
    "pk": 3493,
    "fields": {
        "menu": 462,
        "component": 1579
    }
},
{
    "model": "meal.menu_component",
    "pk": 3494,
    "fields": {
        "menu": 462,
        "component": 1580
    }
},
{
    "model": "meal.menu_component",
    "pk": 3495,
    "fields": {
        "menu": 462,
        "component": 1581
    }
},
{
    "model": "meal.menu_component",
    "pk": 3496,
    "fields": {
        "menu": 462,
        "component": 1582
    }
},
{
    "model": "meal.menu_component",
    "pk": 3497,
    "fields": {
        "menu": 462,
        "component": 1583
    }
},
{
    "model": "meal.menu_component",
    "pk": 3519,
    "fields": {
        "menu": 463,
        "component": 1576
    }
},
{
    "model": "meal.menu_component",
    "pk": 3520,
    "fields": {
        "menu": 463,
        "component": 1578
    }
},
{
    "model": "meal.menu_component",
    "pk": 3521,
    "fields": {
        "menu": 463,
        "component": 1579
    }
},
{
    "model": "meal.menu_component",
    "pk": 3522,
    "fields": {
        "menu": 463,
        "component": 1580
    }
},
{
    "model": "meal.menu_component",
    "pk": 3523,
    "fields": {
        "menu": 463,
        "component": 1581
    }
},
{
    "model": "meal.menu_component",
    "pk": 3524,
    "fields": {
        "menu": 463,
        "component": 1582
    }
},
{
    "model": "meal.menu_component",
    "pk": 3525,
    "fields": {
        "menu": 463,
        "component": 1583
    }
},
{
    "model": "meal.menu_component",
    "pk": 3533,
    "fields": {
        "menu": 464,
        "component": 1576
    }
},
{
    "model": "meal.menu_component",
    "pk": 3534,
    "fields": {
        "menu": 464,
        "component": 1578
    }
},
{
    "model": "meal.menu_component",
    "pk": 3535,
    "fields": {
        "menu": 464,
        "component": 1579
    }
},
{
    "model": "meal.menu_component",
    "pk": 3536,
    "fields": {
        "menu": 464,
        "component": 1580
    }
},
{
    "model": "meal.menu_component",
    "pk": 3537,
    "fields": {
        "menu": 464,
        "component": 1581
    }
},
{
    "model": "meal.menu_component",
    "pk": 3538,
    "fields": {
        "menu": 464,
        "component": 1582
    }
},
{
    "model": "meal.menu_component",
    "pk": 3539,
    "fields": {
        "menu": 464,
        "component": 1583
    }
},
{
    "model": "meal.menu_component",
    "pk": 3554,
    "fields": {
        "menu": 465,
        "component": 1576
    }
},
{
    "model": "meal.menu_component",
    "pk": 3555,
    "fields": {
        "menu": 465,
        "component": 1578
    }
},
{
    "model": "meal.menu_component",
    "pk": 3556,
    "fields": {
        "menu": 465,
        "component": 1579
    }
},
{
    "model": "meal.menu_component",
    "pk": 3557,
    "fields": {
        "menu": 465,
        "component": 1580
    }
},
{
    "model": "meal.menu_component",
    "pk": 3558,
    "fields": {
        "menu": 465,
        "component": 1581
    }
},
{
    "model": "meal.menu_component",
    "pk": 3559,
    "fields": {
        "menu": 465,
        "component": 1582
    }
},
{
    "model": "meal.menu_component",
    "pk": 3560,
    "fields": {
        "menu": 465,
        "component": 1583
    }
},
{
    "model": "meal.menu_component",
    "pk": 3596,
    "fields": {
        "menu": 466,
        "component": 1576
    }
},
{
    "model": "meal.menu_component",
    "pk": 3597,
    "fields": {
        "menu": 466,
        "component": 1578
    }
},
{
    "model": "meal.menu_component",
    "pk": 3598,
    "fields": {
        "menu": 466,
        "component": 1579
    }
},
{
    "model": "meal.menu_component",
    "pk": 3599,
    "fields": {
        "menu": 466,
        "component": 1580
    }
},
{
    "model": "meal.menu_component",
    "pk": 3600,
    "fields": {
        "menu": 466,
        "component": 1581
    }
},
{
    "model": "meal.menu_component",
    "pk": 3601,
    "fields": {
        "menu": 466,
        "component": 1582
    }
},
{
    "model": "meal.menu_component",
    "pk": 3602,
    "fields": {
        "menu": 466,
        "component": 1583
    }
},
{
    "model": "meal.menu_component",
    "pk": 3603,
    "fields": {
        "menu": 467,
        "component": 1576
    }
},
{
    "model": "meal.menu_component",
    "pk": 3604,
    "fields": {
        "menu": 467,
        "component": 1578
    }
},
{
    "model": "meal.menu_component",
    "pk": 3605,
    "fields": {
        "menu": 467,
        "component": 1579
    }
},
{
    "model": "meal.menu_component",
    "pk": 3606,
    "fields": {
        "menu": 467,
        "component": 1580
    }
},
{
    "model": "meal.menu_component",
    "pk": 3607,
    "fields": {
        "menu": 467,
        "component": 1581
    }
},
{
    "model": "meal.menu_component",
    "pk": 3608,
    "fields": {
        "menu": 467,
        "component": 1582
    }
},
{
    "model": "meal.menu_component",
    "pk": 3609,
    "fields": {
        "menu": 467,
        "component": 1583
    }
},
{
    "model": "member.member",
    "pk": 861,
    "fields": {
        "firstname": "John",
        "lastname": "Doe",
        "address": 508,
        "created_at": "2016-08-12T12:04:20.783Z",
        "updated_at": "2016-08-12T12:04:20.783Z"
    }
},
{
    "model": "member.member",
    "pk": 862,
    "fields": {
        "firstname": "Louise",
        "lastname": "Dallaire",
        "address": 509,
        "created_at": "2016-08-12T12:04:20.799Z",
        "updated_at": "2016-08-12T12:04:20.799Z"
    }
},
{
    "model": "member.member",
    "pk": 863,
    "fields": {
        "firstname": "Paul",
        "lastname": "Taylor",
        "address": 511,
        "created_at": "2016-08-12T12:04:20.799Z",
        "updated_at": "2016-08-12T12:04:20.799Z"
    }
},
{
    "model": "member.member",
    "pk": 864,
    "fields": {
        "firstname": "Peter",
        "lastname": "Murray",
        "address": 510,
        "created_at": "2016-08-12T12:04:20.815Z",
        "updated_at": "2016-08-12T12:04:20.815Z"
    }
},
{
    "model": "member.member",
    "pk": 865,
    "fields": {
        "firstname": "Dr. Lucie",
        "lastname": "Tremblay",
        "address": null,
        "created_at": "2016-08-12T12:04:20.815Z",
        "updated_at": "2016-08-12T12:04:20.815Z"
    }
},
{
    "model": "member.member",
    "pk": 866,
    "fields": {
        "firstname": "Dr. Mary",
        "lastname": "Johnson",
        "address": null,
        "created_at": "2016-08-12T12:04:20.830Z",
        "updated_at": "2016-08-12T12:04:20.830Z"
    }
},
{
    "model": "member.member",
    "pk": 867,
    "fields": {
        "firstname": "Bob",
        "lastname": "Brown",
        "address": 510,
        "created_at": "2016-08-12T12:04:20.830Z",
        "updated_at": "2016-08-12T12:04:20.830Z"
    }
},
{
    "model": "member.member",
    "pk": 868,
    "fields": {
        "firstname": "Kevin",
        "lastname": "Tracy",
        "address": 511,
        "created_at": "2016-08-12T12:04:20.846Z",
        "updated_at": "2016-08-12T12:04:20.846Z"
    }
},
{
    "model": "member.member",
    "pk": 869,
    "fields": {
        "firstname": "Roger",
        "lastname": "Blondin",
        "address": 509,
        "created_at": "2016-08-12T12:04:20.846Z",
        "updated_at": "2016-08-12T12:04:20.846Z"
    }
},
{
    "model": "member.member",
    "pk": 870,
    "fields": {
        "firstname": "Mario",
        "lastname": "Rossi",
        "address": 512,
        "created_at": "2016-08-31T12:06:06.250Z",
        "updated_at": "2016-08-31T12:06:06.277Z"
    }
},
{
    "model": "member.address",
    "pk": 508,
    "fields": {
        "number": 2444,
        "street": "Des Perdrix",
        "apartment": "407",
        "floor": 10,
        "city": "Montreal",
        "postal_code": "H1A2B3",
        "longitude": null,
        "latitude": null,
        "distance": null
    }
},
{
    "model": "member.address",
    "pk": 509,
    "fields": {
        "number": 1244,
        "street": "Des Hirondelles",
        "apartment": "4",
        "floor": null,
        "city": "Montreal",
        "postal_code": "H3D4G6",
        "longitude": null,
        "latitude": null,
        "distance": null
    }
},
{
    "model": "member.address",
    "pk": 510,
    "fields": {
        "number": 543,
        "street": "Des \u00c9perviers",
        "apartment": "",
        "floor": null,
        "city": "Montreal",
        "postal_code": "H4E3WS",
        "longitude": null,
        "latitude": null,
        "distance": null
    }
},
{
    "model": "member.address",
    "pk": 511,
    "fields": {
        "number": 4218,
        "street": "4218 Avenue Madison",
        "apartment": "1",
        "floor": null,
        "city": "Montreal",
        "postal_code": "H4B2T9",
        "longitude": "-73.634610",
        "latitude": "45.469894",
        "distance": "6.957810"
    }
},
{
    "model": "member.address",
    "pk": 512,
    "fields": {
        "number": 4194,
        "street": "4194 Avenue Kensington",
        "apartment": "",
        "floor": null,
        "city": "Montreal",
        "postal_code": "H4B 2W",
        "longitude": "-73.628281",
        "latitude": "45.468036",
        "distance": "6.802049"
    }
},
{
    "model": "member.contact",
    "pk": 383,
    "fields": {
        "type": "Home phone",
        "value": "514-345-6789",
        "member": 861
    }
},
{
    "model": "member.contact",
    "pk": 384,
    "fields": {
        "type": "Cell phone",
        "value": "438-234-4567",
        "member": 862
    }
},
{
    "model": "member.contact",
    "pk": 385,
    "fields": {
        "type": "Home phone",
        "value": "514-654-1289",
        "member": 864
    }
},
{
    "model": "member.contact",
    "pk": 386,
    "fields": {
        "type": "Home phone",
        "value": "514-653-1225",
        "member": 870
    }
},
{
    "model": "member.contact",
    "pk": 387,
    "fields": {
        "type": "Home phone",
        "value": "514-987-5443",
        "member": 861
    }
},
{
    "model": "member.route",
    "pk": 4,
    "fields": {
        "name": "ndg",
        "description": "",
        "client_id_sequence": "{\n  \"2\": [\n    870,\n    612,\n    611,\n    610,\n    609,\n    608,\n    607,\n    606\n  ],\n  \"3\": [\n    607,\n    610,\n    611,\n    612,\n    606,\n    608,\n    609\n  ]\n}"
    }
},
{
    "model": "member.route",
    "pk": 5,
    "fields": {
        "name": "mile_end",
        "description": "",
        "client_id_sequence": "{\n  \"2\": []\n}"
    }
},
{
    "model": "member.client",
    "pk": 606,
    "fields": {
        "billing_member": 862,
        "billing_payment_type": "check",
        "rate_type": "default",
        "member": 861,
        "emergency_contact": 863,
        "emergency_contact_relationship": "Nephew",
        "status": "A",
        "language": "en",
        "alert": "",
        "delivery_type": "O",
        "gender": "M",
        "birthdate": "1940-02-23",
        "route": 4,
        "meal_default_week": "{\n  \"compote_friday_quantity\": 0,\n  \"compote_monday_quantity\": 0,\n  \"compote_saturday_quantity\": 0,\n  \"compote_sunday_quantity\": 0,\n  \"compote_thursday_quantity\": 0,\n  \"compote_tuesday_quantity\": 0,\n  \"compote_wednesday_quantity\": 0,\n  \"dessert_friday_quantity\": 1,\n  \"dessert_monday_quantity\": 1,\n  \"dessert_saturday_quantity\": 1,\n  \"dessert_sunday_quantity\": 1,\n  \"dessert_thursday_quantity\": 1,\n  \"dessert_tuesday_quantity\": 1,\n  \"dessert_wednesday_quantity\": 1,\n  \"diabetic_dessert_friday_quantity\": 0,\n  \"diabetic_dessert_monday_quantity\": 0,\n  \"diabetic_dessert_saturday_quantity\": 0,\n  \"diabetic_dessert_sunday_quantity\": 0,\n  \"diabetic_dessert_thursday_quantity\": 0,\n  \"diabetic_dessert_tuesday_quantity\": 0,\n  \"diabetic_dessert_wednesday_quantity\": 0,\n  \"fruit_salad_friday_quantity\": 0,\n  \"fruit_salad_monday_quantity\": 0,\n  \"fruit_salad_saturday_quantity\": 0,\n  \"fruit_salad_sunday_quantity\": 0,\n  \"fruit_salad_thursday_quantity\": 0,\n  \"fruit_salad_tuesday_quantity\": 0,\n  \"fruit_salad_wednesday_quantity\": 0,\n  \"green_salad_friday_quantity\": 1,\n  \"green_salad_monday_quantity\": 1,\n  \"green_salad_saturday_quantity\": 1,\n  \"green_salad_sunday_quantity\": 1,\n  \"green_salad_thursday_quantity\": 1,\n  \"green_salad_tuesday_quantity\": 1,\n  \"green_salad_wednesday_quantity\": 1,\n  \"main_dish_friday_quantity\": 2,\n  \"main_dish_monday_quantity\": 2,\n  \"main_dish_saturday_quantity\": 2,\n  \"main_dish_sunday_quantity\": 2,\n  \"main_dish_thursday_quantity\": 2,\n  \"main_dish_tuesday_quantity\": 2,\n  \"main_dish_wednesday_quantity\": 2,\n  \"pudding_friday_quantity\": 1,\n  \"pudding_monday_quantity\": 1,\n  \"pudding_saturday_quantity\": 1,\n  \"pudding_sunday_quantity\": 1,\n  \"pudding_thursday_quantity\": 1,\n  \"pudding_tuesday_quantity\": 1,\n  \"pudding_wednesday_quantity\": 1,\n  \"size_friday\": \"L\",\n  \"size_monday\": \"L\",\n  \"size_saturday\": \"L\",\n  \"size_sunday\": \"L\",\n  \"size_thursday\": \"L\",\n  \"size_tuesday\": \"L\",\n  \"size_wednesday\": \"L\"\n}",
        "delivery_note": ""
    }
},
{
    "model": "member.client",
    "pk": 607,
    "fields": {
        "billing_member": 864,
        "billing_payment_type": "check",
        "rate_type": "default",
        "member": 864,
        "emergency_contact": 861,
        "emergency_contact_relationship": "Friend",
        "status": "A",
        "language": "en",
        "alert": "",
        "delivery_type": "O",
        "gender": "M",
        "birthdate": "1945-12-13",
        "route": 4,
        "meal_default_week": "{\n  \"compote_friday_quantity\": 0,\n  \"compote_monday_quantity\": 0,\n  \"compote_saturday_quantity\": 0,\n  \"compote_sunday_quantity\": 0,\n  \"compote_thursday_quantity\": 0,\n  \"compote_tuesday_quantity\": 0,\n  \"compote_wednesday_quantity\": 0,\n  \"dessert_friday_quantity\": 1,\n  \"dessert_monday_quantity\": 1,\n  \"dessert_saturday_quantity\": 1,\n  \"dessert_sunday_quantity\": 1,\n  \"dessert_thursday_quantity\": 1,\n  \"dessert_tuesday_quantity\": 1,\n  \"dessert_wednesday_quantity\": 1,\n  \"diabetic_dessert_friday_quantity\": 0,\n  \"diabetic_dessert_monday_quantity\": 0,\n  \"diabetic_dessert_saturday_quantity\": 0,\n  \"diabetic_dessert_sunday_quantity\": 0,\n  \"diabetic_dessert_thursday_quantity\": 0,\n  \"diabetic_dessert_tuesday_quantity\": 0,\n  \"diabetic_dessert_wednesday_quantity\": 0,\n  \"fruit_salad_friday_quantity\": 0,\n  \"fruit_salad_monday_quantity\": 0,\n  \"fruit_salad_saturday_quantity\": 0,\n  \"fruit_salad_sunday_quantity\": 0,\n  \"fruit_salad_thursday_quantity\": 0,\n  \"fruit_salad_tuesday_quantity\": 0,\n  \"fruit_salad_wednesday_quantity\": 0,\n  \"green_salad_friday_quantity\": 0,\n  \"green_salad_monday_quantity\": 0,\n  \"green_salad_saturday_quantity\": 0,\n  \"green_salad_sunday_quantity\": 0,\n  \"green_salad_thursday_quantity\": 0,\n  \"green_salad_tuesday_quantity\": 0,\n  \"green_salad_wednesday_quantity\": 0,\n  \"main_dish_friday_quantity\": 1,\n  \"main_dish_monday_quantity\": 1,\n  \"main_dish_saturday_quantity\": 1,\n  \"main_dish_sunday_quantity\": 1,\n  \"main_dish_thursday_quantity\": 1,\n  \"main_dish_tuesday_quantity\": 1,\n  \"main_dish_wednesday_quantity\": 1,\n  \"pudding_friday_quantity\": 0,\n  \"pudding_monday_quantity\": 0,\n  \"pudding_saturday_quantity\": 0,\n  \"pudding_sunday_quantity\": 0,\n  \"pudding_thursday_quantity\": 0,\n  \"pudding_tuesday_quantity\": 0,\n  \"pudding_wednesday_quantity\": 0,\n  \"size_friday\": \"R\",\n  \"size_monday\": \"R\",\n  \"size_saturday\": \"R\",\n  \"size_sunday\": \"R\",\n  \"size_thursday\": \"R\",\n  \"size_tuesday\": \"R\",\n  \"size_wednesday\": \"R\"\n}",
        "delivery_note": ""
    }
},
{
    "model": "member.client",
    "pk": 608,
    "fields": {
        "billing_member": 862,
        "billing_payment_type": "check",
        "rate_type": "default",
        "member": 862,
        "emergency_contact": 864,
        "emergency_contact_relationship": "Friend",
        "status": "A",
        "language": "en",
        "alert": "",
        "delivery_type": "O",
        "gender": "M",
        "birthdate": "1943-12-13",
        "route": 4,
        "meal_default_week": "{\n  \"compote_friday_quantity\": 0,\n  \"compote_monday_quantity\": 0,\n  \"compote_saturday_quantity\": 0,\n  \"compote_sunday_quantity\": 0,\n  \"compote_thursday_quantity\": 0,\n  \"compote_tuesday_quantity\": 0,\n  \"compote_wednesday_quantity\": 0,\n  \"dessert_friday_quantity\": 0,\n  \"dessert_monday_quantity\": 0,\n  \"dessert_saturday_quantity\": 0,\n  \"dessert_sunday_quantity\": 0,\n  \"dessert_thursday_quantity\": 0,\n  \"dessert_tuesday_quantity\": 0,\n  \"dessert_wednesday_quantity\": 0,\n  \"diabetic_dessert_friday_quantity\": 0,\n  \"diabetic_dessert_monday_quantity\": 0,\n  \"diabetic_dessert_saturday_quantity\": 0,\n  \"diabetic_dessert_sunday_quantity\": 0,\n  \"diabetic_dessert_thursday_quantity\": 0,\n  \"diabetic_dessert_tuesday_quantity\": 0,\n  \"diabetic_dessert_wednesday_quantity\": 0,\n  \"fruit_salad_friday_quantity\": 0,\n  \"fruit_salad_monday_quantity\": 0,\n  \"fruit_salad_saturday_quantity\": 0,\n  \"fruit_salad_sunday_quantity\": 0,\n  \"fruit_salad_thursday_quantity\": 0,\n  \"fruit_salad_tuesday_quantity\": 0,\n  \"fruit_salad_wednesday_quantity\": 0,\n  \"green_salad_friday_quantity\": 2,\n  \"green_salad_monday_quantity\": 2,\n  \"green_salad_saturday_quantity\": 2,\n  \"green_salad_sunday_quantity\": 2,\n  \"green_salad_thursday_quantity\": 2,\n  \"green_salad_tuesday_quantity\": 2,\n  \"green_salad_wednesday_quantity\": 2,\n  \"main_dish_friday_quantity\": 2,\n  \"main_dish_monday_quantity\": 2,\n  \"main_dish_saturday_quantity\": 2,\n  \"main_dish_sunday_quantity\": 2,\n  \"main_dish_thursday_quantity\": 2,\n  \"main_dish_tuesday_quantity\": 2,\n  \"main_dish_wednesday_quantity\": 2,\n  \"pudding_friday_quantity\": 0,\n  \"pudding_monday_quantity\": 0,\n  \"pudding_saturday_quantity\": 0,\n  \"pudding_sunday_quantity\": 0,\n  \"pudding_thursday_quantity\": 0,\n  \"pudding_tuesday_quantity\": 0,\n  \"pudding_wednesday_quantity\": 0,\n  \"size_friday\": \"R\",\n  \"size_monday\": \"R\",\n  \"size_saturday\": \"R\",\n  \"size_sunday\": \"R\",\n  \"size_thursday\": \"R\",\n  \"size_tuesday\": \"R\",\n  \"size_wednesday\": \"R\"\n}",
        "delivery_note": ""
    }
},
{
    "model": "member.client",
    "pk": 609,
    "fields": {
        "billing_member": 863,
        "billing_payment_type": "check",
        "rate_type": "default",
        "member": 863,
        "emergency_contact": 862,
        "emergency_contact_relationship": "Friend",
        "status": "A",
        "language": "en",
        "alert": "",
        "delivery_type": "O",
        "gender": "M",
        "birthdate": "1943-12-13",
        "route": 4,
        "meal_default_week": "{\n  \"compote_friday_quantity\": 1,\n  \"compote_monday_quantity\": 1,\n  \"compote_saturday_quantity\": 1,\n  \"compote_sunday_quantity\": 1,\n  \"compote_thursday_quantity\": 1,\n  \"compote_tuesday_quantity\": 1,\n  \"compote_wednesday_quantity\": 1,\n  \"dessert_friday_quantity\": 0,\n  \"dessert_monday_quantity\": 0,\n  \"dessert_saturday_quantity\": 0,\n  \"dessert_sunday_quantity\": 0,\n  \"dessert_thursday_quantity\": 0,\n  \"dessert_tuesday_quantity\": 0,\n  \"dessert_wednesday_quantity\": 0,\n  \"diabetic_dessert_friday_quantity\": 0,\n  \"diabetic_dessert_monday_quantity\": 0,\n  \"diabetic_dessert_saturday_quantity\": 0,\n  \"diabetic_dessert_sunday_quantity\": 0,\n  \"diabetic_dessert_thursday_quantity\": 0,\n  \"diabetic_dessert_tuesday_quantity\": 0,\n  \"diabetic_dessert_wednesday_quantity\": 0,\n  \"fruit_salad_friday_quantity\": 0,\n  \"fruit_salad_monday_quantity\": 0,\n  \"fruit_salad_saturday_quantity\": 0,\n  \"fruit_salad_sunday_quantity\": 0,\n  \"fruit_salad_thursday_quantity\": 0,\n  \"fruit_salad_tuesday_quantity\": 0,\n  \"fruit_salad_wednesday_quantity\": 0,\n  \"green_salad_friday_quantity\": 0,\n  \"green_salad_monday_quantity\": 0,\n  \"green_salad_saturday_quantity\": 0,\n  \"green_salad_sunday_quantity\": 0,\n  \"green_salad_thursday_quantity\": 0,\n  \"green_salad_tuesday_quantity\": 0,\n  \"green_salad_wednesday_quantity\": 0,\n  \"main_dish_friday_quantity\": 1,\n  \"main_dish_monday_quantity\": 1,\n  \"main_dish_saturday_quantity\": 1,\n  \"main_dish_sunday_quantity\": 1,\n  \"main_dish_thursday_quantity\": 1,\n  \"main_dish_tuesday_quantity\": 1,\n  \"main_dish_wednesday_quantity\": 1,\n  \"pudding_friday_quantity\": 0,\n  \"pudding_monday_quantity\": 0,\n  \"pudding_saturday_quantity\": 0,\n  \"pudding_sunday_quantity\": 0,\n  \"pudding_thursday_quantity\": 0,\n  \"pudding_tuesday_quantity\": 0,\n  \"pudding_wednesday_quantity\": 0,\n  \"size_friday\": \"L\",\n  \"size_monday\": \"L\",\n  \"size_saturday\": \"L\",\n  \"size_sunday\": \"L\",\n  \"size_thursday\": \"L\",\n  \"size_tuesday\": \"L\",\n  \"size_wednesday\": \"L\"\n}",
        "delivery_note": "The door key is hidden under the pink geranium planter."
    }
},
{
    "model": "member.client",
    "pk": 610,
    "fields": {
        "billing_member": 867,
        "billing_payment_type": "check",
        "rate_type": "default",
        "member": 867,
        "emergency_contact": 868,
        "emergency_contact_relationship": "Friend",
        "status": "A",
        "language": "en",
        "alert": "",
        "delivery_type": "O",
        "gender": "M",
        "birthdate": "1943-12-13",
        "route": 4,
        "meal_default_week": "{\n  \"compote_friday_quantity\": 1,\n  \"compote_monday_quantity\": 1,\n  \"compote_saturday_quantity\": 1,\n  \"compote_sunday_quantity\": 1,\n  \"compote_thursday_quantity\": 1,\n  \"compote_tuesday_quantity\": 1,\n  \"compote_wednesday_quantity\": 1,\n  \"dessert_friday_quantity\": 0,\n  \"dessert_monday_quantity\": 0,\n  \"dessert_saturday_quantity\": 0,\n  \"dessert_sunday_quantity\": 0,\n  \"dessert_thursday_quantity\": 0,\n  \"dessert_tuesday_quantity\": 0,\n  \"dessert_wednesday_quantity\": 0,\n  \"diabetic_dessert_friday_quantity\": 0,\n  \"diabetic_dessert_monday_quantity\": 0,\n  \"diabetic_dessert_saturday_quantity\": 0,\n  \"diabetic_dessert_sunday_quantity\": 0,\n  \"diabetic_dessert_thursday_quantity\": 0,\n  \"diabetic_dessert_tuesday_quantity\": 0,\n  \"diabetic_dessert_wednesday_quantity\": 0,\n  \"fruit_salad_friday_quantity\": 0,\n  \"fruit_salad_monday_quantity\": 0,\n  \"fruit_salad_saturday_quantity\": 0,\n  \"fruit_salad_sunday_quantity\": 0,\n  \"fruit_salad_thursday_quantity\": 0,\n  \"fruit_salad_tuesday_quantity\": 0,\n  \"fruit_salad_wednesday_quantity\": 0,\n  \"green_salad_friday_quantity\": 0,\n  \"green_salad_monday_quantity\": 0,\n  \"green_salad_saturday_quantity\": 0,\n  \"green_salad_sunday_quantity\": 0,\n  \"green_salad_thursday_quantity\": 0,\n  \"green_salad_tuesday_quantity\": 0,\n  \"green_salad_wednesday_quantity\": 0,\n  \"main_dish_friday_quantity\": 1,\n  \"main_dish_monday_quantity\": 1,\n  \"main_dish_saturday_quantity\": 1,\n  \"main_dish_sunday_quantity\": 1,\n  \"main_dish_thursday_quantity\": 1,\n  \"main_dish_tuesday_quantity\": 1,\n  \"main_dish_wednesday_quantity\": 1,\n  \"pudding_friday_quantity\": 0,\n  \"pudding_monday_quantity\": 0,\n  \"pudding_saturday_quantity\": 0,\n  \"pudding_sunday_quantity\": 0,\n  \"pudding_thursday_quantity\": 0,\n  \"pudding_tuesday_quantity\": 0,\n  \"pudding_wednesday_quantity\": 0,\n  \"size_friday\": \"L\",\n  \"size_monday\": \"L\",\n  \"size_saturday\": \"L\",\n  \"size_sunday\": \"L\",\n  \"size_thursday\": \"L\",\n  \"size_tuesday\": \"L\",\n  \"size_wednesday\": \"L\"\n}",
        "delivery_note": ""
    }
},
{
    "model": "member.client",
    "pk": 611,
    "fields": {
        "billing_member": 868,
        "billing_payment_type": "check",
        "rate_type": "default",
        "member": 868,
        "emergency_contact": 867,
        "emergency_contact_relationship": "Friend",
        "status": "A",
        "language": "en",
        "alert": "",
        "delivery_type": "O",
        "gender": "M",
        "birthdate": "1943-12-13",
        "route": 4,
        "meal_default_week": "{\n  \"compote_friday_quantity\": 1,\n  \"compote_monday_quantity\": 1,\n  \"compote_saturday_quantity\": 1,\n  \"compote_sunday_quantity\": 1,\n  \"compote_thursday_quantity\": 1,\n  \"compote_tuesday_quantity\": 1,\n  \"compote_wednesday_quantity\": 1,\n  \"dessert_friday_quantity\": 0,\n  \"dessert_monday_quantity\": 0,\n  \"dessert_saturday_quantity\": 0,\n  \"dessert_sunday_quantity\": 0,\n  \"dessert_thursday_quantity\": 0,\n  \"dessert_tuesday_quantity\": 0,\n  \"dessert_wednesday_quantity\": 0,\n  \"diabetic_dessert_friday_quantity\": 0,\n  \"diabetic_dessert_monday_quantity\": 0,\n  \"diabetic_dessert_saturday_quantity\": 0,\n  \"diabetic_dessert_sunday_quantity\": 0,\n  \"diabetic_dessert_thursday_quantity\": 0,\n  \"diabetic_dessert_tuesday_quantity\": 0,\n  \"diabetic_dessert_wednesday_quantity\": 0,\n  \"fruit_salad_friday_quantity\": 0,\n  \"fruit_salad_monday_quantity\": 0,\n  \"fruit_salad_saturday_quantity\": 0,\n  \"fruit_salad_sunday_quantity\": 0,\n  \"fruit_salad_thursday_quantity\": 0,\n  \"fruit_salad_tuesday_quantity\": 0,\n  \"fruit_salad_wednesday_quantity\": 0,\n  \"green_salad_friday_quantity\": 0,\n  \"green_salad_monday_quantity\": 0,\n  \"green_salad_saturday_quantity\": 0,\n  \"green_salad_sunday_quantity\": 0,\n  \"green_salad_thursday_quantity\": 0,\n  \"green_salad_tuesday_quantity\": 0,\n  \"green_salad_wednesday_quantity\": 0,\n  \"main_dish_friday_quantity\": 1,\n  \"main_dish_monday_quantity\": 1,\n  \"main_dish_saturday_quantity\": 1,\n  \"main_dish_sunday_quantity\": 1,\n  \"main_dish_thursday_quantity\": 1,\n  \"main_dish_tuesday_quantity\": 1,\n  \"main_dish_wednesday_quantity\": 1,\n  \"pudding_friday_quantity\": 0,\n  \"pudding_monday_quantity\": 0,\n  \"pudding_saturday_quantity\": 0,\n  \"pudding_sunday_quantity\": 0,\n  \"pudding_thursday_quantity\": 0,\n  \"pudding_tuesday_quantity\": 0,\n  \"pudding_wednesday_quantity\": 0,\n  \"size_friday\": \"R\",\n  \"size_monday\": \"R\",\n  \"size_saturday\": \"R\",\n  \"size_sunday\": \"R\",\n  \"size_thursday\": \"R\",\n  \"size_tuesday\": \"R\",\n  \"size_wednesday\": \"R\"\n}",
        "delivery_note": ""
    }
},
{
    "model": "member.client",
    "pk": 612,
    "fields": {
        "billing_member": 869,
        "billing_payment_type": "check",
        "rate_type": "default",
        "member": 869,
        "emergency_contact": 868,
        "emergency_contact_relationship": "Friend",
        "status": "A",
        "language": "en",
        "alert": "",
        "delivery_type": "O",
        "gender": "M",
        "birthdate": "1943-12-13",
        "route": 4,
        "meal_default_week": "{\n  \"compote_friday_quantity\": 1,\n  \"compote_monday_quantity\": 1,\n  \"compote_saturday_quantity\": 1,\n  \"compote_sunday_quantity\": 1,\n  \"compote_thursday_quantity\": 1,\n  \"compote_tuesday_quantity\": 1,\n  \"compote_wednesday_quantity\": 1,\n  \"dessert_friday_quantity\": 0,\n  \"dessert_monday_quantity\": 0,\n  \"dessert_saturday_quantity\": 0,\n  \"dessert_sunday_quantity\": 0,\n  \"dessert_thursday_quantity\": 0,\n  \"dessert_tuesday_quantity\": 0,\n  \"dessert_wednesday_quantity\": 0,\n  \"diabetic_dessert_friday_quantity\": 0,\n  \"diabetic_dessert_monday_quantity\": 0,\n  \"diabetic_dessert_saturday_quantity\": 0,\n  \"diabetic_dessert_sunday_quantity\": 0,\n  \"diabetic_dessert_thursday_quantity\": 0,\n  \"diabetic_dessert_tuesday_quantity\": 0,\n  \"diabetic_dessert_wednesday_quantity\": 0,\n  \"fruit_salad_friday_quantity\": 0,\n  \"fruit_salad_monday_quantity\": 0,\n  \"fruit_salad_saturday_quantity\": 0,\n  \"fruit_salad_sunday_quantity\": 0,\n  \"fruit_salad_thursday_quantity\": 0,\n  \"fruit_salad_tuesday_quantity\": 0,\n  \"fruit_salad_wednesday_quantity\": 0,\n  \"green_salad_friday_quantity\": 0,\n  \"green_salad_monday_quantity\": 0,\n  \"green_salad_saturday_quantity\": 0,\n  \"green_salad_sunday_quantity\": 0,\n  \"green_salad_thursday_quantity\": 0,\n  \"green_salad_tuesday_quantity\": 0,\n  \"green_salad_wednesday_quantity\": 0,\n  \"main_dish_friday_quantity\": 1,\n  \"main_dish_monday_quantity\": 1,\n  \"main_dish_saturday_quantity\": 1,\n  \"main_dish_sunday_quantity\": 1,\n  \"main_dish_thursday_quantity\": 1,\n  \"main_dish_tuesday_quantity\": 1,\n  \"main_dish_wednesday_quantity\": 1,\n  \"pudding_friday_quantity\": 0,\n  \"pudding_monday_quantity\": 0,\n  \"pudding_saturday_quantity\": 0,\n  \"pudding_sunday_quantity\": 0,\n  \"pudding_thursday_quantity\": 0,\n  \"pudding_tuesday_quantity\": 0,\n  \"pudding_wednesday_quantity\": 0,\n  \"size_friday\": \"R\",\n  \"size_monday\": \"R\",\n  \"size_saturday\": \"R\",\n  \"size_sunday\": \"R\",\n  \"size_thursday\": \"R\",\n  \"size_tuesday\": \"R\",\n  \"size_wednesday\": \"R\"\n}",
        "delivery_note": ""
    }
},
{
    "model": "member.client",
    "pk": 870,
    "fields": {
        "billing_member": 870,
        "billing_payment_type": "check",
        "rate_type": "default",
        "member": 870,
        "emergency_contact": 861,
        "emergency_contact_relationship": null,
        "status": "A",
        "language": "en",
        "alert": "",
        "delivery_type": "O",
        "gender": "M",
        "birthdate": "1940-03-12",
        "route": 4,
        "meal_default_week": "{\n  \"compote_friday_quantity\": null,\n  \"compote_monday_quantity\": null,\n  \"compote_saturday_quantity\": null,\n  \"compote_sunday_quantity\": null,\n  \"compote_thursday_quantity\": null,\n  \"compote_tuesday_quantity\": null,\n  \"compote_wednesday_quantity\": null,\n  \"dessert_friday_quantity\": null,\n  \"dessert_monday_quantity\": null,\n  \"dessert_saturday_quantity\": null,\n  \"dessert_sunday_quantity\": null,\n  \"dessert_thursday_quantity\": null,\n  \"dessert_tuesday_quantity\": null,\n  \"dessert_wednesday_quantity\": null,\n  \"diabetic_friday_quantity\": null,\n  \"diabetic_monday_quantity\": null,\n  \"diabetic_saturday_quantity\": null,\n  \"diabetic_sunday_quantity\": null,\n  \"diabetic_thursday_quantity\": null,\n  \"diabetic_tuesday_quantity\": null,\n  \"diabetic_wednesday_quantity\": null,\n  \"fruit_salad_friday_quantity\": null,\n  \"fruit_salad_monday_quantity\": null,\n  \"fruit_salad_saturday_quantity\": null,\n  \"fruit_salad_sunday_quantity\": null,\n  \"fruit_salad_thursday_quantity\": null,\n  \"fruit_salad_tuesday_quantity\": null,\n  \"fruit_salad_wednesday_quantity\": null,\n  \"green_salad_friday_quantity\": null,\n  \"green_salad_monday_quantity\": null,\n  \"green_salad_saturday_quantity\": null,\n  \"green_salad_sunday_quantity\": null,\n  \"green_salad_thursday_quantity\": null,\n  \"green_salad_tuesday_quantity\": null,\n  \"green_salad_wednesday_quantity\": null,\n  \"main_dish_friday_quantity\": null,\n  \"main_dish_monday_quantity\": 1,\n  \"main_dish_saturday_quantity\": null,\n  \"main_dish_sunday_quantity\": null,\n  \"main_dish_thursday_quantity\": null,\n  \"main_dish_tuesday_quantity\": 1,\n  \"main_dish_wednesday_quantity\": 1,\n  \"pudding_friday_quantity\": null,\n  \"pudding_monday_quantity\": null,\n  \"pudding_saturday_quantity\": null,\n  \"pudding_sunday_quantity\": null,\n  \"pudding_thursday_quantity\": null,\n  \"pudding_tuesday_quantity\": null,\n  \"pudding_wednesday_quantity\": null,\n  \"size_friday\": null,\n  \"size_monday\": \"R\",\n  \"size_saturday\": null,\n  \"size_sunday\": null,\n  \"size_thursday\": null,\n  \"size_tuesday\": null,\n  \"size_wednesday\": \"R\"\n}",
        "delivery_note": "Ring door bell many times."
    }
},
{
    "model": "member.clientscheduledstatus",
    "pk": 1,
    "fields": {
        "client": 870,
        "linked_scheduled_status": null,
        "status_from": "D",
        "status_to": "A",
        "reason": "He deserves it.",
        "change_date": "2016-08-31",
        "change_state": "START",
        "operation_status": "PRO"
    }
},
{
    "model": "member.referencing",
    "pk": 255,
    "fields": {
        "referent": 865,
        "client": 606,
        "referral_reason": "Can hardly walk.",
        "work_information": "CHUM H\u00f4tel-Dieu",
        "date": "2015-11-02"
    }
},
{
    "model": "member.referencing",
    "pk": 256,
    "fields": {
        "referent": 866,
        "client": 607,
        "referral_reason": "Had an operation.",
        "work_information": "CUSM",
        "date": "2014-01-12"
    }
},
{
    "model": "member.referencing",
    "pk": 257,
    "fields": {
        "referent": 865,
        "client": 609,
        "referral_reason": "Needs help.",
        "work_information": "",
        "date": "2016-05-04"
    }
},
{
    "model": "member.referencing",
    "pk": 258,
    "fields": {
        "referent": 870,
        "client": 870,
        "referral_reason": "Needs help.",
        "work_information": "CHUM",
        "date": "2016-06-07"
    }
},
{
    "model": "member.option",
    "pk": 883,
    "fields": {
        "name": "Fruit Salad",
        "description": "",
        "option_group": "side dish"
    }
},
{
    "model": "member.option",
    "pk": 884,
    "fields": {
        "name": "Green Salad",
        "description": "",
        "option_group": "side dish"
    }
},
{
    "model": "member.option",
    "pk": 885,
    "fields": {
        "name": "Dessert",
        "description": "",
        "option_group": "side dish"
    }
},
{
    "model": "member.option",
    "pk": 886,
    "fields": {
        "name": "Pudding",
        "description": "",
        "option_group": "side dish"
    }
},
{
    "model": "member.option",
    "pk": 887,
    "fields": {
        "name": "Diabetic dessert",
        "description": "",
        "option_group": "side dish"
    }
},
{
    "model": "member.option",
    "pk": 888,
    "fields": {
        "name": "Puree all",
        "description": "",
        "option_group": "preparation"
    }
},
{
    "model": "member.option",
    "pk": 889,
    "fields": {
        "name": "Cut up meat",
        "description": "",
        "option_group": "preparation"
    }
},
{
    "model": "member.client_option",
    "pk": 507,
    "fields": {
        "client": 606,
        "option": 886,
        "value": null
    }
},
{
    "model": "member.client_option",
    "pk": 508,
    "fields": {
        "client": 607,
        "option": 885,
        "value": null
    }
},
{
    "model": "member.client_option",
    "pk": 509,
    "fields": {
        "client": 608,
        "option": 889,
        "value": null
    }
},
{
    "model": "member.restriction",
    "pk": 412,
    "fields": {
        "client": 606,
        "restricted_item": 1012
    }
},
{
    "model": "member.restriction",
    "pk": 413,
    "fields": {
        "client": 606,
        "restricted_item": 1010
    }
},
{
    "model": "member.restriction",
    "pk": 415,
    "fields": {
        "client": 611,
        "restricted_item": 1015
    }
},
{
    "model": "member.client_avoid_ingredient",
    "pk": 410,
    "fields": {
        "client": 609,
        "ingredient": 3237
    }
},
{
    "model": "member.client_avoid_ingredient",
    "pk": 411,
    "fields": {
        "client": 609,
        "ingredient": 3246
    }
},
{
    "model": "member.client_avoid_ingredient",
    "pk": 412,
    "fields": {
        "client": 609,
        "ingredient": 3239
    }
},
{
    "model": "member.client_avoid_ingredient",
    "pk": 413,
    "fields": {
        "client": 612,
        "ingredient": 3239
    }
},
{
    "model": "member.client_avoid_ingredient",
    "pk": 414,
    "fields": {
        "client": 612,
        "ingredient": 3237
    }
},
{
    "model": "member.client_avoid_component",
    "pk": 382,
    "fields": {
        "client": 609,
        "component": 1571
    }
},
{
    "model": "member.client_avoid_component",
    "pk": 383,
    "fields": {
        "client": 609,
        "component": 1577
    }
},
{
    "model": "member.client_avoid_component",
    "pk": 384,
    "fields": {
        "client": 609,
        "component": 1573
    }
},
{
    "model": "member.client_avoid_component",
    "pk": 385,
    "fields": {
        "client": 610,
        "component": 1576
    }
},
{
    "model": "order.order",
    "pk": 784,
    "fields": {
        "creation_date": "2016-05-20",
        "delivery_date": "2016-05-21",
        "status": "O",
        "client": 606
    }
},
{
    "model": "order.order",
    "pk": 785,
    "fields": {
        "creation_date": "2016-05-20",
        "delivery_date": "2016-05-21",
        "status": "O",
        "client": 607
    }
},
{
    "model": "order.order",
    "pk": 786,
    "fields": {
        "creation_date": "2016-05-20",
        "delivery_date": "2016-05-21",
        "status": "O",
        "client": 608
    }
},
{
    "model": "order.order",
    "pk": 787,
    "fields": {
        "creation_date": "2016-05-20",
        "delivery_date": "2016-05-21",
        "status": "O",
        "client": 609
    }
},
{
    "model": "order.order",
    "pk": 788,
    "fields": {
        "creation_date": "2016-05-20",
        "delivery_date": "2016-05-21",
        "status": "O",
        "client": 610
    }
},
{
    "model": "order.order",
    "pk": 789,
    "fields": {
        "creation_date": "2016-05-20",
        "delivery_date": "2016-05-21",
        "status": "O",
        "client": 611
    }
},
{
    "model": "order.order",
    "pk": 790,
    "fields": {
        "creation_date": "2016-05-20",
        "delivery_date": "2016-05-21",
        "status": "O",
        "client": 612
    }
},
{
    "model": "order.order",
    "pk": 791,
    "fields": {
        "creation_date": "2016-08-12",
        "delivery_date": "2016-08-12",
        "status": "O",
        "client": 606
    }
},
{
    "model": "order.order",
    "pk": 792,
    "fields": {
        "creation_date": "2016-08-12",
        "delivery_date": "2016-08-12",
        "status": "O",
        "client": 607
    }
},
{
    "model": "order.order",
    "pk": 793,
    "fields": {
        "creation_date": "2016-08-12",
        "delivery_date": "2016-08-12",
        "status": "O",
        "client": 608
    }
},
{
    "model": "order.order",
    "pk": 794,
    "fields": {
        "creation_date": "2016-08-12",
        "delivery_date": "2016-08-12",
        "status": "O",
        "client": 609
    }
},
{
    "model": "order.order",
    "pk": 795,
    "fields": {
        "creation_date": "2016-08-12",
        "delivery_date": "2016-08-12",
        "status": "O",
        "client": 610
    }
},
{
    "model": "order.order",
    "pk": 796,
    "fields": {
        "creation_date": "2016-08-12",
        "delivery_date": "2016-08-12",
        "status": "O",
        "client": 611
    }
},
{
    "model": "order.order",
    "pk": 797,
    "fields": {
        "creation_date": "2016-08-12",
        "delivery_date": "2016-08-12",
        "status": "O",
        "client": 612
    }
},
{
    "model": "order.order",
    "pk": 812,
    "fields": {
        "creation_date": "2016-08-13",
        "delivery_date": "2016-08-13",
        "status": "O",
        "client": 606
    }
},
{
    "model": "order.order",
    "pk": 813,
    "fields": {
        "creation_date": "2016-08-13",
        "delivery_date": "2016-08-13",
        "status": "O",
        "client": 607
    }
},
{
    "model": "order.order",
    "pk": 814,
    "fields": {
        "creation_date": "2016-08-13",
        "delivery_date": "2016-08-13",
        "status": "O",
        "client": 608
    }
},
{
    "model": "order.order",
    "pk": 815,
    "fields": {
        "creation_date": "2016-08-13",
        "delivery_date": "2016-08-13",
        "status": "O",
        "client": 609
    }
},
{
    "model": "order.order",
    "pk": 816,
    "fields": {
        "creation_date": "2016-08-13",
        "delivery_date": "2016-08-13",
        "status": "O",
        "client": 610
    }
},
{
    "model": "order.order",
    "pk": 817,
    "fields": {
        "creation_date": "2016-08-13",
        "delivery_date": "2016-08-13",
        "status": "O",
        "client": 611
    }
},
{
    "model": "order.order",
    "pk": 818,
    "fields": {
        "creation_date": "2016-08-13",
        "delivery_date": "2016-08-13",
        "status": "O",
        "client": 612
    }
},
{
    "model": "order.order",
    "pk": 819,
    "fields": {
        "creation_date": "2016-08-14",
        "delivery_date": "2016-08-14",
        "status": "O",
        "client": 606
    }
},
{
    "model": "order.order",
    "pk": 820,
    "fields": {
        "creation_date": "2016-08-14",
        "delivery_date": "2016-08-14",
        "status": "O",
        "client": 607
    }
},
{
    "model": "order.order",
    "pk": 821,
    "fields": {
        "creation_date": "2016-08-14",
        "delivery_date": "2016-08-14",
        "status": "O",
        "client": 608
    }
},
{
    "model": "order.order",
    "pk": 822,
    "fields": {
        "creation_date": "2016-08-14",
        "delivery_date": "2016-08-14",
        "status": "O",
        "client": 609
    }
},
{
    "model": "order.order",
    "pk": 823,
    "fields": {
        "creation_date": "2016-08-14",
        "delivery_date": "2016-08-14",
        "status": "O",
        "client": 610
    }
},
{
    "model": "order.order",
    "pk": 824,
    "fields": {
        "creation_date": "2016-08-14",
        "delivery_date": "2016-08-14",
        "status": "O",
        "client": 611
    }
},
{
    "model": "order.order",
    "pk": 825,
    "fields": {
        "creation_date": "2016-08-14",
        "delivery_date": "2016-08-14",
        "status": "O",
        "client": 612
    }
},
{
    "model": "order.order",
    "pk": 826,
    "fields": {
        "creation_date": "2016-08-16",
        "delivery_date": "2016-08-16",
        "status": "O",
        "client": 606
    }
},
{
    "model": "order.order",
    "pk": 827,
    "fields": {
        "creation_date": "2016-08-16",
        "delivery_date": "2016-08-16",
        "status": "O",
        "client": 607
    }
},
{
    "model": "order.order",
    "pk": 828,
    "fields": {
        "creation_date": "2016-08-16",
        "delivery_date": "2016-08-16",
        "status": "O",
        "client": 608
    }
},
{
    "model": "order.order",
    "pk": 829,
    "fields": {
        "creation_date": "2016-08-16",
        "delivery_date": "2016-08-16",
        "status": "O",
        "client": 609
    }
},
{
    "model": "order.order",
    "pk": 830,
    "fields": {
        "creation_date": "2016-08-16",
        "delivery_date": "2016-08-16",
        "status": "O",
        "client": 610
    }
},
{
    "model": "order.order",
    "pk": 831,
    "fields": {
        "creation_date": "2016-08-16",
        "delivery_date": "2016-08-16",
        "status": "O",
        "client": 611
    }
},
{
    "model": "order.order",
    "pk": 832,
    "fields": {
        "creation_date": "2016-08-16",
        "delivery_date": "2016-08-16",
        "status": "O",
        "client": 612
    }
},
{
    "model": "order.order",
    "pk": 833,
    "fields": {
        "creation_date": "2016-08-17",
        "delivery_date": "2016-08-17",
        "status": "O",
        "client": 606
    }
},
{
    "model": "order.order",
    "pk": 834,
    "fields": {
        "creation_date": "2016-08-17",
        "delivery_date": "2016-08-17",
        "status": "O",
        "client": 607
    }
},
{
    "model": "order.order",
    "pk": 835,
    "fields": {
        "creation_date": "2016-08-17",
        "delivery_date": "2016-08-17",
        "status": "O",
        "client": 608
    }
},
{
    "model": "order.order",
    "pk": 836,
    "fields": {
        "creation_date": "2016-08-17",
        "delivery_date": "2016-08-17",
        "status": "O",
        "client": 609
    }
},
{
    "model": "order.order",
    "pk": 837,
    "fields": {
        "creation_date": "2016-08-17",
        "delivery_date": "2016-08-17",
        "status": "O",
        "client": 610
    }
},
{
    "model": "order.order",
    "pk": 838,
    "fields": {
        "creation_date": "2016-08-17",
        "delivery_date": "2016-08-17",
        "status": "O",
        "client": 611
    }
},
{
    "model": "order.order",
    "pk": 839,
    "fields": {
        "creation_date": "2016-08-17",
        "delivery_date": "2016-08-17",
        "status": "O",
        "client": 612
    }
},
{
    "model": "order.order",
    "pk": 840,
    "fields": {
        "creation_date": "2016-08-18",
        "delivery_date": "2016-08-18",
        "status": "O",
        "client": 606
    }
},
{
    "model": "order.order",
    "pk": 841,
    "fields": {
        "creation_date": "2016-08-18",
        "delivery_date": "2016-08-18",
        "status": "O",
        "client": 607
    }
},
{
    "model": "order.order",
    "pk": 842,
    "fields": {
        "creation_date": "2016-08-18",
        "delivery_date": "2016-08-18",
        "status": "O",
        "client": 608
    }
},
{
    "model": "order.order",
    "pk": 843,
    "fields": {
        "creation_date": "2016-08-18",
        "delivery_date": "2016-08-18",
        "status": "O",
        "client": 609
    }
},
{
    "model": "order.order",
    "pk": 844,
    "fields": {
        "creation_date": "2016-08-18",
        "delivery_date": "2016-08-18",
        "status": "O",
        "client": 610
    }
},
{
    "model": "order.order",
    "pk": 845,
    "fields": {
        "creation_date": "2016-08-18",
        "delivery_date": "2016-08-18",
        "status": "O",
        "client": 611
    }
},
{
    "model": "order.order",
    "pk": 846,
    "fields": {
        "creation_date": "2016-08-18",
        "delivery_date": "2016-08-18",
        "status": "O",
        "client": 612
    }
},
{
    "model": "order.order",
    "pk": 854,
    "fields": {
        "creation_date": "2016-08-22",
        "delivery_date": "2016-08-22",
        "status": "O",
        "client": 606
    }
},
{
    "model": "order.order",
    "pk": 855,
    "fields": {
        "creation_date": "2016-08-22",
        "delivery_date": "2016-08-22",
        "status": "O",
        "client": 607
    }
},
{
    "model": "order.order",
    "pk": 856,
    "fields": {
        "creation_date": "2016-08-22",
        "delivery_date": "2016-08-22",
        "status": "O",
        "client": 608
    }
},
{
    "model": "order.order",
    "pk": 857,
    "fields": {
        "creation_date": "2016-08-22",
        "delivery_date": "2016-08-22",
        "status": "O",
        "client": 609
    }
},
{
    "model": "order.order",
    "pk": 858,
    "fields": {
        "creation_date": "2016-08-22",
        "delivery_date": "2016-08-22",
        "status": "O",
        "client": 610
    }
},
{
    "model": "order.order",
    "pk": 859,
    "fields": {
        "creation_date": "2016-08-22",
        "delivery_date": "2016-08-22",
        "status": "O",
        "client": 611
    }
},
{
    "model": "order.order",
    "pk": 860,
    "fields": {
        "creation_date": "2016-08-22",
        "delivery_date": "2016-08-22",
        "status": "O",
        "client": 612
    }
},
{
    "model": "order.order",
    "pk": 861,
    "fields": {
        "creation_date": "2016-08-24",
        "delivery_date": "2016-08-24",
        "status": "O",
        "client": 606
    }
},
{
    "model": "order.order",
    "pk": 862,
    "fields": {
        "creation_date": "2016-08-24",
        "delivery_date": "2016-08-24",
        "status": "O",
        "client": 607
    }
},
{
    "model": "order.order",
    "pk": 863,
    "fields": {
        "creation_date": "2016-08-24",
        "delivery_date": "2016-08-24",
        "status": "O",
        "client": 608
    }
},
{
    "model": "order.order",
    "pk": 864,
    "fields": {
        "creation_date": "2016-08-24",
        "delivery_date": "2016-08-24",
        "status": "O",
        "client": 609
    }
},
{
    "model": "order.order",
    "pk": 865,
    "fields": {
        "creation_date": "2016-08-24",
        "delivery_date": "2016-08-24",
        "status": "O",
        "client": 610
    }
},
{
    "model": "order.order",
    "pk": 866,
    "fields": {
        "creation_date": "2016-08-24",
        "delivery_date": "2016-08-24",
        "status": "O",
        "client": 611
    }
},
{
    "model": "order.order",
    "pk": 867,
    "fields": {
        "creation_date": "2016-08-24",
        "delivery_date": "2016-08-24",
        "status": "O",
        "client": 612
    }
},
{
    "model": "order.order",
    "pk": 868,
    "fields": {
        "creation_date": "2016-08-25",
        "delivery_date": "2016-08-25",
        "status": "O",
        "client": 606
    }
},
{
    "model": "order.order",
    "pk": 869,
    "fields": {
        "creation_date": "2016-08-25",
        "delivery_date": "2016-08-25",
        "status": "O",
        "client": 607
    }
},
{
    "model": "order.order",
    "pk": 870,
    "fields": {
        "creation_date": "2016-08-25",
        "delivery_date": "2016-08-25",
        "status": "O",
        "client": 608
    }
},
{
    "model": "order.order",
    "pk": 871,
    "fields": {
        "creation_date": "2016-08-25",
        "delivery_date": "2016-08-25",
        "status": "O",
        "client": 609
    }
},
{
    "model": "order.order",
    "pk": 872,
    "fields": {
        "creation_date": "2016-08-25",
        "delivery_date": "2016-08-25",
        "status": "O",
        "client": 610
    }
},
{
    "model": "order.order",
    "pk": 873,
    "fields": {
        "creation_date": "2016-08-25",
        "delivery_date": "2016-08-25",
        "status": "O",
        "client": 611
    }
},
{
    "model": "order.order",
    "pk": 874,
    "fields": {
        "creation_date": "2016-08-25",
        "delivery_date": "2016-08-25",
        "status": "O",
        "client": 612
    }
},
{
    "model": "order.order",
    "pk": 875,
    "fields": {
        "creation_date": "2016-08-26",
        "delivery_date": "2016-08-26",
        "status": "O",
        "client": 606
    }
},
{
    "model": "order.order",
    "pk": 876,
    "fields": {
        "creation_date": "2016-08-26",
        "delivery_date": "2016-08-26",
        "status": "O",
        "client": 607
    }
},
{
    "model": "order.order",
    "pk": 877,
    "fields": {
        "creation_date": "2016-08-26",
        "delivery_date": "2016-08-26",
        "status": "O",
        "client": 608
    }
},
{
    "model": "order.order",
    "pk": 878,
    "fields": {
        "creation_date": "2016-08-26",
        "delivery_date": "2016-08-26",
        "status": "O",
        "client": 609
    }
},
{
    "model": "order.order",
    "pk": 879,
    "fields": {
        "creation_date": "2016-08-26",
        "delivery_date": "2016-08-26",
        "status": "O",
        "client": 610
    }
},
{
    "model": "order.order",
    "pk": 880,
    "fields": {
        "creation_date": "2016-08-26",
        "delivery_date": "2016-08-26",
        "status": "O",
        "client": 611
    }
},
{
    "model": "order.order",
    "pk": 881,
    "fields": {
        "creation_date": "2016-08-26",
        "delivery_date": "2016-08-26",
        "status": "O",
        "client": 612
    }
},
{
    "model": "order.order",
    "pk": 882,
    "fields": {
        "creation_date": "2016-08-27",
        "delivery_date": "2016-08-27",
        "status": "O",
        "client": 606
    }
},
{
    "model": "order.order",
    "pk": 883,
    "fields": {
        "creation_date": "2016-08-27",
        "delivery_date": "2016-08-27",
        "status": "O",
        "client": 607
    }
},
{
    "model": "order.order",
    "pk": 884,
    "fields": {
        "creation_date": "2016-08-27",
        "delivery_date": "2016-08-27",
        "status": "O",
        "client": 608
    }
},
{
    "model": "order.order",
    "pk": 885,
    "fields": {
        "creation_date": "2016-08-27",
        "delivery_date": "2016-08-27",
        "status": "O",
        "client": 609
    }
},
{
    "model": "order.order",
    "pk": 886,
    "fields": {
        "creation_date": "2016-08-27",
        "delivery_date": "2016-08-27",
        "status": "O",
        "client": 610
    }
},
{
    "model": "order.order",
    "pk": 887,
    "fields": {
        "creation_date": "2016-08-27",
        "delivery_date": "2016-08-27",
        "status": "O",
        "client": 611
    }
},
{
    "model": "order.order",
    "pk": 888,
    "fields": {
        "creation_date": "2016-08-27",
        "delivery_date": "2016-08-27",
        "status": "O",
        "client": 612
    }
},
{
    "model": "order.order",
    "pk": 889,
    "fields": {
        "creation_date": "2016-08-28",
        "delivery_date": "2016-08-28",
        "status": "O",
        "client": 606
    }
},
{
    "model": "order.order",
    "pk": 890,
    "fields": {
        "creation_date": "2016-08-28",
        "delivery_date": "2016-08-28",
        "status": "O",
        "client": 607
    }
},
{
    "model": "order.order",
    "pk": 891,
    "fields": {
        "creation_date": "2016-08-28",
        "delivery_date": "2016-08-28",
        "status": "O",
        "client": 608
    }
},
{
    "model": "order.order",
    "pk": 892,
    "fields": {
        "creation_date": "2016-08-28",
        "delivery_date": "2016-08-28",
        "status": "O",
        "client": 609
    }
},
{
    "model": "order.order",
    "pk": 893,
    "fields": {
        "creation_date": "2016-08-28",
        "delivery_date": "2016-08-28",
        "status": "O",
        "client": 610
    }
},
{
    "model": "order.order",
    "pk": 894,
    "fields": {
        "creation_date": "2016-08-28",
        "delivery_date": "2016-08-28",
        "status": "O",
        "client": 611
    }
},
{
    "model": "order.order",
    "pk": 895,
    "fields": {
        "creation_date": "2016-08-28",
        "delivery_date": "2016-08-28",
        "status": "O",
        "client": 612
    }
},
{
    "model": "order.order",
    "pk": 896,
    "fields": {
        "creation_date": "2016-08-29",
        "delivery_date": "2016-08-29",
        "status": "O",
        "client": 606
    }
},
{
    "model": "order.order",
    "pk": 897,
    "fields": {
        "creation_date": "2016-08-29",
        "delivery_date": "2016-08-29",
        "status": "O",
        "client": 607
    }
},
{
    "model": "order.order",
    "pk": 898,
    "fields": {
        "creation_date": "2016-08-29",
        "delivery_date": "2016-08-29",
        "status": "O",
        "client": 608
    }
},
{
    "model": "order.order",
    "pk": 899,
    "fields": {
        "creation_date": "2016-08-29",
        "delivery_date": "2016-08-29",
        "status": "O",
        "client": 609
    }
},
{
    "model": "order.order",
    "pk": 900,
    "fields": {
        "creation_date": "2016-08-29",
        "delivery_date": "2016-08-29",
        "status": "O",
        "client": 610
    }
},
{
    "model": "order.order",
    "pk": 901,
    "fields": {
        "creation_date": "2016-08-29",
        "delivery_date": "2016-08-29",
        "status": "O",
        "client": 611
    }
},
{
    "model": "order.order",
    "pk": 902,
    "fields": {
        "creation_date": "2016-08-29",
        "delivery_date": "2016-08-29",
        "status": "O",
        "client": 612
    }
},
{
    "model": "order.order",
    "pk": 903,
    "fields": {
        "creation_date": "2016-08-30",
        "delivery_date": "2016-08-30",
        "status": "O",
        "client": 606
    }
},
{
    "model": "order.order",
    "pk": 904,
    "fields": {
        "creation_date": "2016-08-30",
        "delivery_date": "2016-08-30",
        "status": "O",
        "client": 607
    }
},
{
    "model": "order.order",
    "pk": 905,
    "fields": {
        "creation_date": "2016-08-30",
        "delivery_date": "2016-08-30",
        "status": "O",
        "client": 608
    }
},
{
    "model": "order.order",
    "pk": 906,
    "fields": {
        "creation_date": "2016-08-30",
        "delivery_date": "2016-08-30",
        "status": "O",
        "client": 609
    }
},
{
    "model": "order.order",
    "pk": 907,
    "fields": {
        "creation_date": "2016-08-30",
        "delivery_date": "2016-08-30",
        "status": "O",
        "client": 610
    }
},
{
    "model": "order.order",
    "pk": 908,
    "fields": {
        "creation_date": "2016-08-30",
        "delivery_date": "2016-08-30",
        "status": "O",
        "client": 611
    }
},
{
    "model": "order.order",
    "pk": 909,
    "fields": {
        "creation_date": "2016-08-30",
        "delivery_date": "2016-08-30",
        "status": "O",
        "client": 612
    }
},
{
    "model": "order.order",
    "pk": 917,
    "fields": {
        "creation_date": "2016-08-31",
        "delivery_date": "2016-08-31",
        "status": "O",
        "client": 606
    }
},
{
    "model": "order.order",
    "pk": 918,
    "fields": {
        "creation_date": "2016-08-31",
        "delivery_date": "2016-08-31",
        "status": "O",
        "client": 607
    }
},
{
    "model": "order.order",
    "pk": 919,
    "fields": {
        "creation_date": "2016-08-31",
        "delivery_date": "2016-08-31",
        "status": "O",
        "client": 608
    }
},
{
    "model": "order.order",
    "pk": 920,
    "fields": {
        "creation_date": "2016-08-31",
        "delivery_date": "2016-08-31",
        "status": "O",
        "client": 609
    }
},
{
    "model": "order.order",
    "pk": 921,
    "fields": {
        "creation_date": "2016-08-31",
        "delivery_date": "2016-08-31",
        "status": "O",
        "client": 610
    }
},
{
    "model": "order.order",
    "pk": 922,
    "fields": {
        "creation_date": "2016-08-31",
        "delivery_date": "2016-08-31",
        "status": "O",
        "client": 611
    }
},
{
    "model": "order.order",
    "pk": 923,
    "fields": {
        "creation_date": "2016-08-31",
        "delivery_date": "2016-08-31",
        "status": "O",
        "client": 612
    }
},
{
    "model": "order.order",
    "pk": 924,
    "fields": {
        "creation_date": "2016-08-31",
        "delivery_date": "2016-08-31",
        "status": "O",
        "client": 870
    }
},
{
    "model": "order.order",
    "pk": 925,
    "fields": {
        "creation_date": "2016-09-01",
        "delivery_date": "2016-09-01",
        "status": "O",
        "client": 606
    }
},
{
    "model": "order.order",
    "pk": 926,
    "fields": {
        "creation_date": "2016-09-01",
        "delivery_date": "2016-09-01",
        "status": "O",
        "client": 607
    }
},
{
    "model": "order.order",
    "pk": 927,
    "fields": {
        "creation_date": "2016-09-01",
        "delivery_date": "2016-09-01",
        "status": "O",
        "client": 608
    }
},
{
    "model": "order.order",
    "pk": 928,
    "fields": {
        "creation_date": "2016-09-01",
        "delivery_date": "2016-09-01",
        "status": "O",
        "client": 609
    }
},
{
    "model": "order.order",
    "pk": 929,
    "fields": {
        "creation_date": "2016-09-01",
        "delivery_date": "2016-09-01",
        "status": "O",
        "client": 610
    }
},
{
    "model": "order.order",
    "pk": 930,
    "fields": {
        "creation_date": "2016-09-01",
        "delivery_date": "2016-09-01",
        "status": "O",
        "client": 611
    }
},
{
    "model": "order.order",
    "pk": 931,
    "fields": {
        "creation_date": "2016-09-01",
        "delivery_date": "2016-09-01",
        "status": "O",
        "client": 612
    }
},
{
    "model": "order.order_item",
    "pk": 2350,
    "fields": {
        "order": 784,
        "price": "7.00",
        "billable_flag": true,
        "size": "R",
        "order_item_type": "B component",
        "remark": "Chat with him !",
        "total_quantity": 1,
        "free_quantity": null,
        "component_group": "main_dish"
    }
},
{
    "model": "order.order_item",
    "pk": 2351,
    "fields": {
        "order": 784,
        "price": "7.00",
        "billable_flag": true,
        "size": "L",
        "order_item_type": "B component",
        "remark": "",
        "total_quantity": 1,
        "free_quantity": null,
        "component_group": "pudding"
    }
},
{
    "model": "order.order_item",
    "pk": 2352,
    "fields": {
        "order": 785,
        "price": "7.00",
        "billable_flag": true,
        "size": "L",
        "order_item_type": "B component",
        "remark": "",
        "total_quantity": 2,
        "free_quantity": null,
        "component_group": "main_dish"
    }
},
{
    "model": "order.order_item",
    "pk": 2353,
    "fields": {
        "order": 785,
        "price": "7.00",
        "billable_flag": true,
        "size": "L",
        "order_item_type": "B component",
        "remark": "",
        "total_quantity": 2,
        "free_quantity": null,
        "component_group": "dessert"
    }
},
{
    "model": "order.order_item",
    "pk": 2354,
    "fields": {
        "order": 784,
        "price": "7.00",
        "billable_flag": true,
        "size": "L",
        "order_item_type": "B component",
        "remark": "",
        "total_quantity": 1,
        "free_quantity": null,
        "component_group": "green_salad"
    }
},
{
    "model": "order.order_item",
    "pk": 2355,
    "fields": {
        "order": 786,
        "price": "7.00",
        "billable_flag": true,
        "size": "L",
        "order_item_type": "B component",
        "remark": "",
        "total_quantity": 1,
        "free_quantity": null,
        "component_group": "main_dish"
    }
},
{
    "model": "order.order_item",
    "pk": 2356,
    "fields": {
        "order": 786,
        "price": "7.00",
        "billable_flag": true,
        "size": "L",
        "order_item_type": "B component",
        "remark": "",
        "total_quantity": 1,
        "free_quantity": null,
        "component_group": "fruit_salad"
    }
},
{
    "model": "order.order_item",
    "pk": 2357,
    "fields": {
        "order": 787,
        "price": "7.00",
        "billable_flag": true,
        "size": "L",
        "order_item_type": "B component",
        "remark": "",
        "total_quantity": 1,
        "free_quantity": null,
        "component_group": "main_dish"
    }
},
{
    "model": "order.order_item",
    "pk": 2358,
    "fields": {
        "order": 787,
        "price": "7.00",
        "billable_flag": true,
        "size": "L",
        "order_item_type": "B component",
        "remark": "Check out his garden",
        "total_quantity": 1,
        "free_quantity": null,
        "component_group": "diabetic"
    }
},
{
    "model": "order.order_item",
    "pk": 2359,
    "fields": {
        "order": 788,
        "price": "7.00",
        "billable_flag": true,
        "size": "L",
        "order_item_type": "B component",
        "remark": "",
        "total_quantity": 1,
        "free_quantity": null,
        "component_group": "main_dish"
    }
},
{
    "model": "order.order_item",
    "pk": 2360,
    "fields": {
        "order": 788,
        "price": "7.00",
        "billable_flag": true,
        "size": "L",
        "order_item_type": "B component",
        "remark": "Check out his garden",
        "total_quantity": 1,
        "free_quantity": null,
        "component_group": "fruit_salad"
    }
},
{
    "model": "order.order_item",
    "pk": 2361,
    "fields": {
        "order": 789,
        "price": "7.00",
        "billable_flag": true,
        "size": "R",
        "order_item_type": "B component",
        "remark": "",
        "total_quantity": 1,
        "free_quantity": null,
        "component_group": "main_dish"
    }
},
{
    "model": "order.order_item",
    "pk": 2362,
    "fields": {
        "order": 789,
        "price": "7.00",
        "billable_flag": true,
        "size": "L",
        "order_item_type": "B component",
        "remark": "Check out his garden",
        "total_quantity": 1,
        "free_quantity": null,
        "component_group": "fruit_salad"
    }
},
{
    "model": "order.order_item",
    "pk": 2363,
    "fields": {
        "order": 790,
        "price": "7.00",
        "billable_flag": true,
        "size": "R",
        "order_item_type": "B component",
        "remark": "",
        "total_quantity": 1,
        "free_quantity": null,
        "component_group": "main_dish"
    }
},
{
    "model": "order.order_item",
    "pk": 2364,
    "fields": {
        "order": 790,
        "price": "7.00",
        "billable_flag": true,
        "size": "L",
        "order_item_type": "B component",
        "remark": "Check out his garden",
        "total_quantity": 1,
        "free_quantity": null,
        "component_group": "fruit_salad"
    }
},
{
    "model": "order.order_item",
    "pk": 2365,
    "fields": {
        "order": 791,
        "price": "16.00",
        "billable_flag": true,
        "size": "L",
        "order_item_type": "B component",
        "remark": "",
        "total_quantity": 2,
        "free_quantity": 0,
        "component_group": "main_dish"
    }
},
{
    "model": "order.order_item",
    "pk": 2366,
    "fields": {
        "order": 791,
        "price": "0.00",
        "billable_flag": true,
        "size": "L",
        "order_item_type": "B component",
        "remark": "",
        "total_quantity": 1,
        "free_quantity": 1,
        "component_group": "dessert"
    }
},
{
    "model": "order.order_item",
    "pk": 2367,
    "fields": {
        "order": 791,
        "price": "0.00",
        "billable_flag": true,
        "size": "L",
        "order_item_type": "B component",
        "remark": "",
        "total_quantity": 1,
        "free_quantity": 1,
        "component_group": "green_salad"
    }
},
{
    "model": "order.order_item",
    "pk": 2368,
    "fields": {
        "order": 791,
        "price": "1.00",
        "billable_flag": true,
        "size": "L",
        "order_item_type": "B component",
        "remark": "",
        "total_quantity": 1,
        "free_quantity": 0,
        "component_group": "pudding"
    }
},
{
    "model": "order.order_item",
    "pk": 2369,
    "fields": {
        "order": 792,
        "price": "8.00",
        "billable_flag": true,
        "size": "R",
        "order_item_type": "B component",
        "remark": "",
        "total_quantity": 1,
        "free_quantity": 0,
        "component_group": "main_dish"
    }
},
{
    "model": "order.order_item",
    "pk": 2370,
    "fields": {
        "order": 792,
        "price": "0.00",
        "billable_flag": true,
        "size": "R",
        "order_item_type": "B component",
        "remark": "",
        "total_quantity": 1,
        "free_quantity": 1,
        "component_group": "dessert"
    }
},
{
    "model": "order.order_item",
    "pk": 2371,
    "fields": {
        "order": 793,
        "price": "16.00",
        "billable_flag": true,
        "size": "R",
        "order_item_type": "B component",
        "remark": "",
        "total_quantity": 2,
        "free_quantity": 0,
        "component_group": "main_dish"
    }
},
{
    "model": "order.order_item",
    "pk": 2372,
    "fields": {
        "order": 793,
        "price": "0.00",
        "billable_flag": true,
        "size": "R",
        "order_item_type": "B component",
        "remark": "",
        "total_quantity": 2,
        "free_quantity": 2,
        "component_group": "green_salad"
    }
},
{
    "model": "order.order_item",
    "pk": 2373,
    "fields": {
        "order": 794,
        "price": "8.00",
        "billable_flag": true,
        "size": "L",
        "order_item_type": "B component",
        "remark": "",
        "total_quantity": 1,
        "free_quantity": 0,
        "component_group": "main_dish"
    }
},
{
    "model": "order.order_item",
    "pk": 2374,
    "fields": {
        "order": 794,
        "price": "0.00",
        "billable_flag": true,
        "size": "L",
        "order_item_type": "B component",
        "remark": "",
        "total_quantity": 1,
        "free_quantity": 1,
        "component_group": "compote"
    }
},
{
    "model": "order.order_item",
    "pk": 2375,
    "fields": {
        "order": 795,
        "price": "8.00",
        "billable_flag": true,
        "size": "L",
        "order_item_type": "B component",
        "remark": "",
        "total_quantity": 1,
        "free_quantity": 0,
        "component_group": "main_dish"
    }
},
{
    "model": "order.order_item",
    "pk": 2376,
    "fields": {
        "order": 795,
        "price": "0.00",
        "billable_flag": true,
        "size": "L",
        "order_item_type": "B component",
        "remark": "",
        "total_quantity": 1,
        "free_quantity": 1,
        "component_group": "compote"
    }
},
{
    "model": "order.order_item",
    "pk": 2377,
    "fields": {
        "order": 796,
        "price": "8.00",
        "billable_flag": true,
        "size": "R",
        "order_item_type": "B component",
        "remark": "",
        "total_quantity": 1,
        "free_quantity": 0,
        "component_group": "main_dish"
    }
},
{
    "model": "order.order_item",
    "pk": 2378,
    "fields": {
        "order": 796,
        "price": "0.00",
        "billable_flag": true,
        "size": "R",
        "order_item_type": "B component",
        "remark": "",
        "total_quantity": 1,
        "free_quantity": 1,
        "component_group": "compote"
    }
},
{
    "model": "order.order_item",
    "pk": 2379,
    "fields": {
        "order": 797,
        "price": "8.00",
        "billable_flag": true,
        "size": "R",
        "order_item_type": "B component",
        "remark": "",
        "total_quantity": 1,
        "free_quantity": 0,
        "component_group": "main_dish"
    }
},
{
    "model": "order.order_item",
    "pk": 2380,
    "fields": {
        "order": 797,
        "price": "0.00",
        "billable_flag": true,
        "size": "R",
        "order_item_type": "B component",
        "remark": "",
        "total_quantity": 1,
        "free_quantity": 1,
        "component_group": "compote"
    }
},
{
    "model": "order.order_item",
    "pk": 2413,
    "fields": {
        "order": 812,
        "price": "16.00",
        "billable_flag": true,
        "size": "L",
        "order_item_type": "B component",
        "remark": "",
        "total_quantity": 2,
        "free_quantity": 0,
        "component_group": "main_dish"
    }
},
{
    "model": "order.order_item",
    "pk": 2414,
    "fields": {
        "order": 812,
        "price": "0.00",
        "billable_flag": true,
        "size": "L",
        "order_item_type": "B component",
        "remark": "",
        "total_quantity": 1,
        "free_quantity": 1,
        "component_group": "dessert"
    }
},
{
    "model": "order.order_item",
    "pk": 2415,
    "fields": {
        "order": 812,
        "price": "0.00",
        "billable_flag": true,
        "size": "L",
        "order_item_type": "B component",
        "remark": "",
        "total_quantity": 1,
        "free_quantity": 1,
        "component_group": "green_salad"
    }
},
{
    "model": "order.order_item",
    "pk": 2416,
    "fields": {
        "order": 812,
        "price": "1.00",
        "billable_flag": true,
        "size": "L",
        "order_item_type": "B component",
        "remark": "",
        "total_quantity": 1,
        "free_quantity": 0,
        "component_group": "pudding"
    }
},
{
    "model": "order.order_item",
    "pk": 2417,
    "fields": {
        "order": 813,
        "price": "8.00",
        "billable_flag": true,
        "size": "R",
        "order_item_type": "B component",
        "remark": "",
        "total_quantity": 1,
        "free_quantity": 0,
        "component_group": "main_dish"
    }
},
{
    "model": "order.order_item",
    "pk": 2418,
    "fields": {
        "order": 813,
        "price": "0.00",
        "billable_flag": true,
        "size": "R",
        "order_item_type": "B component",
        "remark": "",
        "total_quantity": 1,
        "free_quantity": 1,
        "component_group": "dessert"
    }
},
{
    "model": "order.order_item",
    "pk": 2419,
    "fields": {
        "order": 814,
        "price": "16.00",
        "billable_flag": true,
        "size": "R",
        "order_item_type": "B component",
        "remark": "",
        "total_quantity": 2,
        "free_quantity": 0,
        "component_group": "main_dish"
    }
},
{
    "model": "order.order_item",
    "pk": 2420,
    "fields": {
        "order": 814,
        "price": "0.00",
        "billable_flag": true,
        "size": "R",
        "order_item_type": "B component",
        "remark": "",
        "total_quantity": 2,
        "free_quantity": 2,
        "component_group": "green_salad"
    }
},
{
    "model": "order.order_item",
    "pk": 2421,
    "fields": {
        "order": 815,
        "price": "8.00",
        "billable_flag": true,
        "size": "L",
        "order_item_type": "B component",
        "remark": "",
        "total_quantity": 1,
        "free_quantity": 0,
        "component_group": "main_dish"
    }
},
{
    "model": "order.order_item",
    "pk": 2422,
    "fields": {
        "order": 815,
        "price": "0.00",
        "billable_flag": true,
        "size": "L",
        "order_item_type": "B component",
        "remark": "",
        "total_quantity": 1,
        "free_quantity": 1,
        "component_group": "compote"
    }
},
{
    "model": "order.order_item",
    "pk": 2423,
    "fields": {
        "order": 816,
        "price": "8.00",
        "billable_flag": true,
        "size": "L",
        "order_item_type": "B component",
        "remark": "",
        "total_quantity": 1,
        "free_quantity": 0,
        "component_group": "main_dish"
    }
},
{
    "model": "order.order_item",
    "pk": 2424,
    "fields": {
        "order": 816,
        "price": "0.00",
        "billable_flag": true,
        "size": "L",
        "order_item_type": "B component",
        "remark": "",
        "total_quantity": 1,
        "free_quantity": 1,
        "component_group": "compote"
    }
},
{
    "model": "order.order_item",
    "pk": 2425,
    "fields": {
        "order": 817,
        "price": "8.00",
        "billable_flag": true,
        "size": "R",
        "order_item_type": "B component",
        "remark": "",
        "total_quantity": 1,
        "free_quantity": 0,
        "component_group": "main_dish"
    }
},
{
    "model": "order.order_item",
    "pk": 2426,
    "fields": {
        "order": 817,
        "price": "0.00",
        "billable_flag": true,
        "size": "R",
        "order_item_type": "B component",
        "remark": "",
        "total_quantity": 1,
        "free_quantity": 1,
        "component_group": "compote"
    }
},
{
    "model": "order.order_item",
    "pk": 2427,
    "fields": {
        "order": 818,
        "price": "8.00",
        "billable_flag": true,
        "size": "R",
        "order_item_type": "B component",
        "remark": "",
        "total_quantity": 1,
        "free_quantity": 0,
        "component_group": "main_dish"
    }
},
{
    "model": "order.order_item",
    "pk": 2428,
    "fields": {
        "order": 818,
        "price": "0.00",
        "billable_flag": true,
        "size": "R",
        "order_item_type": "B component",
        "remark": "",
        "total_quantity": 1,
        "free_quantity": 1,
        "component_group": "compote"
    }
},
{
    "model": "order.order_item",
    "pk": 2429,
    "fields": {
        "order": 819,
        "price": "16.00",
        "billable_flag": true,
        "size": "L",
        "order_item_type": "B component",
        "remark": "",
        "total_quantity": 2,
        "free_quantity": 0,
        "component_group": "main_dish"
    }
},
{
    "model": "order.order_item",
    "pk": 2430,
    "fields": {
        "order": 819,
        "price": "0.00",
        "billable_flag": true,
        "size": "L",
        "order_item_type": "B component",
        "remark": "",
        "total_quantity": 1,
        "free_quantity": 1,
        "component_group": "dessert"
    }
},
{
    "model": "order.order_item",
    "pk": 2431,
    "fields": {
        "order": 819,
        "price": "0.00",
        "billable_flag": true,
        "size": "L",
        "order_item_type": "B component",
        "remark": "",
        "total_quantity": 1,
        "free_quantity": 1,
        "component_group": "green_salad"
    }
},
{
    "model": "order.order_item",
    "pk": 2432,
    "fields": {
        "order": 819,
        "price": "1.00",
        "billable_flag": true,
        "size": "L",
        "order_item_type": "B component",
        "remark": "",
        "total_quantity": 1,
        "free_quantity": 0,
        "component_group": "pudding"
    }
},
{
    "model": "order.order_item",
    "pk": 2433,
    "fields": {
        "order": 820,
        "price": "8.00",
        "billable_flag": true,
        "size": "R",
        "order_item_type": "B component",
        "remark": "",
        "total_quantity": 1,
        "free_quantity": 0,
        "component_group": "main_dish"
    }
},
{
    "model": "order.order_item",
    "pk": 2434,
    "fields": {
        "order": 820,
        "price": "0.00",
        "billable_flag": true,
        "size": "R",
        "order_item_type": "B component",
        "remark": "",
        "total_quantity": 1,
        "free_quantity": 1,
        "component_group": "dessert"
    }
},
{
    "model": "order.order_item",
    "pk": 2435,
    "fields": {
        "order": 821,
        "price": "16.00",
        "billable_flag": true,
        "size": "R",
        "order_item_type": "B component",
        "remark": "",
        "total_quantity": 2,
        "free_quantity": 0,
        "component_group": "main_dish"
    }
},
{
    "model": "order.order_item",
    "pk": 2436,
    "fields": {
        "order": 821,
        "price": "0.00",
        "billable_flag": true,
        "size": "R",
        "order_item_type": "B component",
        "remark": "",
        "total_quantity": 2,
        "free_quantity": 2,
        "component_group": "green_salad"
    }
},
{
    "model": "order.order_item",
    "pk": 2437,
    "fields": {
        "order": 822,
        "price": "8.00",
        "billable_flag": true,
        "size": "L",
        "order_item_type": "B component",
        "remark": "",
        "total_quantity": 1,
        "free_quantity": 0,
        "component_group": "main_dish"
    }
},
{
    "model": "order.order_item",
    "pk": 2438,
    "fields": {
        "order": 822,
        "price": "0.00",
        "billable_flag": true,
        "size": "L",
        "order_item_type": "B component",
        "remark": "",
        "total_quantity": 1,
        "free_quantity": 1,
        "component_group": "compote"
    }
},
{
    "model": "order.order_item",
    "pk": 2439,
    "fields": {
        "order": 823,
        "price": "8.00",
        "billable_flag": true,
        "size": "L",
        "order_item_type": "B component",
        "remark": "",
        "total_quantity": 1,
        "free_quantity": 0,
        "component_group": "main_dish"
    }
},
{
    "model": "order.order_item",
    "pk": 2440,
    "fields": {
        "order": 823,
        "price": "0.00",
        "billable_flag": true,
        "size": "L",
        "order_item_type": "B component",
        "remark": "",
        "total_quantity": 1,
        "free_quantity": 1,
        "component_group": "compote"
    }
},
{
    "model": "order.order_item",
    "pk": 2441,
    "fields": {
        "order": 824,
        "price": "8.00",
        "billable_flag": true,
        "size": "R",
        "order_item_type": "B component",
        "remark": "",
        "total_quantity": 1,
        "free_quantity": 0,
        "component_group": "main_dish"
    }
},
{
    "model": "order.order_item",
    "pk": 2442,
    "fields": {
        "order": 824,
        "price": "0.00",
        "billable_flag": true,
        "size": "R",
        "order_item_type": "B component",
        "remark": "",
        "total_quantity": 1,
        "free_quantity": 1,
        "component_group": "compote"
    }
},
{
    "model": "order.order_item",
    "pk": 2443,
    "fields": {
        "order": 825,
        "price": "8.00",
        "billable_flag": true,
        "size": "R",
        "order_item_type": "B component",
        "remark": "",
        "total_quantity": 1,
        "free_quantity": 0,
        "component_group": "main_dish"
    }
},
{
    "model": "order.order_item",
    "pk": 2444,
    "fields": {
        "order": 825,
        "price": "0.00",
        "billable_flag": true,
        "size": "R",
        "order_item_type": "B component",
        "remark": "",
        "total_quantity": 1,
        "free_quantity": 1,
        "component_group": "compote"
    }
},
{
    "model": "order.order_item",
    "pk": 2445,
    "fields": {
        "order": 826,
        "price": "16.00",
        "billable_flag": true,
        "size": "L",
        "order_item_type": "B component",
        "remark": "",
        "total_quantity": 2,
        "free_quantity": 0,
        "component_group": "main_dish"
    }
},
{
    "model": "order.order_item",
    "pk": 2446,
    "fields": {
        "order": 826,
        "price": "0.00",
        "billable_flag": true,
        "size": "L",
        "order_item_type": "B component",
        "remark": "",
        "total_quantity": 1,
        "free_quantity": 1,
        "component_group": "dessert"
    }
},
{
    "model": "order.order_item",
    "pk": 2447,
    "fields": {
        "order": 826,
        "price": "0.00",
        "billable_flag": true,
        "size": "L",
        "order_item_type": "B component",
        "remark": "",
        "total_quantity": 1,
        "free_quantity": 1,
        "component_group": "green_salad"
    }
},
{
    "model": "order.order_item",
    "pk": 2448,
    "fields": {
        "order": 826,
        "price": "1.00",
        "billable_flag": true,
        "size": "L",
        "order_item_type": "B component",
        "remark": "",
        "total_quantity": 1,
        "free_quantity": 0,
        "component_group": "pudding"
    }
},
{
    "model": "order.order_item",
    "pk": 2449,
    "fields": {
        "order": 827,
        "price": "8.00",
        "billable_flag": true,
        "size": "R",
        "order_item_type": "B component",
        "remark": "",
        "total_quantity": 1,
        "free_quantity": 0,
        "component_group": "main_dish"
    }
},
{
    "model": "order.order_item",
    "pk": 2450,
    "fields": {
        "order": 827,
        "price": "0.00",
        "billable_flag": true,
        "size": "R",
        "order_item_type": "B component",
        "remark": "",
        "total_quantity": 1,
        "free_quantity": 1,
        "component_group": "dessert"
    }
},
{
    "model": "order.order_item",
    "pk": 2451,
    "fields": {
        "order": 828,
        "price": "16.00",
        "billable_flag": true,
        "size": "R",
        "order_item_type": "B component",
        "remark": "",
        "total_quantity": 2,
        "free_quantity": 0,
        "component_group": "main_dish"
    }
},
{
    "model": "order.order_item",
    "pk": 2452,
    "fields": {
        "order": 828,
        "price": "0.00",
        "billable_flag": true,
        "size": "R",
        "order_item_type": "B component",
        "remark": "",
        "total_quantity": 2,
        "free_quantity": 2,
        "component_group": "green_salad"
    }
},
{
    "model": "order.order_item",
    "pk": 2453,
    "fields": {
        "order": 829,
        "price": "8.00",
        "billable_flag": true,
        "size": "L",
        "order_item_type": "B component",
        "remark": "",
        "total_quantity": 1,
        "free_quantity": 0,
        "component_group": "main_dish"
    }
},
{
    "model": "order.order_item",
    "pk": 2454,
    "fields": {
        "order": 829,
        "price": "0.00",
        "billable_flag": true,
        "size": "L",
        "order_item_type": "B component",
        "remark": "",
        "total_quantity": 1,
        "free_quantity": 1,
        "component_group": "compote"
    }
},
{
    "model": "order.order_item",
    "pk": 2455,
    "fields": {
        "order": 830,
        "price": "8.00",
        "billable_flag": true,
        "size": "L",
        "order_item_type": "B component",
        "remark": "",
        "total_quantity": 1,
        "free_quantity": 0,
        "component_group": "main_dish"
    }
},
{
    "model": "order.order_item",
    "pk": 2456,
    "fields": {
        "order": 830,
        "price": "0.00",
        "billable_flag": true,
        "size": "L",
        "order_item_type": "B component",
        "remark": "",
        "total_quantity": 1,
        "free_quantity": 1,
        "component_group": "compote"
    }
},
{
    "model": "order.order_item",
    "pk": 2457,
    "fields": {
        "order": 831,
        "price": "8.00",
        "billable_flag": true,
        "size": "R",
        "order_item_type": "B component",
        "remark": "",
        "total_quantity": 1,
        "free_quantity": 0,
        "component_group": "main_dish"
    }
},
{
    "model": "order.order_item",
    "pk": 2458,
    "fields": {
        "order": 831,
        "price": "0.00",
        "billable_flag": true,
        "size": "R",
        "order_item_type": "B component",
        "remark": "",
        "total_quantity": 1,
        "free_quantity": 1,
        "component_group": "compote"
    }
},
{
    "model": "order.order_item",
    "pk": 2459,
    "fields": {
        "order": 832,
        "price": "8.00",
        "billable_flag": true,
        "size": "R",
        "order_item_type": "B component",
        "remark": "",
        "total_quantity": 1,
        "free_quantity": 0,
        "component_group": "main_dish"
    }
},
{
    "model": "order.order_item",
    "pk": 2460,
    "fields": {
        "order": 832,
        "price": "0.00",
        "billable_flag": true,
        "size": "R",
        "order_item_type": "B component",
        "remark": "",
        "total_quantity": 1,
        "free_quantity": 1,
        "component_group": "compote"
    }
},
{
    "model": "order.order_item",
    "pk": 2461,
    "fields": {
        "order": 833,
        "price": "16.00",
        "billable_flag": true,
        "size": "L",
        "order_item_type": "B component",
        "remark": "",
        "total_quantity": 2,
        "free_quantity": 0,
        "component_group": "main_dish"
    }
},
{
    "model": "order.order_item",
    "pk": 2462,
    "fields": {
        "order": 833,
        "price": "0.00",
        "billable_flag": true,
        "size": "L",
        "order_item_type": "B component",
        "remark": "",
        "total_quantity": 1,
        "free_quantity": 1,
        "component_group": "dessert"
    }
},
{
    "model": "order.order_item",
    "pk": 2463,
    "fields": {
        "order": 833,
        "price": "0.00",
        "billable_flag": true,
        "size": "L",
        "order_item_type": "B component",
        "remark": "",
        "total_quantity": 1,
        "free_quantity": 1,
        "component_group": "green_salad"
    }
},
{
    "model": "order.order_item",
    "pk": 2464,
    "fields": {
        "order": 833,
        "price": "1.00",
        "billable_flag": true,
        "size": "L",
        "order_item_type": "B component",
        "remark": "",
        "total_quantity": 1,
        "free_quantity": 0,
        "component_group": "pudding"
    }
},
{
    "model": "order.order_item",
    "pk": 2465,
    "fields": {
        "order": 834,
        "price": "8.00",
        "billable_flag": true,
        "size": "R",
        "order_item_type": "B component",
        "remark": "",
        "total_quantity": 1,
        "free_quantity": 0,
        "component_group": "main_dish"
    }
},
{
    "model": "order.order_item",
    "pk": 2466,
    "fields": {
        "order": 834,
        "price": "0.00",
        "billable_flag": true,
        "size": "R",
        "order_item_type": "B component",
        "remark": "",
        "total_quantity": 1,
        "free_quantity": 1,
        "component_group": "dessert"
    }
},
{
    "model": "order.order_item",
    "pk": 2467,
    "fields": {
        "order": 835,
        "price": "16.00",
        "billable_flag": true,
        "size": "R",
        "order_item_type": "B component",
        "remark": "",
        "total_quantity": 2,
        "free_quantity": 0,
        "component_group": "main_dish"
    }
},
{
    "model": "order.order_item",
    "pk": 2468,
    "fields": {
        "order": 835,
        "price": "0.00",
        "billable_flag": true,
        "size": "R",
        "order_item_type": "B component",
        "remark": "",
        "total_quantity": 2,
        "free_quantity": 2,
        "component_group": "green_salad"
    }
},
{
    "model": "order.order_item",
    "pk": 2469,
    "fields": {
        "order": 836,
        "price": "8.00",
        "billable_flag": true,
        "size": "L",
        "order_item_type": "B component",
        "remark": "",
        "total_quantity": 1,
        "free_quantity": 0,
        "component_group": "main_dish"
    }
},
{
    "model": "order.order_item",
    "pk": 2470,
    "fields": {
        "order": 836,
        "price": "0.00",
        "billable_flag": true,
        "size": "L",
        "order_item_type": "B component",
        "remark": "",
        "total_quantity": 1,
        "free_quantity": 1,
        "component_group": "compote"
    }
},
{
    "model": "order.order_item",
    "pk": 2471,
    "fields": {
        "order": 837,
        "price": "8.00",
        "billable_flag": true,
        "size": "L",
        "order_item_type": "B component",
        "remark": "",
        "total_quantity": 1,
        "free_quantity": 0,
        "component_group": "main_dish"
    }
},
{
    "model": "order.order_item",
    "pk": 2472,
    "fields": {
        "order": 837,
        "price": "0.00",
        "billable_flag": true,
        "size": "L",
        "order_item_type": "B component",
        "remark": "",
        "total_quantity": 1,
        "free_quantity": 1,
        "component_group": "compote"
    }
},
{
    "model": "order.order_item",
    "pk": 2473,
    "fields": {
        "order": 838,
        "price": "8.00",
        "billable_flag": true,
        "size": "R",
        "order_item_type": "B component",
        "remark": "",
        "total_quantity": 1,
        "free_quantity": 0,
        "component_group": "main_dish"
    }
},
{
    "model": "order.order_item",
    "pk": 2474,
    "fields": {
        "order": 838,
        "price": "0.00",
        "billable_flag": true,
        "size": "R",
        "order_item_type": "B component",
        "remark": "",
        "total_quantity": 1,
        "free_quantity": 1,
        "component_group": "compote"
    }
},
{
    "model": "order.order_item",
    "pk": 2475,
    "fields": {
        "order": 839,
        "price": "8.00",
        "billable_flag": true,
        "size": "R",
        "order_item_type": "B component",
        "remark": "",
        "total_quantity": 1,
        "free_quantity": 0,
        "component_group": "main_dish"
    }
},
{
    "model": "order.order_item",
    "pk": 2476,
    "fields": {
        "order": 839,
        "price": "0.00",
        "billable_flag": true,
        "size": "R",
        "order_item_type": "B component",
        "remark": "",
        "total_quantity": 1,
        "free_quantity": 1,
        "component_group": "compote"
    }
},
{
    "model": "order.order_item",
    "pk": 2477,
    "fields": {
        "order": 840,
        "price": "16.00",
        "billable_flag": true,
        "size": "L",
        "order_item_type": "B component",
        "remark": "",
        "total_quantity": 2,
        "free_quantity": 0,
        "component_group": "main_dish"
    }
},
{
    "model": "order.order_item",
    "pk": 2478,
    "fields": {
        "order": 840,
        "price": "0.00",
        "billable_flag": true,
        "size": "L",
        "order_item_type": "B component",
        "remark": "",
        "total_quantity": 1,
        "free_quantity": 1,
        "component_group": "dessert"
    }
},
{
    "model": "order.order_item",
    "pk": 2479,
    "fields": {
        "order": 840,
        "price": "0.00",
        "billable_flag": true,
        "size": "L",
        "order_item_type": "B component",
        "remark": "",
        "total_quantity": 1,
        "free_quantity": 1,
        "component_group": "green_salad"
    }
},
{
    "model": "order.order_item",
    "pk": 2480,
    "fields": {
        "order": 840,
        "price": "1.00",
        "billable_flag": true,
        "size": "L",
        "order_item_type": "B component",
        "remark": "",
        "total_quantity": 1,
        "free_quantity": 0,
        "component_group": "pudding"
    }
},
{
    "model": "order.order_item",
    "pk": 2481,
    "fields": {
        "order": 841,
        "price": "8.00",
        "billable_flag": true,
        "size": "R",
        "order_item_type": "B component",
        "remark": "",
        "total_quantity": 1,
        "free_quantity": 0,
        "component_group": "main_dish"
    }
},
{
    "model": "order.order_item",
    "pk": 2482,
    "fields": {
        "order": 841,
        "price": "0.00",
        "billable_flag": true,
        "size": "R",
        "order_item_type": "B component",
        "remark": "",
        "total_quantity": 1,
        "free_quantity": 1,
        "component_group": "dessert"
    }
},
{
    "model": "order.order_item",
    "pk": 2483,
    "fields": {
        "order": 842,
        "price": "16.00",
        "billable_flag": true,
        "size": "R",
        "order_item_type": "B component",
        "remark": "",
        "total_quantity": 2,
        "free_quantity": 0,
        "component_group": "main_dish"
    }
},
{
    "model": "order.order_item",
    "pk": 2484,
    "fields": {
        "order": 842,
        "price": "0.00",
        "billable_flag": true,
        "size": "R",
        "order_item_type": "B component",
        "remark": "",
        "total_quantity": 2,
        "free_quantity": 2,
        "component_group": "green_salad"
    }
},
{
    "model": "order.order_item",
    "pk": 2485,
    "fields": {
        "order": 843,
        "price": "8.00",
        "billable_flag": true,
        "size": "L",
        "order_item_type": "B component",
        "remark": "",
        "total_quantity": 1,
        "free_quantity": 0,
        "component_group": "main_dish"
    }
},
{
    "model": "order.order_item",
    "pk": 2486,
    "fields": {
        "order": 843,
        "price": "0.00",
        "billable_flag": true,
        "size": "L",
        "order_item_type": "B component",
        "remark": "",
        "total_quantity": 1,
        "free_quantity": 1,
        "component_group": "compote"
    }
},
{
    "model": "order.order_item",
    "pk": 2487,
    "fields": {
        "order": 844,
        "price": "8.00",
        "billable_flag": true,
        "size": "L",
        "order_item_type": "B component",
        "remark": "",
        "total_quantity": 1,
        "free_quantity": 0,
        "component_group": "main_dish"
    }
},
{
    "model": "order.order_item",
    "pk": 2488,
    "fields": {
        "order": 844,
        "price": "0.00",
        "billable_flag": true,
        "size": "L",
        "order_item_type": "B component",
        "remark": "",
        "total_quantity": 1,
        "free_quantity": 1,
        "component_group": "compote"
    }
},
{
    "model": "order.order_item",
    "pk": 2489,
    "fields": {
        "order": 845,
        "price": "8.00",
        "billable_flag": true,
        "size": "R",
        "order_item_type": "B component",
        "remark": "",
        "total_quantity": 1,
        "free_quantity": 0,
        "component_group": "main_dish"
    }
},
{
    "model": "order.order_item",
    "pk": 2490,
    "fields": {
        "order": 845,
        "price": "0.00",
        "billable_flag": true,
        "size": "R",
        "order_item_type": "B component",
        "remark": "",
        "total_quantity": 1,
        "free_quantity": 1,
        "component_group": "compote"
    }
},
{
    "model": "order.order_item",
    "pk": 2491,
    "fields": {
        "order": 846,
        "price": "8.00",
        "billable_flag": true,
        "size": "R",
        "order_item_type": "B component",
        "remark": "",
        "total_quantity": 1,
        "free_quantity": 0,
        "component_group": "main_dish"
    }
},
{
    "model": "order.order_item",
    "pk": 2492,
    "fields": {
        "order": 846,
        "price": "0.00",
        "billable_flag": true,
        "size": "R",
        "order_item_type": "B component",
        "remark": "",
        "total_quantity": 1,
        "free_quantity": 1,
        "component_group": "compote"
    }
},
{
    "model": "order.order_item",
    "pk": 2509,
    "fields": {
        "order": 854,
        "price": "16.00",
        "billable_flag": true,
        "size": "L",
        "order_item_type": "B component",
        "remark": "",
        "total_quantity": 2,
        "free_quantity": 0,
        "component_group": "main_dish"
    }
},
{
    "model": "order.order_item",
    "pk": 2510,
    "fields": {
        "order": 854,
        "price": "0.00",
        "billable_flag": true,
        "size": "L",
        "order_item_type": "B component",
        "remark": "",
        "total_quantity": 1,
        "free_quantity": 1,
        "component_group": "dessert"
    }
},
{
    "model": "order.order_item",
    "pk": 2511,
    "fields": {
        "order": 854,
        "price": "0.00",
        "billable_flag": true,
        "size": "L",
        "order_item_type": "B component",
        "remark": "",
        "total_quantity": 1,
        "free_quantity": 1,
        "component_group": "green_salad"
    }
},
{
    "model": "order.order_item",
    "pk": 2512,
    "fields": {
        "order": 854,
        "price": "1.00",
        "billable_flag": true,
        "size": "L",
        "order_item_type": "B component",
        "remark": "",
        "total_quantity": 1,
        "free_quantity": 0,
        "component_group": "pudding"
    }
},
{
    "model": "order.order_item",
    "pk": 2513,
    "fields": {
        "order": 855,
        "price": "8.00",
        "billable_flag": true,
        "size": "R",
        "order_item_type": "B component",
        "remark": "",
        "total_quantity": 1,
        "free_quantity": 0,
        "component_group": "main_dish"
    }
},
{
    "model": "order.order_item",
    "pk": 2514,
    "fields": {
        "order": 855,
        "price": "0.00",
        "billable_flag": true,
        "size": "R",
        "order_item_type": "B component",
        "remark": "",
        "total_quantity": 1,
        "free_quantity": 1,
        "component_group": "dessert"
    }
},
{
    "model": "order.order_item",
    "pk": 2515,
    "fields": {
        "order": 856,
        "price": "16.00",
        "billable_flag": true,
        "size": "R",
        "order_item_type": "B component",
        "remark": "",
        "total_quantity": 2,
        "free_quantity": 0,
        "component_group": "main_dish"
    }
},
{
    "model": "order.order_item",
    "pk": 2516,
    "fields": {
        "order": 856,
        "price": "0.00",
        "billable_flag": true,
        "size": "R",
        "order_item_type": "B component",
        "remark": "",
        "total_quantity": 2,
        "free_quantity": 2,
        "component_group": "green_salad"
    }
},
{
    "model": "order.order_item",
    "pk": 2517,
    "fields": {
        "order": 857,
        "price": "8.00",
        "billable_flag": true,
        "size": "L",
        "order_item_type": "B component",
        "remark": "",
        "total_quantity": 1,
        "free_quantity": 0,
        "component_group": "main_dish"
    }
},
{
    "model": "order.order_item",
    "pk": 2518,
    "fields": {
        "order": 857,
        "price": "0.00",
        "billable_flag": true,
        "size": "L",
        "order_item_type": "B component",
        "remark": "",
        "total_quantity": 1,
        "free_quantity": 1,
        "component_group": "compote"
    }
},
{
    "model": "order.order_item",
    "pk": 2519,
    "fields": {
        "order": 858,
        "price": "8.00",
        "billable_flag": true,
        "size": "L",
        "order_item_type": "B component",
        "remark": "",
        "total_quantity": 1,
        "free_quantity": 0,
        "component_group": "main_dish"
    }
},
{
    "model": "order.order_item",
    "pk": 2520,
    "fields": {
        "order": 858,
        "price": "0.00",
        "billable_flag": true,
        "size": "L",
        "order_item_type": "B component",
        "remark": "",
        "total_quantity": 1,
        "free_quantity": 1,
        "component_group": "compote"
    }
},
{
    "model": "order.order_item",
    "pk": 2521,
    "fields": {
        "order": 859,
        "price": "8.00",
        "billable_flag": true,
        "size": "R",
        "order_item_type": "B component",
        "remark": "",
        "total_quantity": 1,
        "free_quantity": 0,
        "component_group": "main_dish"
    }
},
{
    "model": "order.order_item",
    "pk": 2522,
    "fields": {
        "order": 859,
        "price": "0.00",
        "billable_flag": true,
        "size": "R",
        "order_item_type": "B component",
        "remark": "",
        "total_quantity": 1,
        "free_quantity": 1,
        "component_group": "compote"
    }
},
{
    "model": "order.order_item",
    "pk": 2523,
    "fields": {
        "order": 860,
        "price": "8.00",
        "billable_flag": true,
        "size": "R",
        "order_item_type": "B component",
        "remark": "",
        "total_quantity": 1,
        "free_quantity": 0,
        "component_group": "main_dish"
    }
},
{
    "model": "order.order_item",
    "pk": 2524,
    "fields": {
        "order": 860,
        "price": "0.00",
        "billable_flag": true,
        "size": "R",
        "order_item_type": "B component",
        "remark": "",
        "total_quantity": 1,
        "free_quantity": 1,
        "component_group": "compote"
    }
},
{
    "model": "order.order_item",
    "pk": 2525,
    "fields": {
        "order": 861,
        "price": "16.00",
        "billable_flag": true,
        "size": "L",
        "order_item_type": "B component",
        "remark": "",
        "total_quantity": 2,
        "free_quantity": 0,
        "component_group": "main_dish"
    }
},
{
    "model": "order.order_item",
    "pk": 2526,
    "fields": {
        "order": 861,
        "price": "0.00",
        "billable_flag": true,
        "size": "L",
        "order_item_type": "B component",
        "remark": "",
        "total_quantity": 1,
        "free_quantity": 1,
        "component_group": "dessert"
    }
},
{
    "model": "order.order_item",
    "pk": 2527,
    "fields": {
        "order": 861,
        "price": "0.00",
        "billable_flag": true,
        "size": "L",
        "order_item_type": "B component",
        "remark": "",
        "total_quantity": 1,
        "free_quantity": 1,
        "component_group": "green_salad"
    }
},
{
    "model": "order.order_item",
    "pk": 2528,
    "fields": {
        "order": 861,
        "price": "1.00",
        "billable_flag": true,
        "size": "L",
        "order_item_type": "B component",
        "remark": "",
        "total_quantity": 1,
        "free_quantity": 0,
        "component_group": "pudding"
    }
},
{
    "model": "order.order_item",
    "pk": 2529,
    "fields": {
        "order": 862,
        "price": "8.00",
        "billable_flag": true,
        "size": "R",
        "order_item_type": "B component",
        "remark": "",
        "total_quantity": 1,
        "free_quantity": 0,
        "component_group": "main_dish"
    }
},
{
    "model": "order.order_item",
    "pk": 2530,
    "fields": {
        "order": 862,
        "price": "0.00",
        "billable_flag": true,
        "size": "R",
        "order_item_type": "B component",
        "remark": "",
        "total_quantity": 1,
        "free_quantity": 1,
        "component_group": "dessert"
    }
},
{
    "model": "order.order_item",
    "pk": 2531,
    "fields": {
        "order": 863,
        "price": "16.00",
        "billable_flag": true,
        "size": "R",
        "order_item_type": "B component",
        "remark": "",
        "total_quantity": 2,
        "free_quantity": 0,
        "component_group": "main_dish"
    }
},
{
    "model": "order.order_item",
    "pk": 2532,
    "fields": {
        "order": 863,
        "price": "0.00",
        "billable_flag": true,
        "size": "R",
        "order_item_type": "B component",
        "remark": "",
        "total_quantity": 2,
        "free_quantity": 2,
        "component_group": "green_salad"
    }
},
{
    "model": "order.order_item",
    "pk": 2533,
    "fields": {
        "order": 864,
        "price": "8.00",
        "billable_flag": true,
        "size": "L",
        "order_item_type": "B component",
        "remark": "",
        "total_quantity": 1,
        "free_quantity": 0,
        "component_group": "main_dish"
    }
},
{
    "model": "order.order_item",
    "pk": 2534,
    "fields": {
        "order": 864,
        "price": "0.00",
        "billable_flag": true,
        "size": "L",
        "order_item_type": "B component",
        "remark": "",
        "total_quantity": 1,
        "free_quantity": 1,
        "component_group": "compote"
    }
},
{
    "model": "order.order_item",
    "pk": 2535,
    "fields": {
        "order": 865,
        "price": "8.00",
        "billable_flag": true,
        "size": "L",
        "order_item_type": "B component",
        "remark": "",
        "total_quantity": 1,
        "free_quantity": 0,
        "component_group": "main_dish"
    }
},
{
    "model": "order.order_item",
    "pk": 2536,
    "fields": {
        "order": 865,
        "price": "0.00",
        "billable_flag": true,
        "size": "L",
        "order_item_type": "B component",
        "remark": "",
        "total_quantity": 1,
        "free_quantity": 1,
        "component_group": "compote"
    }
},
{
    "model": "order.order_item",
    "pk": 2537,
    "fields": {
        "order": 866,
        "price": "8.00",
        "billable_flag": true,
        "size": "R",
        "order_item_type": "B component",
        "remark": "",
        "total_quantity": 1,
        "free_quantity": 0,
        "component_group": "main_dish"
    }
},
{
    "model": "order.order_item",
    "pk": 2538,
    "fields": {
        "order": 866,
        "price": "0.00",
        "billable_flag": true,
        "size": "R",
        "order_item_type": "B component",
        "remark": "",
        "total_quantity": 1,
        "free_quantity": 1,
        "component_group": "compote"
    }
},
{
    "model": "order.order_item",
    "pk": 2539,
    "fields": {
        "order": 867,
        "price": "8.00",
        "billable_flag": true,
        "size": "R",
        "order_item_type": "B component",
        "remark": "",
        "total_quantity": 1,
        "free_quantity": 0,
        "component_group": "main_dish"
    }
},
{
    "model": "order.order_item",
    "pk": 2540,
    "fields": {
        "order": 867,
        "price": "0.00",
        "billable_flag": true,
        "size": "R",
        "order_item_type": "B component",
        "remark": "",
        "total_quantity": 1,
        "free_quantity": 1,
        "component_group": "compote"
    }
},
{
    "model": "order.order_item",
    "pk": 2541,
    "fields": {
        "order": 868,
        "price": "16.00",
        "billable_flag": true,
        "size": "L",
        "order_item_type": "B component",
        "remark": "",
        "total_quantity": 2,
        "free_quantity": 0,
        "component_group": "main_dish"
    }
},
{
    "model": "order.order_item",
    "pk": 2542,
    "fields": {
        "order": 868,
        "price": "0.00",
        "billable_flag": true,
        "size": "L",
        "order_item_type": "B component",
        "remark": "",
        "total_quantity": 1,
        "free_quantity": 1,
        "component_group": "dessert"
    }
},
{
    "model": "order.order_item",
    "pk": 2543,
    "fields": {
        "order": 868,
        "price": "0.00",
        "billable_flag": true,
        "size": "L",
        "order_item_type": "B component",
        "remark": "",
        "total_quantity": 1,
        "free_quantity": 1,
        "component_group": "green_salad"
    }
},
{
    "model": "order.order_item",
    "pk": 2544,
    "fields": {
        "order": 868,
        "price": "1.00",
        "billable_flag": true,
        "size": "L",
        "order_item_type": "B component",
        "remark": "",
        "total_quantity": 1,
        "free_quantity": 0,
        "component_group": "pudding"
    }
},
{
    "model": "order.order_item",
    "pk": 2545,
    "fields": {
        "order": 869,
        "price": "8.00",
        "billable_flag": true,
        "size": "R",
        "order_item_type": "B component",
        "remark": "",
        "total_quantity": 1,
        "free_quantity": 0,
        "component_group": "main_dish"
    }
},
{
    "model": "order.order_item",
    "pk": 2546,
    "fields": {
        "order": 869,
        "price": "0.00",
        "billable_flag": true,
        "size": "R",
        "order_item_type": "B component",
        "remark": "",
        "total_quantity": 1,
        "free_quantity": 1,
        "component_group": "dessert"
    }
},
{
    "model": "order.order_item",
    "pk": 2547,
    "fields": {
        "order": 870,
        "price": "16.00",
        "billable_flag": true,
        "size": "R",
        "order_item_type": "B component",
        "remark": "",
        "total_quantity": 2,
        "free_quantity": 0,
        "component_group": "main_dish"
    }
},
{
    "model": "order.order_item",
    "pk": 2548,
    "fields": {
        "order": 870,
        "price": "0.00",
        "billable_flag": true,
        "size": "R",
        "order_item_type": "B component",
        "remark": "",
        "total_quantity": 2,
        "free_quantity": 2,
        "component_group": "green_salad"
    }
},
{
    "model": "order.order_item",
    "pk": 2549,
    "fields": {
        "order": 871,
        "price": "8.00",
        "billable_flag": true,
        "size": "L",
        "order_item_type": "B component",
        "remark": "",
        "total_quantity": 1,
        "free_quantity": 0,
        "component_group": "main_dish"
    }
},
{
    "model": "order.order_item",
    "pk": 2550,
    "fields": {
        "order": 871,
        "price": "0.00",
        "billable_flag": true,
        "size": "L",
        "order_item_type": "B component",
        "remark": "",
        "total_quantity": 1,
        "free_quantity": 1,
        "component_group": "compote"
    }
},
{
    "model": "order.order_item",
    "pk": 2551,
    "fields": {
        "order": 872,
        "price": "8.00",
        "billable_flag": true,
        "size": "L",
        "order_item_type": "B component",
        "remark": "",
        "total_quantity": 1,
        "free_quantity": 0,
        "component_group": "main_dish"
    }
},
{
    "model": "order.order_item",
    "pk": 2552,
    "fields": {
        "order": 872,
        "price": "0.00",
        "billable_flag": true,
        "size": "L",
        "order_item_type": "B component",
        "remark": "",
        "total_quantity": 1,
        "free_quantity": 1,
        "component_group": "compote"
    }
},
{
    "model": "order.order_item",
    "pk": 2553,
    "fields": {
        "order": 873,
        "price": "8.00",
        "billable_flag": true,
        "size": "R",
        "order_item_type": "B component",
        "remark": "",
        "total_quantity": 1,
        "free_quantity": 0,
        "component_group": "main_dish"
    }
},
{
    "model": "order.order_item",
    "pk": 2554,
    "fields": {
        "order": 873,
        "price": "0.00",
        "billable_flag": true,
        "size": "R",
        "order_item_type": "B component",
        "remark": "",
        "total_quantity": 1,
        "free_quantity": 1,
        "component_group": "compote"
    }
},
{
    "model": "order.order_item",
    "pk": 2555,
    "fields": {
        "order": 874,
        "price": "8.00",
        "billable_flag": true,
        "size": "R",
        "order_item_type": "B component",
        "remark": "",
        "total_quantity": 1,
        "free_quantity": 0,
        "component_group": "main_dish"
    }
},
{
    "model": "order.order_item",
    "pk": 2556,
    "fields": {
        "order": 874,
        "price": "0.00",
        "billable_flag": true,
        "size": "R",
        "order_item_type": "B component",
        "remark": "",
        "total_quantity": 1,
        "free_quantity": 1,
        "component_group": "compote"
    }
},
{
    "model": "order.order_item",
    "pk": 2557,
    "fields": {
        "order": 875,
        "price": "16.00",
        "billable_flag": true,
        "size": "L",
        "order_item_type": "B component",
        "remark": "",
        "total_quantity": 2,
        "free_quantity": 0,
        "component_group": "main_dish"
    }
},
{
    "model": "order.order_item",
    "pk": 2558,
    "fields": {
        "order": 875,
        "price": "0.00",
        "billable_flag": true,
        "size": "L",
        "order_item_type": "B component",
        "remark": "",
        "total_quantity": 1,
        "free_quantity": 1,
        "component_group": "dessert"
    }
},
{
    "model": "order.order_item",
    "pk": 2559,
    "fields": {
        "order": 875,
        "price": "0.00",
        "billable_flag": true,
        "size": "L",
        "order_item_type": "B component",
        "remark": "",
        "total_quantity": 1,
        "free_quantity": 1,
        "component_group": "green_salad"
    }
},
{
    "model": "order.order_item",
    "pk": 2560,
    "fields": {
        "order": 875,
        "price": "1.00",
        "billable_flag": true,
        "size": "L",
        "order_item_type": "B component",
        "remark": "",
        "total_quantity": 1,
        "free_quantity": 0,
        "component_group": "pudding"
    }
},
{
    "model": "order.order_item",
    "pk": 2561,
    "fields": {
        "order": 876,
        "price": "8.00",
        "billable_flag": true,
        "size": "R",
        "order_item_type": "B component",
        "remark": "",
        "total_quantity": 1,
        "free_quantity": 0,
        "component_group": "main_dish"
    }
},
{
    "model": "order.order_item",
    "pk": 2562,
    "fields": {
        "order": 876,
        "price": "0.00",
        "billable_flag": true,
        "size": "R",
        "order_item_type": "B component",
        "remark": "",
        "total_quantity": 1,
        "free_quantity": 1,
        "component_group": "dessert"
    }
},
{
    "model": "order.order_item",
    "pk": 2563,
    "fields": {
        "order": 877,
        "price": "16.00",
        "billable_flag": true,
        "size": "R",
        "order_item_type": "B component",
        "remark": "",
        "total_quantity": 2,
        "free_quantity": 0,
        "component_group": "main_dish"
    }
},
{
    "model": "order.order_item",
    "pk": 2564,
    "fields": {
        "order": 877,
        "price": "0.00",
        "billable_flag": true,
        "size": "R",
        "order_item_type": "B component",
        "remark": "",
        "total_quantity": 2,
        "free_quantity": 2,
        "component_group": "green_salad"
    }
},
{
    "model": "order.order_item",
    "pk": 2565,
    "fields": {
        "order": 878,
        "price": "8.00",
        "billable_flag": true,
        "size": "L",
        "order_item_type": "B component",
        "remark": "",
        "total_quantity": 1,
        "free_quantity": 0,
        "component_group": "main_dish"
    }
},
{
    "model": "order.order_item",
    "pk": 2566,
    "fields": {
        "order": 878,
        "price": "0.00",
        "billable_flag": true,
        "size": "L",
        "order_item_type": "B component",
        "remark": "",
        "total_quantity": 1,
        "free_quantity": 1,
        "component_group": "compote"
    }
},
{
    "model": "order.order_item",
    "pk": 2567,
    "fields": {
        "order": 879,
        "price": "8.00",
        "billable_flag": true,
        "size": "L",
        "order_item_type": "B component",
        "remark": "",
        "total_quantity": 1,
        "free_quantity": 0,
        "component_group": "main_dish"
    }
},
{
    "model": "order.order_item",
    "pk": 2568,
    "fields": {
        "order": 879,
        "price": "0.00",
        "billable_flag": true,
        "size": "L",
        "order_item_type": "B component",
        "remark": "",
        "total_quantity": 1,
        "free_quantity": 1,
        "component_group": "compote"
    }
},
{
    "model": "order.order_item",
    "pk": 2569,
    "fields": {
        "order": 880,
        "price": "8.00",
        "billable_flag": true,
        "size": "R",
        "order_item_type": "B component",
        "remark": "",
        "total_quantity": 1,
        "free_quantity": 0,
        "component_group": "main_dish"
    }
},
{
    "model": "order.order_item",
    "pk": 2570,
    "fields": {
        "order": 880,
        "price": "0.00",
        "billable_flag": true,
        "size": "R",
        "order_item_type": "B component",
        "remark": "",
        "total_quantity": 1,
        "free_quantity": 1,
        "component_group": "compote"
    }
},
{
    "model": "order.order_item",
    "pk": 2571,
    "fields": {
        "order": 881,
        "price": "8.00",
        "billable_flag": true,
        "size": "R",
        "order_item_type": "B component",
        "remark": "",
        "total_quantity": 1,
        "free_quantity": 0,
        "component_group": "main_dish"
    }
},
{
    "model": "order.order_item",
    "pk": 2572,
    "fields": {
        "order": 881,
        "price": "0.00",
        "billable_flag": true,
        "size": "R",
        "order_item_type": "B component",
        "remark": "",
        "total_quantity": 1,
        "free_quantity": 1,
        "component_group": "compote"
    }
},
{
    "model": "order.order_item",
    "pk": 2573,
    "fields": {
        "order": 882,
        "price": "16.00",
        "billable_flag": true,
        "size": "L",
        "order_item_type": "B component",
        "remark": "",
        "total_quantity": 2,
        "free_quantity": 0,
        "component_group": "main_dish"
    }
},
{
    "model": "order.order_item",
    "pk": 2574,
    "fields": {
        "order": 882,
        "price": "0.00",
        "billable_flag": true,
        "size": "L",
        "order_item_type": "B component",
        "remark": "",
        "total_quantity": 1,
        "free_quantity": 1,
        "component_group": "dessert"
    }
},
{
    "model": "order.order_item",
    "pk": 2575,
    "fields": {
        "order": 882,
        "price": "0.00",
        "billable_flag": true,
        "size": "L",
        "order_item_type": "B component",
        "remark": "",
        "total_quantity": 1,
        "free_quantity": 1,
        "component_group": "green_salad"
    }
},
{
    "model": "order.order_item",
    "pk": 2576,
    "fields": {
        "order": 882,
        "price": "1.00",
        "billable_flag": true,
        "size": "L",
        "order_item_type": "B component",
        "remark": "",
        "total_quantity": 1,
        "free_quantity": 0,
        "component_group": "pudding"
    }
},
{
    "model": "order.order_item",
    "pk": 2577,
    "fields": {
        "order": 883,
        "price": "8.00",
        "billable_flag": true,
        "size": "R",
        "order_item_type": "B component",
        "remark": "",
        "total_quantity": 1,
        "free_quantity": 0,
        "component_group": "main_dish"
    }
},
{
    "model": "order.order_item",
    "pk": 2578,
    "fields": {
        "order": 883,
        "price": "0.00",
        "billable_flag": true,
        "size": "R",
        "order_item_type": "B component",
        "remark": "",
        "total_quantity": 1,
        "free_quantity": 1,
        "component_group": "dessert"
    }
},
{
    "model": "order.order_item",
    "pk": 2579,
    "fields": {
        "order": 884,
        "price": "16.00",
        "billable_flag": true,
        "size": "R",
        "order_item_type": "B component",
        "remark": "",
        "total_quantity": 2,
        "free_quantity": 0,
        "component_group": "main_dish"
    }
},
{
    "model": "order.order_item",
    "pk": 2580,
    "fields": {
        "order": 884,
        "price": "0.00",
        "billable_flag": true,
        "size": "R",
        "order_item_type": "B component",
        "remark": "",
        "total_quantity": 2,
        "free_quantity": 2,
        "component_group": "green_salad"
    }
},
{
    "model": "order.order_item",
    "pk": 2581,
    "fields": {
        "order": 885,
        "price": "8.00",
        "billable_flag": true,
        "size": "L",
        "order_item_type": "B component",
        "remark": "",
        "total_quantity": 1,
        "free_quantity": 0,
        "component_group": "main_dish"
    }
},
{
    "model": "order.order_item",
    "pk": 2582,
    "fields": {
        "order": 885,
        "price": "0.00",
        "billable_flag": true,
        "size": "L",
        "order_item_type": "B component",
        "remark": "",
        "total_quantity": 1,
        "free_quantity": 1,
        "component_group": "compote"
    }
},
{
    "model": "order.order_item",
    "pk": 2583,
    "fields": {
        "order": 886,
        "price": "8.00",
        "billable_flag": true,
        "size": "L",
        "order_item_type": "B component",
        "remark": "",
        "total_quantity": 1,
        "free_quantity": 0,
        "component_group": "main_dish"
    }
},
{
    "model": "order.order_item",
    "pk": 2584,
    "fields": {
        "order": 886,
        "price": "0.00",
        "billable_flag": true,
        "size": "L",
        "order_item_type": "B component",
        "remark": "",
        "total_quantity": 1,
        "free_quantity": 1,
        "component_group": "compote"
    }
},
{
    "model": "order.order_item",
    "pk": 2585,
    "fields": {
        "order": 887,
        "price": "8.00",
        "billable_flag": true,
        "size": "R",
        "order_item_type": "B component",
        "remark": "",
        "total_quantity": 1,
        "free_quantity": 0,
        "component_group": "main_dish"
    }
},
{
    "model": "order.order_item",
    "pk": 2586,
    "fields": {
        "order": 887,
        "price": "0.00",
        "billable_flag": true,
        "size": "R",
        "order_item_type": "B component",
        "remark": "",
        "total_quantity": 1,
        "free_quantity": 1,
        "component_group": "compote"
    }
},
{
    "model": "order.order_item",
    "pk": 2587,
    "fields": {
        "order": 888,
        "price": "8.00",
        "billable_flag": true,
        "size": "R",
        "order_item_type": "B component",
        "remark": "",
        "total_quantity": 1,
        "free_quantity": 0,
        "component_group": "main_dish"
    }
},
{
    "model": "order.order_item",
    "pk": 2588,
    "fields": {
        "order": 888,
        "price": "0.00",
        "billable_flag": true,
        "size": "R",
        "order_item_type": "B component",
        "remark": "",
        "total_quantity": 1,
        "free_quantity": 1,
        "component_group": "compote"
    }
},
{
    "model": "order.order_item",
    "pk": 2589,
    "fields": {
        "order": 889,
        "price": "16.00",
        "billable_flag": true,
        "size": "L",
        "order_item_type": "B component",
        "remark": "",
        "total_quantity": 2,
        "free_quantity": 0,
        "component_group": "main_dish"
    }
},
{
    "model": "order.order_item",
    "pk": 2590,
    "fields": {
        "order": 889,
        "price": "0.00",
        "billable_flag": true,
        "size": "L",
        "order_item_type": "B component",
        "remark": "",
        "total_quantity": 1,
        "free_quantity": 1,
        "component_group": "dessert"
    }
},
{
    "model": "order.order_item",
    "pk": 2591,
    "fields": {
        "order": 889,
        "price": "0.00",
        "billable_flag": true,
        "size": "L",
        "order_item_type": "B component",
        "remark": "",
        "total_quantity": 1,
        "free_quantity": 1,
        "component_group": "green_salad"
    }
},
{
    "model": "order.order_item",
    "pk": 2592,
    "fields": {
        "order": 889,
        "price": "1.00",
        "billable_flag": true,
        "size": "L",
        "order_item_type": "B component",
        "remark": "",
        "total_quantity": 1,
        "free_quantity": 0,
        "component_group": "pudding"
    }
},
{
    "model": "order.order_item",
    "pk": 2593,
    "fields": {
        "order": 890,
        "price": "8.00",
        "billable_flag": true,
        "size": "R",
        "order_item_type": "B component",
        "remark": "",
        "total_quantity": 1,
        "free_quantity": 0,
        "component_group": "main_dish"
    }
},
{
    "model": "order.order_item",
    "pk": 2594,
    "fields": {
        "order": 890,
        "price": "0.00",
        "billable_flag": true,
        "size": "R",
        "order_item_type": "B component",
        "remark": "",
        "total_quantity": 1,
        "free_quantity": 1,
        "component_group": "dessert"
    }
},
{
    "model": "order.order_item",
    "pk": 2595,
    "fields": {
        "order": 891,
        "price": "16.00",
        "billable_flag": true,
        "size": "R",
        "order_item_type": "B component",
        "remark": "",
        "total_quantity": 2,
        "free_quantity": 0,
        "component_group": "main_dish"
    }
},
{
    "model": "order.order_item",
    "pk": 2596,
    "fields": {
        "order": 891,
        "price": "0.00",
        "billable_flag": true,
        "size": "R",
        "order_item_type": "B component",
        "remark": "",
        "total_quantity": 2,
        "free_quantity": 2,
        "component_group": "green_salad"
    }
},
{
    "model": "order.order_item",
    "pk": 2597,
    "fields": {
        "order": 892,
        "price": "8.00",
        "billable_flag": true,
        "size": "L",
        "order_item_type": "B component",
        "remark": "",
        "total_quantity": 1,
        "free_quantity": 0,
        "component_group": "main_dish"
    }
},
{
    "model": "order.order_item",
    "pk": 2598,
    "fields": {
        "order": 892,
        "price": "0.00",
        "billable_flag": true,
        "size": "L",
        "order_item_type": "B component",
        "remark": "",
        "total_quantity": 1,
        "free_quantity": 1,
        "component_group": "compote"
    }
},
{
    "model": "order.order_item",
    "pk": 2599,
    "fields": {
        "order": 893,
        "price": "8.00",
        "billable_flag": true,
        "size": "L",
        "order_item_type": "B component",
        "remark": "",
        "total_quantity": 1,
        "free_quantity": 0,
        "component_group": "main_dish"
    }
},
{
    "model": "order.order_item",
    "pk": 2600,
    "fields": {
        "order": 893,
        "price": "0.00",
        "billable_flag": true,
        "size": "L",
        "order_item_type": "B component",
        "remark": "",
        "total_quantity": 1,
        "free_quantity": 1,
        "component_group": "compote"
    }
},
{
    "model": "order.order_item",
    "pk": 2601,
    "fields": {
        "order": 894,
        "price": "8.00",
        "billable_flag": true,
        "size": "R",
        "order_item_type": "B component",
        "remark": "",
        "total_quantity": 1,
        "free_quantity": 0,
        "component_group": "main_dish"
    }
},
{
    "model": "order.order_item",
    "pk": 2602,
    "fields": {
        "order": 894,
        "price": "0.00",
        "billable_flag": true,
        "size": "R",
        "order_item_type": "B component",
        "remark": "",
        "total_quantity": 1,
        "free_quantity": 1,
        "component_group": "compote"
    }
},
{
    "model": "order.order_item",
    "pk": 2603,
    "fields": {
        "order": 895,
        "price": "8.00",
        "billable_flag": true,
        "size": "R",
        "order_item_type": "B component",
        "remark": "",
        "total_quantity": 1,
        "free_quantity": 0,
        "component_group": "main_dish"
    }
},
{
    "model": "order.order_item",
    "pk": 2604,
    "fields": {
        "order": 895,
        "price": "0.00",
        "billable_flag": true,
        "size": "R",
        "order_item_type": "B component",
        "remark": "",
        "total_quantity": 1,
        "free_quantity": 1,
        "component_group": "compote"
    }
},
{
    "model": "order.order_item",
    "pk": 2605,
    "fields": {
        "order": 896,
        "price": "16.00",
        "billable_flag": true,
        "size": "L",
        "order_item_type": "B component",
        "remark": "",
        "total_quantity": 2,
        "free_quantity": 0,
        "component_group": "main_dish"
    }
},
{
    "model": "order.order_item",
    "pk": 2606,
    "fields": {
        "order": 896,
        "price": "0.00",
        "billable_flag": true,
        "size": "L",
        "order_item_type": "B component",
        "remark": "",
        "total_quantity": 1,
        "free_quantity": 1,
        "component_group": "dessert"
    }
},
{
    "model": "order.order_item",
    "pk": 2607,
    "fields": {
        "order": 896,
        "price": "0.00",
        "billable_flag": true,
        "size": "L",
        "order_item_type": "B component",
        "remark": "",
        "total_quantity": 1,
        "free_quantity": 1,
        "component_group": "green_salad"
    }
},
{
    "model": "order.order_item",
    "pk": 2608,
    "fields": {
        "order": 896,
        "price": "1.00",
        "billable_flag": true,
        "size": "L",
        "order_item_type": "B component",
        "remark": "",
        "total_quantity": 1,
        "free_quantity": 0,
        "component_group": "pudding"
    }
},
{
    "model": "order.order_item",
    "pk": 2609,
    "fields": {
        "order": 897,
        "price": "8.00",
        "billable_flag": true,
        "size": "R",
        "order_item_type": "B component",
        "remark": "",
        "total_quantity": 1,
        "free_quantity": 0,
        "component_group": "main_dish"
    }
},
{
    "model": "order.order_item",
    "pk": 2610,
    "fields": {
        "order": 897,
        "price": "0.00",
        "billable_flag": true,
        "size": "R",
        "order_item_type": "B component",
        "remark": "",
        "total_quantity": 1,
        "free_quantity": 1,
        "component_group": "dessert"
    }
},
{
    "model": "order.order_item",
    "pk": 2611,
    "fields": {
        "order": 898,
        "price": "16.00",
        "billable_flag": true,
        "size": "R",
        "order_item_type": "B component",
        "remark": "",
        "total_quantity": 2,
        "free_quantity": 0,
        "component_group": "main_dish"
    }
},
{
    "model": "order.order_item",
    "pk": 2612,
    "fields": {
        "order": 898,
        "price": "0.00",
        "billable_flag": true,
        "size": "R",
        "order_item_type": "B component",
        "remark": "",
        "total_quantity": 2,
        "free_quantity": 2,
        "component_group": "green_salad"
    }
},
{
    "model": "order.order_item",
    "pk": 2613,
    "fields": {
        "order": 899,
        "price": "8.00",
        "billable_flag": true,
        "size": "L",
        "order_item_type": "B component",
        "remark": "",
        "total_quantity": 1,
        "free_quantity": 0,
        "component_group": "main_dish"
    }
},
{
    "model": "order.order_item",
    "pk": 2614,
    "fields": {
        "order": 899,
        "price": "0.00",
        "billable_flag": true,
        "size": "L",
        "order_item_type": "B component",
        "remark": "",
        "total_quantity": 1,
        "free_quantity": 1,
        "component_group": "compote"
    }
},
{
    "model": "order.order_item",
    "pk": 2615,
    "fields": {
        "order": 900,
        "price": "8.00",
        "billable_flag": true,
        "size": "L",
        "order_item_type": "B component",
        "remark": "",
        "total_quantity": 1,
        "free_quantity": 0,
        "component_group": "main_dish"
    }
},
{
    "model": "order.order_item",
    "pk": 2616,
    "fields": {
        "order": 900,
        "price": "0.00",
        "billable_flag": true,
        "size": "L",
        "order_item_type": "B component",
        "remark": "",
        "total_quantity": 1,
        "free_quantity": 1,
        "component_group": "compote"
    }
},
{
    "model": "order.order_item",
    "pk": 2617,
    "fields": {
        "order": 901,
        "price": "8.00",
        "billable_flag": true,
        "size": "R",
        "order_item_type": "B component",
        "remark": "",
        "total_quantity": 1,
        "free_quantity": 0,
        "component_group": "main_dish"
    }
},
{
    "model": "order.order_item",
    "pk": 2618,
    "fields": {
        "order": 901,
        "price": "0.00",
        "billable_flag": true,
        "size": "R",
        "order_item_type": "B component",
        "remark": "",
        "total_quantity": 1,
        "free_quantity": 1,
        "component_group": "compote"
    }
},
{
    "model": "order.order_item",
    "pk": 2619,
    "fields": {
        "order": 902,
        "price": "8.00",
        "billable_flag": true,
        "size": "R",
        "order_item_type": "B component",
        "remark": "",
        "total_quantity": 1,
        "free_quantity": 0,
        "component_group": "main_dish"
    }
},
{
    "model": "order.order_item",
    "pk": 2620,
    "fields": {
        "order": 902,
        "price": "0.00",
        "billable_flag": true,
        "size": "R",
        "order_item_type": "B component",
        "remark": "",
        "total_quantity": 1,
        "free_quantity": 1,
        "component_group": "compote"
    }
},
{
    "model": "order.order_item",
    "pk": 2621,
    "fields": {
        "order": 903,
        "price": "16.00",
        "billable_flag": true,
        "size": "L",
        "order_item_type": "B component",
        "remark": "",
        "total_quantity": 2,
        "free_quantity": 0,
        "component_group": "main_dish"
    }
},
{
    "model": "order.order_item",
    "pk": 2622,
    "fields": {
        "order": 903,
        "price": "0.00",
        "billable_flag": true,
        "size": "L",
        "order_item_type": "B component",
        "remark": "",
        "total_quantity": 1,
        "free_quantity": 1,
        "component_group": "dessert"
    }
},
{
    "model": "order.order_item",
    "pk": 2623,
    "fields": {
        "order": 903,
        "price": "0.00",
        "billable_flag": true,
        "size": "L",
        "order_item_type": "B component",
        "remark": "",
        "total_quantity": 1,
        "free_quantity": 1,
        "component_group": "green_salad"
    }
},
{
    "model": "order.order_item",
    "pk": 2624,
    "fields": {
        "order": 903,
        "price": "1.00",
        "billable_flag": true,
        "size": "L",
        "order_item_type": "B component",
        "remark": "",
        "total_quantity": 1,
        "free_quantity": 0,
        "component_group": "pudding"
    }
},
{
    "model": "order.order_item",
    "pk": 2625,
    "fields": {
        "order": 904,
        "price": "8.00",
        "billable_flag": true,
        "size": "R",
        "order_item_type": "B component",
        "remark": "",
        "total_quantity": 1,
        "free_quantity": 0,
        "component_group": "main_dish"
    }
},
{
    "model": "order.order_item",
    "pk": 2626,
    "fields": {
        "order": 904,
        "price": "0.00",
        "billable_flag": true,
        "size": "R",
        "order_item_type": "B component",
        "remark": "",
        "total_quantity": 1,
        "free_quantity": 1,
        "component_group": "dessert"
    }
},
{
    "model": "order.order_item",
    "pk": 2627,
    "fields": {
        "order": 905,
        "price": "16.00",
        "billable_flag": true,
        "size": "R",
        "order_item_type": "B component",
        "remark": "",
        "total_quantity": 2,
        "free_quantity": 0,
        "component_group": "main_dish"
    }
},
{
    "model": "order.order_item",
    "pk": 2628,
    "fields": {
        "order": 905,
        "price": "0.00",
        "billable_flag": true,
        "size": "R",
        "order_item_type": "B component",
        "remark": "",
        "total_quantity": 2,
        "free_quantity": 2,
        "component_group": "green_salad"
    }
},
{
    "model": "order.order_item",
    "pk": 2629,
    "fields": {
        "order": 906,
        "price": "8.00",
        "billable_flag": true,
        "size": "L",
        "order_item_type": "B component",
        "remark": "* SPECIAL *",
        "total_quantity": 1,
        "free_quantity": 0,
        "component_group": "main_dish"
    }
},
{
    "model": "order.order_item",
    "pk": 2630,
    "fields": {
        "order": 906,
        "price": "0.00",
        "billable_flag": true,
        "size": "L",
        "order_item_type": "B component",
        "remark": "",
        "total_quantity": 1,
        "free_quantity": 1,
        "component_group": "compote"
    }
},
{
    "model": "order.order_item",
    "pk": 2631,
    "fields": {
        "order": 907,
        "price": "8.00",
        "billable_flag": true,
        "size": "L",
        "order_item_type": "B component",
        "remark": "",
        "total_quantity": 1,
        "free_quantity": 0,
        "component_group": "main_dish"
    }
},
{
    "model": "order.order_item",
    "pk": 2632,
    "fields": {
        "order": 907,
        "price": "0.00",
        "billable_flag": true,
        "size": "L",
        "order_item_type": "B component",
        "remark": "",
        "total_quantity": 1,
        "free_quantity": 1,
        "component_group": "compote"
    }
},
{
    "model": "order.order_item",
    "pk": 2633,
    "fields": {
        "order": 908,
        "price": "8.00",
        "billable_flag": true,
        "size": "R",
        "order_item_type": "B component",
        "remark": "",
        "total_quantity": 1,
        "free_quantity": 0,
        "component_group": "main_dish"
    }
},
{
    "model": "order.order_item",
    "pk": 2634,
    "fields": {
        "order": 908,
        "price": "0.00",
        "billable_flag": true,
        "size": "R",
        "order_item_type": "B component",
        "remark": "",
        "total_quantity": 1,
        "free_quantity": 1,
        "component_group": "compote"
    }
},
{
    "model": "order.order_item",
    "pk": 2635,
    "fields": {
        "order": 909,
        "price": "8.00",
        "billable_flag": true,
        "size": "R",
        "order_item_type": "B component",
        "remark": "",
        "total_quantity": 1,
        "free_quantity": 0,
        "component_group": "main_dish"
    }
},
{
    "model": "order.order_item",
    "pk": 2636,
    "fields": {
        "order": 909,
        "price": "0.00",
        "billable_flag": true,
        "size": "R",
        "order_item_type": "B component",
        "remark": "",
        "total_quantity": 1,
        "free_quantity": 1,
        "component_group": "compote"
    }
},
{
    "model": "order.order_item",
    "pk": 2653,
    "fields": {
        "order": 917,
        "price": "16.00",
        "billable_flag": true,
        "size": "L",
        "order_item_type": "B component",
        "remark": "",
        "total_quantity": 2,
        "free_quantity": 0,
        "component_group": "main_dish"
    }
},
{
    "model": "order.order_item",
    "pk": 2654,
    "fields": {
        "order": 917,
        "price": "0.00",
        "billable_flag": true,
        "size": "L",
        "order_item_type": "B component",
        "remark": "",
        "total_quantity": 1,
        "free_quantity": 1,
        "component_group": "dessert"
    }
},
{
    "model": "order.order_item",
    "pk": 2655,
    "fields": {
        "order": 917,
        "price": "0.00",
        "billable_flag": true,
        "size": "L",
        "order_item_type": "B component",
        "remark": "",
        "total_quantity": 1,
        "free_quantity": 1,
        "component_group": "green_salad"
    }
},
{
    "model": "order.order_item",
    "pk": 2656,
    "fields": {
        "order": 917,
        "price": "1.00",
        "billable_flag": true,
        "size": "L",
        "order_item_type": "B component",
        "remark": "",
        "total_quantity": 1,
        "free_quantity": 0,
        "component_group": "pudding"
    }
},
{
    "model": "order.order_item",
    "pk": 2657,
    "fields": {
        "order": 918,
        "price": "8.00",
        "billable_flag": true,
        "size": "R",
        "order_item_type": "B component",
        "remark": "",
        "total_quantity": 1,
        "free_quantity": 0,
        "component_group": "main_dish"
    }
},
{
    "model": "order.order_item",
    "pk": 2658,
    "fields": {
        "order": 918,
        "price": "0.00",
        "billable_flag": true,
        "size": "R",
        "order_item_type": "B component",
        "remark": "",
        "total_quantity": 1,
        "free_quantity": 1,
        "component_group": "dessert"
    }
},
{
    "model": "order.order_item",
    "pk": 2659,
    "fields": {
        "order": 919,
        "price": "16.00",
        "billable_flag": true,
        "size": "R",
        "order_item_type": "B component",
        "remark": "",
        "total_quantity": 2,
        "free_quantity": 0,
        "component_group": "main_dish"
    }
},
{
    "model": "order.order_item",
    "pk": 2660,
    "fields": {
        "order": 919,
        "price": "0.00",
        "billable_flag": true,
        "size": "R",
        "order_item_type": "B component",
        "remark": "",
        "total_quantity": 2,
        "free_quantity": 2,
        "component_group": "green_salad"
    }
},
{
    "model": "order.order_item",
    "pk": 2661,
    "fields": {
        "order": 920,
        "price": "8.00",
        "billable_flag": true,
        "size": "L",
        "order_item_type": "B component",
        "remark": "",
        "total_quantity": 1,
        "free_quantity": 0,
        "component_group": "main_dish"
    }
},
{
    "model": "order.order_item",
    "pk": 2662,
    "fields": {
        "order": 920,
        "price": "0.00",
        "billable_flag": true,
        "size": "L",
        "order_item_type": "B component",
        "remark": "",
        "total_quantity": 1,
        "free_quantity": 1,
        "component_group": "compote"
    }
},
{
    "model": "order.order_item",
    "pk": 2663,
    "fields": {
        "order": 921,
        "price": "8.00",
        "billable_flag": true,
        "size": "L",
        "order_item_type": "B component",
        "remark": "",
        "total_quantity": 1,
        "free_quantity": 0,
        "component_group": "main_dish"
    }
},
{
    "model": "order.order_item",
    "pk": 2664,
    "fields": {
        "order": 921,
        "price": "0.00",
        "billable_flag": true,
        "size": "L",
        "order_item_type": "B component",
        "remark": "",
        "total_quantity": 1,
        "free_quantity": 1,
        "component_group": "compote"
    }
},
{
    "model": "order.order_item",
    "pk": 2665,
    "fields": {
        "order": 922,
        "price": "8.00",
        "billable_flag": true,
        "size": "R",
        "order_item_type": "B component",
        "remark": "",
        "total_quantity": 1,
        "free_quantity": 0,
        "component_group": "main_dish"
    }
},
{
    "model": "order.order_item",
    "pk": 2666,
    "fields": {
        "order": 922,
        "price": "0.00",
        "billable_flag": true,
        "size": "R",
        "order_item_type": "B component",
        "remark": "",
        "total_quantity": 1,
        "free_quantity": 1,
        "component_group": "compote"
    }
},
{
    "model": "order.order_item",
    "pk": 2667,
    "fields": {
        "order": 923,
        "price": "8.00",
        "billable_flag": true,
        "size": "R",
        "order_item_type": "B component",
        "remark": "",
        "total_quantity": 1,
        "free_quantity": 0,
        "component_group": "main_dish"
    }
},
{
    "model": "order.order_item",
    "pk": 2668,
    "fields": {
        "order": 923,
        "price": "0.00",
        "billable_flag": true,
        "size": "R",
        "order_item_type": "B component",
        "remark": "",
        "total_quantity": 1,
        "free_quantity": 1,
        "component_group": "compote"
    }
},
{
    "model": "order.order_item",
    "pk": 2669,
    "fields": {
        "order": 924,
        "price": "8.00",
        "billable_flag": true,
        "size": "R",
        "order_item_type": "B component",
        "remark": "",
        "total_quantity": 1,
        "free_quantity": 0,
        "component_group": "main_dish"
    }
},
{
    "model": "order.order_item",
    "pk": 2670,
    "fields": {
        "order": 925,
        "price": "16.00",
        "billable_flag": true,
        "size": "L",
        "order_item_type": "B component",
        "remark": "",
        "total_quantity": 2,
        "free_quantity": 0,
        "component_group": "main_dish"
    }
},
{
    "model": "order.order_item",
    "pk": 2671,
    "fields": {
        "order": 925,
        "price": "0.00",
        "billable_flag": true,
        "size": "L",
        "order_item_type": "B component",
        "remark": "",
        "total_quantity": 1,
        "free_quantity": 1,
        "component_group": "dessert"
    }
},
{
    "model": "order.order_item",
    "pk": 2672,
    "fields": {
        "order": 925,
        "price": "0.00",
        "billable_flag": true,
        "size": "L",
        "order_item_type": "B component",
        "remark": "",
        "total_quantity": 1,
        "free_quantity": 1,
        "component_group": "green_salad"
    }
},
{
    "model": "order.order_item",
    "pk": 2673,
    "fields": {
        "order": 925,
        "price": "1.00",
        "billable_flag": true,
        "size": "L",
        "order_item_type": "B component",
        "remark": "",
        "total_quantity": 1,
        "free_quantity": 0,
        "component_group": "pudding"
    }
},
{
    "model": "order.order_item",
    "pk": 2674,
    "fields": {
        "order": 926,
        "price": "8.00",
        "billable_flag": true,
        "size": "R",
        "order_item_type": "B component",
        "remark": "",
        "total_quantity": 1,
        "free_quantity": 0,
        "component_group": "main_dish"
    }
},
{
    "model": "order.order_item",
    "pk": 2675,
    "fields": {
        "order": 926,
        "price": "0.00",
        "billable_flag": true,
        "size": "R",
        "order_item_type": "B component",
        "remark": "",
        "total_quantity": 1,
        "free_quantity": 1,
        "component_group": "dessert"
    }
},
{
    "model": "order.order_item",
    "pk": 2676,
    "fields": {
        "order": 927,
        "price": "16.00",
        "billable_flag": true,
        "size": "R",
        "order_item_type": "B component",
        "remark": "",
        "total_quantity": 2,
        "free_quantity": 0,
        "component_group": "main_dish"
    }
},
{
    "model": "order.order_item",
    "pk": 2677,
    "fields": {
        "order": 927,
        "price": "0.00",
        "billable_flag": true,
        "size": "R",
        "order_item_type": "B component",
        "remark": "",
        "total_quantity": 2,
        "free_quantity": 2,
        "component_group": "green_salad"
    }
},
{
    "model": "order.order_item",
    "pk": 2678,
    "fields": {
        "order": 928,
        "price": "8.00",
        "billable_flag": true,
        "size": "L",
        "order_item_type": "B component",
        "remark": "",
        "total_quantity": 1,
        "free_quantity": 0,
        "component_group": "main_dish"
    }
},
{
    "model": "order.order_item",
    "pk": 2679,
    "fields": {
        "order": 928,
        "price": "0.00",
        "billable_flag": true,
        "size": "L",
        "order_item_type": "B component",
        "remark": "",
        "total_quantity": 1,
        "free_quantity": 1,
        "component_group": "compote"
    }
},
{
    "model": "order.order_item",
    "pk": 2680,
    "fields": {
        "order": 929,
        "price": "8.00",
        "billable_flag": true,
        "size": "L",
        "order_item_type": "B component",
        "remark": "",
        "total_quantity": 1,
        "free_quantity": 0,
        "component_group": "main_dish"
    }
},
{
    "model": "order.order_item",
    "pk": 2681,
    "fields": {
        "order": 929,
        "price": "0.00",
        "billable_flag": true,
        "size": "L",
        "order_item_type": "B component",
        "remark": "",
        "total_quantity": 1,
        "free_quantity": 1,
        "component_group": "compote"
    }
},
{
    "model": "order.order_item",
    "pk": 2682,
    "fields": {
        "order": 930,
        "price": "8.00",
        "billable_flag": true,
        "size": "R",
        "order_item_type": "B component",
        "remark": "",
        "total_quantity": 1,
        "free_quantity": 0,
        "component_group": "main_dish"
    }
},
{
    "model": "order.order_item",
    "pk": 2683,
    "fields": {
        "order": 930,
        "price": "0.00",
        "billable_flag": true,
        "size": "R",
        "order_item_type": "B component",
        "remark": "",
        "total_quantity": 1,
        "free_quantity": 1,
        "component_group": "compote"
    }
},
{
    "model": "order.order_item",
    "pk": 2684,
    "fields": {
        "order": 931,
        "price": "8.00",
        "billable_flag": true,
        "size": "R",
        "order_item_type": "B component",
        "remark": "",
        "total_quantity": 1,
        "free_quantity": 0,
        "component_group": "main_dish"
    }
},
{
    "model": "order.order_item",
    "pk": 2685,
    "fields": {
        "order": 931,
        "price": "0.00",
        "billable_flag": true,
        "size": "R",
        "order_item_type": "B component",
        "remark": "",
        "total_quantity": 1,
        "free_quantity": 1,
        "component_group": "compote"
    }
},
{
    "model": "auth.permission",
    "pk": 1,
    "fields": {
        "name": "Can add log entry",
        "content_type": 1,
        "codename": "add_logentry"
    }
},
{
    "model": "auth.permission",
    "pk": 2,
    "fields": {
        "name": "Can change log entry",
        "content_type": 1,
        "codename": "change_logentry"
    }
},
{
    "model": "auth.permission",
    "pk": 3,
    "fields": {
        "name": "Can delete log entry",
        "content_type": 1,
        "codename": "delete_logentry"
    }
},
{
    "model": "auth.permission",
    "pk": 4,
    "fields": {
        "name": "Can add permission",
        "content_type": 2,
        "codename": "add_permission"
    }
},
{
    "model": "auth.permission",
    "pk": 5,
    "fields": {
        "name": "Can change permission",
        "content_type": 2,
        "codename": "change_permission"
    }
},
{
    "model": "auth.permission",
    "pk": 6,
    "fields": {
        "name": "Can delete permission",
        "content_type": 2,
        "codename": "delete_permission"
    }
},
{
    "model": "auth.permission",
    "pk": 7,
    "fields": {
        "name": "Can add group",
        "content_type": 3,
        "codename": "add_group"
    }
},
{
    "model": "auth.permission",
    "pk": 8,
    "fields": {
        "name": "Can change group",
        "content_type": 3,
        "codename": "change_group"
    }
},
{
    "model": "auth.permission",
    "pk": 9,
    "fields": {
        "name": "Can delete group",
        "content_type": 3,
        "codename": "delete_group"
    }
},
{
    "model": "auth.permission",
    "pk": 10,
    "fields": {
        "name": "Can add user",
        "content_type": 4,
        "codename": "add_user"
    }
},
{
    "model": "auth.permission",
    "pk": 11,
    "fields": {
        "name": "Can change user",
        "content_type": 4,
        "codename": "change_user"
    }
},
{
    "model": "auth.permission",
    "pk": 12,
    "fields": {
        "name": "Can delete user",
        "content_type": 4,
        "codename": "delete_user"
    }
},
{
    "model": "auth.permission",
    "pk": 13,
    "fields": {
        "name": "Can add content type",
        "content_type": 5,
        "codename": "add_contenttype"
    }
},
{
    "model": "auth.permission",
    "pk": 14,
    "fields": {
        "name": "Can change content type",
        "content_type": 5,
        "codename": "change_contenttype"
    }
},
{
    "model": "auth.permission",
    "pk": 15,
    "fields": {
        "name": "Can delete content type",
        "content_type": 5,
        "codename": "delete_contenttype"
    }
},
{
    "model": "auth.permission",
    "pk": 16,
    "fields": {
        "name": "Can add session",
        "content_type": 6,
        "codename": "add_session"
    }
},
{
    "model": "auth.permission",
    "pk": 17,
    "fields": {
        "name": "Can change session",
        "content_type": 6,
        "codename": "change_session"
    }
},
{
    "model": "auth.permission",
    "pk": 18,
    "fields": {
        "name": "Can delete session",
        "content_type": 6,
        "codename": "delete_session"
    }
},
{
    "model": "auth.permission",
    "pk": 19,
    "fields": {
        "name": "Can add ingredient",
        "content_type": 7,
        "codename": "add_ingredient"
    }
},
{
    "model": "auth.permission",
    "pk": 20,
    "fields": {
        "name": "Can change ingredient",
        "content_type": 7,
        "codename": "change_ingredient"
    }
},
{
    "model": "auth.permission",
    "pk": 21,
    "fields": {
        "name": "Can delete ingredient",
        "content_type": 7,
        "codename": "delete_ingredient"
    }
},
{
    "model": "auth.permission",
    "pk": 22,
    "fields": {
        "name": "Can add component",
        "content_type": 8,
        "codename": "add_component"
    }
},
{
    "model": "auth.permission",
    "pk": 23,
    "fields": {
        "name": "Can change component",
        "content_type": 8,
        "codename": "change_component"
    }
},
{
    "model": "auth.permission",
    "pk": 24,
    "fields": {
        "name": "Can delete component",
        "content_type": 8,
        "codename": "delete_component"
    }
},
{
    "model": "auth.permission",
    "pk": 25,
    "fields": {
        "name": "Can add component_ingredient",
        "content_type": 9,
        "codename": "add_component_ingredient"
    }
},
{
    "model": "auth.permission",
    "pk": 26,
    "fields": {
        "name": "Can change component_ingredient",
        "content_type": 9,
        "codename": "change_component_ingredient"
    }
},
{
    "model": "auth.permission",
    "pk": 27,
    "fields": {
        "name": "Can delete component_ingredient",
        "content_type": 9,
        "codename": "delete_component_ingredient"
    }
},
{
    "model": "auth.permission",
    "pk": 28,
    "fields": {
        "name": "Can add restricted_item",
        "content_type": 10,
        "codename": "add_restricted_item"
    }
},
{
    "model": "auth.permission",
    "pk": 29,
    "fields": {
        "name": "Can change restricted_item",
        "content_type": 10,
        "codename": "change_restricted_item"
    }
},
{
    "model": "auth.permission",
    "pk": 30,
    "fields": {
        "name": "Can delete restricted_item",
        "content_type": 10,
        "codename": "delete_restricted_item"
    }
},
{
    "model": "auth.permission",
    "pk": 31,
    "fields": {
        "name": "Can add incompatibility",
        "content_type": 11,
        "codename": "add_incompatibility"
    }
},
{
    "model": "auth.permission",
    "pk": 32,
    "fields": {
        "name": "Can change incompatibility",
        "content_type": 11,
        "codename": "change_incompatibility"
    }
},
{
    "model": "auth.permission",
    "pk": 33,
    "fields": {
        "name": "Can delete incompatibility",
        "content_type": 11,
        "codename": "delete_incompatibility"
    }
},
{
    "model": "auth.permission",
    "pk": 34,
    "fields": {
        "name": "Can add menu",
        "content_type": 12,
        "codename": "add_menu"
    }
},
{
    "model": "auth.permission",
    "pk": 35,
    "fields": {
        "name": "Can change menu",
        "content_type": 12,
        "codename": "change_menu"
    }
},
{
    "model": "auth.permission",
    "pk": 36,
    "fields": {
        "name": "Can delete menu",
        "content_type": 12,
        "codename": "delete_menu"
    }
},
{
    "model": "auth.permission",
    "pk": 37,
    "fields": {
        "name": "Can add menu_component",
        "content_type": 13,
        "codename": "add_menu_component"
    }
},
{
    "model": "auth.permission",
    "pk": 38,
    "fields": {
        "name": "Can change menu_component",
        "content_type": 13,
        "codename": "change_menu_component"
    }
},
{
    "model": "auth.permission",
    "pk": 39,
    "fields": {
        "name": "Can delete menu_component",
        "content_type": 13,
        "codename": "delete_menu_component"
    }
},
{
    "model": "auth.permission",
    "pk": 40,
    "fields": {
        "name": "Can add member",
        "content_type": 14,
        "codename": "add_member"
    }
},
{
    "model": "auth.permission",
    "pk": 41,
    "fields": {
        "name": "Can change member",
        "content_type": 14,
        "codename": "change_member"
    }
},
{
    "model": "auth.permission",
    "pk": 42,
    "fields": {
        "name": "Can delete member",
        "content_type": 14,
        "codename": "delete_member"
    }
},
{
    "model": "auth.permission",
    "pk": 43,
    "fields": {
        "name": "Can add address",
        "content_type": 15,
        "codename": "add_address"
    }
},
{
    "model": "auth.permission",
    "pk": 44,
    "fields": {
        "name": "Can change address",
        "content_type": 15,
        "codename": "change_address"
    }
},
{
    "model": "auth.permission",
    "pk": 45,
    "fields": {
        "name": "Can delete address",
        "content_type": 15,
        "codename": "delete_address"
    }
},
{
    "model": "auth.permission",
    "pk": 46,
    "fields": {
        "name": "Can add contact",
        "content_type": 16,
        "codename": "add_contact"
    }
},
{
    "model": "auth.permission",
    "pk": 47,
    "fields": {
        "name": "Can change contact",
        "content_type": 16,
        "codename": "change_contact"
    }
},
{
    "model": "auth.permission",
    "pk": 48,
    "fields": {
        "name": "Can delete contact",
        "content_type": 16,
        "codename": "delete_contact"
    }
},
{
    "model": "auth.permission",
    "pk": 49,
    "fields": {
        "name": "Can add route",
        "content_type": 17,
        "codename": "add_route"
    }
},
{
    "model": "auth.permission",
    "pk": 50,
    "fields": {
        "name": "Can change route",
        "content_type": 17,
        "codename": "change_route"
    }
},
{
    "model": "auth.permission",
    "pk": 51,
    "fields": {
        "name": "Can delete route",
        "content_type": 17,
        "codename": "delete_route"
    }
},
{
    "model": "auth.permission",
    "pk": 52,
    "fields": {
        "name": "Can add client",
        "content_type": 18,
        "codename": "add_client"
    }
},
{
    "model": "auth.permission",
    "pk": 53,
    "fields": {
        "name": "Can change client",
        "content_type": 18,
        "codename": "change_client"
    }
},
{
    "model": "auth.permission",
    "pk": 54,
    "fields": {
        "name": "Can delete client",
        "content_type": 18,
        "codename": "delete_client"
    }
},
{
    "model": "auth.permission",
    "pk": 55,
    "fields": {
        "name": "Can add client scheduled status",
        "content_type": 19,
        "codename": "add_clientscheduledstatus"
    }
},
{
    "model": "auth.permission",
    "pk": 56,
    "fields": {
        "name": "Can change client scheduled status",
        "content_type": 19,
        "codename": "change_clientscheduledstatus"
    }
},
{
    "model": "auth.permission",
    "pk": 57,
    "fields": {
        "name": "Can delete client scheduled status",
        "content_type": 19,
        "codename": "delete_clientscheduledstatus"
    }
},
{
    "model": "auth.permission",
    "pk": 58,
    "fields": {
        "name": "Can add referencing",
        "content_type": 20,
        "codename": "add_referencing"
    }
},
{
    "model": "auth.permission",
    "pk": 59,
    "fields": {
        "name": "Can change referencing",
        "content_type": 20,
        "codename": "change_referencing"
    }
},
{
    "model": "auth.permission",
    "pk": 60,
    "fields": {
        "name": "Can delete referencing",
        "content_type": 20,
        "codename": "delete_referencing"
    }
},
{
    "model": "auth.permission",
    "pk": 61,
    "fields": {
        "name": "Can add option",
        "content_type": 21,
        "codename": "add_option"
    }
},
{
    "model": "auth.permission",
    "pk": 62,
    "fields": {
        "name": "Can change option",
        "content_type": 21,
        "codename": "change_option"
    }
},
{
    "model": "auth.permission",
    "pk": 63,
    "fields": {
        "name": "Can delete option",
        "content_type": 21,
        "codename": "delete_option"
    }
},
{
    "model": "auth.permission",
    "pk": 64,
    "fields": {
        "name": "Can add client_option",
        "content_type": 22,
        "codename": "add_client_option"
    }
},
{
    "model": "auth.permission",
    "pk": 65,
    "fields": {
        "name": "Can change client_option",
        "content_type": 22,
        "codename": "change_client_option"
    }
},
{
    "model": "auth.permission",
    "pk": 66,
    "fields": {
        "name": "Can delete client_option",
        "content_type": 22,
        "codename": "delete_client_option"
    }
},
{
    "model": "auth.permission",
    "pk": 67,
    "fields": {
        "name": "Can add restriction",
        "content_type": 23,
        "codename": "add_restriction"
    }
},
{
    "model": "auth.permission",
    "pk": 68,
    "fields": {
        "name": "Can change restriction",
        "content_type": 23,
        "codename": "change_restriction"
    }
},
{
    "model": "auth.permission",
    "pk": 69,
    "fields": {
        "name": "Can delete restriction",
        "content_type": 23,
        "codename": "delete_restriction"
    }
},
{
    "model": "auth.permission",
    "pk": 70,
    "fields": {
        "name": "Can add client_avoid_ingredient",
        "content_type": 24,
        "codename": "add_client_avoid_ingredient"
    }
},
{
    "model": "auth.permission",
    "pk": 71,
    "fields": {
        "name": "Can change client_avoid_ingredient",
        "content_type": 24,
        "codename": "change_client_avoid_ingredient"
    }
},
{
    "model": "auth.permission",
    "pk": 72,
    "fields": {
        "name": "Can delete client_avoid_ingredient",
        "content_type": 24,
        "codename": "delete_client_avoid_ingredient"
    }
},
{
    "model": "auth.permission",
    "pk": 73,
    "fields": {
        "name": "Can add client_avoid_component",
        "content_type": 25,
        "codename": "add_client_avoid_component"
    }
},
{
    "model": "auth.permission",
    "pk": 74,
    "fields": {
        "name": "Can change client_avoid_component",
        "content_type": 25,
        "codename": "change_client_avoid_component"
    }
},
{
    "model": "auth.permission",
    "pk": 75,
    "fields": {
        "name": "Can delete client_avoid_component",
        "content_type": 25,
        "codename": "delete_client_avoid_component"
    }
},
{
    "model": "auth.permission",
    "pk": 76,
    "fields": {
        "name": "Can add order",
        "content_type": 26,
        "codename": "add_order"
    }
},
{
    "model": "auth.permission",
    "pk": 77,
    "fields": {
        "name": "Can change order",
        "content_type": 26,
        "codename": "change_order"
    }
},
{
    "model": "auth.permission",
    "pk": 78,
    "fields": {
        "name": "Can delete order",
        "content_type": 26,
        "codename": "delete_order"
    }
},
{
    "model": "auth.permission",
    "pk": 79,
    "fields": {
        "name": "Can add order_item",
        "content_type": 27,
        "codename": "add_order_item"
    }
},
{
    "model": "auth.permission",
    "pk": 80,
    "fields": {
        "name": "Can change order_item",
        "content_type": 27,
        "codename": "change_order_item"
    }
},
{
    "model": "auth.permission",
    "pk": 81,
    "fields": {
        "name": "Can delete order_item",
        "content_type": 27,
        "codename": "delete_order_item"
    }
},
{
    "model": "auth.permission",
    "pk": 82,
    "fields": {
        "name": "Can add notification",
        "content_type": 28,
        "codename": "add_notification"
    }
},
{
    "model": "auth.permission",
    "pk": 83,
    "fields": {
        "name": "Can change notification",
        "content_type": 28,
        "codename": "change_notification"
    }
},
{
    "model": "auth.permission",
    "pk": 84,
    "fields": {
        "name": "Can delete notification",
        "content_type": 28,
        "codename": "delete_notification"
    }
},
{
    "model": "auth.permission",
    "pk": 85,
    "fields": {
        "name": "Can add delivery",
        "content_type": 29,
        "codename": "add_delivery"
    }
},
{
    "model": "auth.permission",
    "pk": 86,
    "fields": {
        "name": "Can change delivery",
        "content_type": 29,
        "codename": "change_delivery"
    }
},
{
    "model": "auth.permission",
    "pk": 87,
    "fields": {
        "name": "Can delete delivery",
        "content_type": 29,
        "codename": "delete_delivery"
    }
},
{
    "model": "auth.permission",
    "pk": 88,
    "fields": {
        "name": "Can add note",
        "content_type": 30,
        "codename": "add_note"
    }
},
{
    "model": "auth.permission",
    "pk": 89,
    "fields": {
        "name": "Can change note",
        "content_type": 30,
        "codename": "change_note"
    }
},
{
    "model": "auth.permission",
    "pk": 90,
    "fields": {
        "name": "Can delete note",
        "content_type": 30,
        "codename": "delete_note"
    }
},
{
    "model": "auth.permission",
    "pk": 91,
    "fields": {
        "name": "Can add order billing",
        "content_type": 31,
        "codename": "add_orderbilling"
    }
},
{
    "model": "auth.permission",
    "pk": 92,
    "fields": {
        "name": "Can change order billing",
        "content_type": 31,
        "codename": "change_orderbilling"
    }
},
{
    "model": "auth.permission",
    "pk": 93,
    "fields": {
        "name": "Can delete order billing",
        "content_type": 31,
        "codename": "delete_orderbilling"
    }
},
{
    "model": "auth.permission",
    "pk": 94,
    "fields": {
        "name": "Can add billing",
        "content_type": 32,
        "codename": "add_billing"
    }
},
{
    "model": "auth.permission",
    "pk": 95,
    "fields": {
        "name": "Can change billing",
        "content_type": 32,
        "codename": "change_billing"
    }
},
{
    "model": "auth.permission",
    "pk": 96,
    "fields": {
        "name": "Can delete billing",
        "content_type": 32,
        "codename": "delete_billing"
    }
},
{
    "model": "auth.permission",
    "pk": 97,
    "fields": {
        "name": "Can add billing summary",
        "content_type": 33,
        "codename": "add_billingsummary"
    }
},
{
    "model": "auth.permission",
    "pk": 98,
    "fields": {
        "name": "Can change billing summary",
        "content_type": 33,
        "codename": "change_billingsummary"
    }
},
{
    "model": "auth.permission",
    "pk": 99,
    "fields": {
        "name": "Can delete billing summary",
        "content_type": 33,
        "codename": "delete_billingsummary"
    }
},
{
    "model": "auth.user",
    "pk": 1,
    "fields": {
        "password": "pbkdf2_sha256$24000$nyIvW5Kz5EFp$l92bHsCWj5n3HDHaEkV1To7hXb51BIXDVUZ0dQE2418=",
        "last_login": "2016-08-30T01:01:51.919Z",
        "is_superuser": true,
        "username": "admin",
        "first_name": "",
        "last_name": "",
        "email": "florasol@hotmail.com",
        "is_staff": true,
        "is_active": true,
        "date_joined": "2016-08-30T00:24:35.994Z",
        "groups": [],
        "user_permissions": []
    }
},
{
    "model": "note.note",
    "pk": 1,
    "fields": {
        "note": "Update Mario Rossi status: from Pending to Active, on 2016-08-31",
        "author": null,
        "date": "2016-08-31T12:23:15.154Z",
        "is_read": false,
        "client": 870,
        "priority": "normal"
    }
},
{
    "model": "admin.logentry",
    "pk": 1,
    "fields": {
        "action_time": "2016-08-30T10:20:18.610Z",
        "user": 1,
        "content_type": 1,
        "object_id": "",
        "object_repr": "Generation of order for 2016-08-30 06:20",
        "action_flag": 1,
        "change_message": ""
    }
},
{
    "model": "admin.logentry",
    "pk": 2,
    "fields": {
        "action_time": "2016-08-31T00:55:31.653Z",
        "user": 1,
        "content_type": 27,
        "object_id": "2629",
        "object_repr": "<For delivery on:> 2016-08-30 <order_item_type:> B component <component_group:> main_dish",
        "action_flag": 2,
        "change_message": "Modification de remark."
    }
},
{
    "model": "admin.logentry",
    "pk": 3,
    "fields": {
        "action_time": "2016-08-31T00:58:11.683Z",
        "user": 1,
        "content_type": 18,
        "object_id": "609",
        "object_repr": "Paul Taylor",
        "action_flag": 2,
        "change_message": "Modification de meal_default_week et delivery_note."
    }
},
{
    "model": "admin.logentry",
    "pk": 4,
    "fields": {
        "action_time": "2016-08-31T10:20:41.073Z",
        "user": 1,
        "content_type": 1,
        "object_id": "",
        "object_repr": "Generation of order for 2016-08-31 06:20",
        "action_flag": 1,
        "change_message": ""
    }
},
{
    "model": "admin.logentry",
    "pk": 5,
    "fields": {
        "action_time": "2016-08-31T11:52:27.463Z",
        "user": 1,
        "content_type": 15,
        "object_id": "511",
        "object_repr": "Avenue Madison",
        "action_flag": 2,
        "change_message": "Modification de number, street, postal_code, longitude, latitude et distance."
    }
},
{
    "model": "admin.logentry",
    "pk": 6,
    "fields": {
        "action_time": "2016-08-31T12:06:15.467Z",
        "user": 1,
        "content_type": 1,
        "object_id": "",
        "object_repr": "Generation of order for 2016-08-31 08:06",
        "action_flag": 1,
        "change_message": ""
    }
},
{
    "model": "admin.logentry",
    "pk": 7,
    "fields": {
        "action_time": "2016-08-31T12:07:42.241Z",
        "user": 1,
        "content_type": 27,
        "object_id": "2652",
        "object_repr": "<For delivery on:> 2016-08-31 <order_item_type:> B component <component_group:> compote",
        "action_flag": 3,
        "change_message": ""
    }
},
{
    "model": "admin.logentry",
    "pk": 8,
    "fields": {
        "action_time": "2016-08-31T12:07:42.252Z",
        "user": 1,
        "content_type": 27,
        "object_id": "2651",
        "object_repr": "<For delivery on:> 2016-08-31 <order_item_type:> B component <component_group:> main_dish",
        "action_flag": 3,
        "change_message": ""
    }
},
{
    "model": "admin.logentry",
    "pk": 9,
    "fields": {
        "action_time": "2016-08-31T12:07:42.262Z",
        "user": 1,
        "content_type": 27,
        "object_id": "2650",
        "object_repr": "<For delivery on:> 2016-08-31 <order_item_type:> B component <component_group:> compote",
        "action_flag": 3,
        "change_message": ""
    }
},
{
    "model": "admin.logentry",
    "pk": 10,
    "fields": {
        "action_time": "2016-08-31T12:07:42.273Z",
        "user": 1,
        "content_type": 27,
        "object_id": "2649",
        "object_repr": "<For delivery on:> 2016-08-31 <order_item_type:> B component <component_group:> main_dish",
        "action_flag": 3,
        "change_message": ""
    }
},
{
    "model": "admin.logentry",
    "pk": 11,
    "fields": {
        "action_time": "2016-08-31T12:07:42.284Z",
        "user": 1,
        "content_type": 27,
        "object_id": "2648",
        "object_repr": "<For delivery on:> 2016-08-31 <order_item_type:> B component <component_group:> compote",
        "action_flag": 3,
        "change_message": ""
    }
},
{
    "model": "admin.logentry",
    "pk": 12,
    "fields": {
        "action_time": "2016-08-31T12:07:42.296Z",
        "user": 1,
        "content_type": 27,
        "object_id": "2647",
        "object_repr": "<For delivery on:> 2016-08-31 <order_item_type:> B component <component_group:> main_dish",
        "action_flag": 3,
        "change_message": ""
    }
},
{
    "model": "admin.logentry",
    "pk": 13,
    "fields": {
        "action_time": "2016-08-31T12:07:42.307Z",
        "user": 1,
        "content_type": 27,
        "object_id": "2646",
        "object_repr": "<For delivery on:> 2016-08-31 <order_item_type:> B component <component_group:> compote",
        "action_flag": 3,
        "change_message": ""
    }
},
{
    "model": "admin.logentry",
    "pk": 14,
    "fields": {
        "action_time": "2016-08-31T12:07:42.318Z",
        "user": 1,
        "content_type": 27,
        "object_id": "2645",
        "object_repr": "<For delivery on:> 2016-08-31 <order_item_type:> B component <component_group:> main_dish",
        "action_flag": 3,
        "change_message": ""
    }
},
{
    "model": "admin.logentry",
    "pk": 15,
    "fields": {
        "action_time": "2016-08-31T12:07:42.330Z",
        "user": 1,
        "content_type": 27,
        "object_id": "2644",
        "object_repr": "<For delivery on:> 2016-08-31 <order_item_type:> B component <component_group:> green_salad",
        "action_flag": 3,
        "change_message": ""
    }
},
{
    "model": "admin.logentry",
    "pk": 16,
    "fields": {
        "action_time": "2016-08-31T12:07:42.341Z",
        "user": 1,
        "content_type": 27,
        "object_id": "2643",
        "object_repr": "<For delivery on:> 2016-08-31 <order_item_type:> B component <component_group:> main_dish",
        "action_flag": 3,
        "change_message": ""
    }
},
{
    "model": "admin.logentry",
    "pk": 17,
    "fields": {
        "action_time": "2016-08-31T12:07:42.353Z",
        "user": 1,
        "content_type": 27,
        "object_id": "2642",
        "object_repr": "<For delivery on:> 2016-08-31 <order_item_type:> B component <component_group:> dessert",
        "action_flag": 3,
        "change_message": ""
    }
},
{
    "model": "admin.logentry",
    "pk": 18,
    "fields": {
        "action_time": "2016-08-31T12:07:42.365Z",
        "user": 1,
        "content_type": 27,
        "object_id": "2641",
        "object_repr": "<For delivery on:> 2016-08-31 <order_item_type:> B component <component_group:> main_dish",
        "action_flag": 3,
        "change_message": ""
    }
},
{
    "model": "admin.logentry",
    "pk": 19,
    "fields": {
        "action_time": "2016-08-31T12:07:42.378Z",
        "user": 1,
        "content_type": 27,
        "object_id": "2640",
        "object_repr": "<For delivery on:> 2016-08-31 <order_item_type:> B component <component_group:> pudding",
        "action_flag": 3,
        "change_message": ""
    }
},
{
    "model": "admin.logentry",
    "pk": 20,
    "fields": {
        "action_time": "2016-08-31T12:07:42.389Z",
        "user": 1,
        "content_type": 27,
        "object_id": "2639",
        "object_repr": "<For delivery on:> 2016-08-31 <order_item_type:> B component <component_group:> green_salad",
        "action_flag": 3,
        "change_message": ""
    }
},
{
    "model": "admin.logentry",
    "pk": 21,
    "fields": {
        "action_time": "2016-08-31T12:07:42.403Z",
        "user": 1,
        "content_type": 27,
        "object_id": "2638",
        "object_repr": "<For delivery on:> 2016-08-31 <order_item_type:> B component <component_group:> dessert",
        "action_flag": 3,
        "change_message": ""
    }
},
{
    "model": "admin.logentry",
    "pk": 22,
    "fields": {
        "action_time": "2016-08-31T12:07:42.415Z",
        "user": 1,
        "content_type": 27,
        "object_id": "2637",
        "object_repr": "<For delivery on:> 2016-08-31 <order_item_type:> B component <component_group:> main_dish",
        "action_flag": 3,
        "change_message": ""
    }
},
{
    "model": "admin.logentry",
    "pk": 23,
    "fields": {
        "action_time": "2016-08-31T12:07:58.948Z",
        "user": 1,
        "content_type": 26,
        "object_id": "916",
        "object_repr": "client=Roger Blondin, delivery_date=2016-08-31",
        "action_flag": 3,
        "change_message": ""
    }
},
{
    "model": "admin.logentry",
    "pk": 24,
    "fields": {
        "action_time": "2016-08-31T12:07:58.958Z",
        "user": 1,
        "content_type": 26,
        "object_id": "915",
        "object_repr": "client=Kevin Tracy, delivery_date=2016-08-31",
        "action_flag": 3,
        "change_message": ""
    }
},
{
    "model": "admin.logentry",
    "pk": 25,
    "fields": {
        "action_time": "2016-08-31T12:07:58.969Z",
        "user": 1,
        "content_type": 26,
        "object_id": "914",
        "object_repr": "client=Bob Brown, delivery_date=2016-08-31",
        "action_flag": 3,
        "change_message": ""
    }
},
{
    "model": "admin.logentry",
    "pk": 26,
    "fields": {
        "action_time": "2016-08-31T12:07:58.978Z",
        "user": 1,
        "content_type": 26,
        "object_id": "913",
        "object_repr": "client=Paul Taylor, delivery_date=2016-08-31",
        "action_flag": 3,
        "change_message": ""
    }
},
{
    "model": "admin.logentry",
    "pk": 27,
    "fields": {
        "action_time": "2016-08-31T12:07:58.989Z",
        "user": 1,
        "content_type": 26,
        "object_id": "912",
        "object_repr": "client=Louise Dallaire, delivery_date=2016-08-31",
        "action_flag": 3,
        "change_message": ""
    }
},
{
    "model": "admin.logentry",
    "pk": 28,
    "fields": {
        "action_time": "2016-08-31T12:07:59.001Z",
        "user": 1,
        "content_type": 26,
        "object_id": "911",
        "object_repr": "client=Peter Murray, delivery_date=2016-08-31",
        "action_flag": 3,
        "change_message": ""
    }
},
{
    "model": "admin.logentry",
    "pk": 29,
    "fields": {
        "action_time": "2016-08-31T12:07:59.011Z",
        "user": 1,
        "content_type": 26,
        "object_id": "910",
        "object_repr": "client=John Doe, delivery_date=2016-08-31",
        "action_flag": 3,
        "change_message": ""
    }
},
{
    "model": "admin.logentry",
    "pk": 30,
    "fields": {
        "action_time": "2016-08-31T12:08:03.619Z",
        "user": 1,
        "content_type": 1,
        "object_id": "",
        "object_repr": "Generation of order for 2016-08-31 08:08",
        "action_flag": 1,
        "change_message": ""
    }
},
{
    "model": "admin.logentry",
    "pk": 31,
    "fields": {
        "action_time": "2016-08-31T12:11:13.069Z",
        "user": 1,
        "content_type": 1,
        "object_id": "",
        "object_repr": "Generation of order for 2016-08-31 08:11",
        "action_flag": 1,
        "change_message": ""
    }
},
{
    "model": "admin.logentry",
    "pk": 32,
    "fields": {
        "action_time": "2016-08-31T12:20:42.730Z",
        "user": 1,
        "content_type": 1,
        "object_id": "",
        "object_repr": "Generation of order for 2016-08-31 08:20",
        "action_flag": 1,
        "change_message": ""
    }
},
{
    "model": "admin.logentry",
    "pk": 33,
    "fields": {
        "action_time": "2016-08-31T12:22:19.697Z",
        "user": 1,
        "content_type": 1,
        "object_id": "",
        "object_repr": "Generation of order for 2016-08-31 08:22",
        "action_flag": 1,
        "change_message": ""
    }
},
{
    "model": "admin.logentry",
    "pk": 34,
    "fields": {
        "action_time": "2016-08-31T12:23:20.834Z",
        "user": 1,
        "content_type": 1,
        "object_id": "",
        "object_repr": "Generation of order for 2016-08-31 08:23",
        "action_flag": 1,
        "change_message": ""
    }
},
{
    "model": "admin.logentry",
    "pk": 35,
    "fields": {
        "action_time": "2016-08-31T12:25:53.821Z",
        "user": 1,
        "content_type": 15,
        "object_id": "512",
        "object_repr": "4194 Avenue Kensington",
        "action_flag": 2,
        "change_message": "Modification de number."
    }
},
{
    "model": "admin.logentry",
    "pk": 36,
    "fields": {
        "action_time": "2016-08-31T12:26:02.626Z",
        "user": 1,
        "content_type": 15,
        "object_id": "511",
        "object_repr": "4218 Avenue Madison",
        "action_flag": 2,
        "change_message": "Modification de street."
    }
},
{
    "model": "admin.logentry",
    "pk": 37,
    "fields": {
        "action_time": "2016-08-31T12:30:40.107Z",
        "user": 1,
        "content_type": 15,
        "object_id": "511",
        "object_repr": "4218 Avenue Madison",
        "action_flag": 2,
        "change_message": "Modification de longitude et latitude."
    }
},
{
    "model": "admin.logentry",
    "pk": 38,
    "fields": {
        "action_time": "2016-09-01T00:03:07.076Z",
        "user": 1,
        "content_type": 17,
        "object_id": "4",
        "object_repr": "ndg",
        "action_flag": 2,
        "change_message": "Modification de client_id_sequence."
    }
},
{
    "model": "admin.logentry",
    "pk": 39,
    "fields": {
        "action_time": "2016-09-01T00:04:15.506Z",
        "user": 1,
        "content_type": 17,
        "object_id": "4",
        "object_repr": "ndg",
        "action_flag": 2,
        "change_message": "Modification de client_id_sequence."
    }
},
{
    "model": "admin.logentry",
    "pk": 40,
    "fields": {
        "action_time": "2016-09-01T00:07:34.205Z",
        "user": 1,
        "content_type": 17,
        "object_id": "4",
        "object_repr": "ndg",
        "action_flag": 2,
        "change_message": "Modification de client_id_sequence."
    }
},
{
    "model": "admin.logentry",
    "pk": 41,
    "fields": {
        "action_time": "2016-09-01T00:09:26.398Z",
        "user": 1,
        "content_type": 17,
        "object_id": "4",
        "object_repr": "ndg",
        "action_flag": 2,
        "change_message": "Modification de client_id_sequence."
    }
},
{
    "model": "admin.logentry",
    "pk": 42,
    "fields": {
        "action_time": "2016-09-01T10:13:57.030Z",
        "user": 1,
        "content_type": 1,
        "object_id": "",
        "object_repr": "Generation of order for 2016-09-01 06:13",
        "action_flag": 1,
        "change_message": ""
    }
}
]
